unit_id,station_id,zone,is_sensored,entry_time_s,exit_time_s,cycle_time_s,takt_time_s,torque_reading,true_cycle_time_s,pass_fail,defect_flag,defect_cause
VEH-0001,1,Body,FALSE,0,44.97,,45,,44.97,,0,
VEH-0001,2,Body,FALSE,44.97,109.37,,68,,64.4,,0,
VEH-0001,3,Body,FALSE,109.37,171.1,,59.3,,61.73,,0,
VEH-0001,4,Body,TRUE,171.1,221.7,50.6,53.9,,50.6,,0,
VEH-0001,5,Body,TRUE,221.7,258.28,36.58,36.2,,36.58,PASS,0,
VEH-0001,6,Body,FALSE,258.28,290.93,,36.2,,32.65,,0,
VEH-0001,7,Body,FALSE,290.93,321.09,,32.3,,30.16,,0,
VEH-0001,8,Body,FALSE,321.09,386.33,,64.6,,65.24,,0,
VEH-0001,9,Body,FALSE,386.33,442.32,,54,,55.99,PASS,0,
VEH-0001,10,Body,TRUE,442.32,501.12,58.8,58.3,,58.8,,0,
VEH-0001,11,Body,TRUE,501.12,531.74,30.62,30.8,,30.62,PASS,0,
VEH-0001,12,Body,TRUE,531.74,599.5,67.76,68.8,,67.76,,0,
VEH-0001,13,Body,TRUE,599.5,658.11,58.61,63.3,43.92,58.61,PASS,0,
VEH-0001,14,Body,TRUE,658.11,695.72,37.61,38.5,46.59,37.61,,0,
VEH-0001,15,Body,FALSE,695.72,733.66,,37.3,,37.94,PASS,0,
VEH-0001,16,Paint,FALSE,733.66,767.68,,37.3,,34.02,,0,
VEH-0001,17,Paint,TRUE,767.68,810.56,42.88,42.2,,42.88,,0,
VEH-0001,18,Paint,FALSE,810.56,860.58,,51,,50.02,,0,
VEH-0001,19,Paint,TRUE,860.58,906.28,45.7,47.3,45.92,45.7,,0,
VEH-0001,20,Paint,TRUE,906.28,950.02,43.74,41.6,,43.74,,0,
VEH-0001,21,Paint,TRUE,950.02,1007.06,57.04,54.5,,57.04,,0,
VEH-0001,22,Paint,TRUE,1007.06,1041.17,34.11,35.6,,34.11,PASS,0,
VEH-0001,23,Final Assembly,TRUE,1041.17,1082.22,41.05,41.7,,41.05,,0,
VEH-0001,24,Final Assembly,TRUE,1082.22,1127.66,45.44,44.7,,45.44,,0,
VEH-0001,25,Final Assembly,TRUE,1127.66,1178.21,50.55,48.2,,50.55,,0,
VEH-0001,26,Final Assembly,TRUE,1178.21,1238.14,59.93,61.4,,59.93,PASS,0,
VEH-0001,27,Final Assembly,TRUE,1238.14,1275.79,37.65,38,43.34,37.65,,0,
VEH-0001,28,Final Assembly,FALSE,1275.79,1323.36,,50.6,,47.57,,0,
VEH-0001,29,Final Assembly,TRUE,1323.36,1379.25,55.89,53.7,47.03,55.89,,0,
VEH-0001,30,Final Assembly,TRUE,1379.25,1411.04,31.79,31.9,,31.79,,0,
VEH-0001,31,Final Assembly,TRUE,1411.04,1468.06,57.02,54.3,,57.02,,0,
VEH-0001,32,Final Assembly,TRUE,1468.06,1505.53,37.47,36.8,,37.47,PASS,0,
VEH-0001,33,Final Assembly,TRUE,1505.53,1537.08,31.55,32.6,45.54,31.55,,0,
VEH-0001,34,Final Assembly,TRUE,1537.08,1610.31,73.23,68,,73.23,,0,
VEH-0001,35,Final Assembly,TRUE,1610.31,1678.79,68.48,68.6,,68.48,,0,
VEH-0001,36,Final Assembly,TRUE,1678.79,1745.97,67.18,62.3,41.07,67.18,,0,
VEH-0001,37,Final Assembly,TRUE,1745.97,1789.9,43.93,42.2,,43.93,,0,
VEH-0001,38,Final Assembly,TRUE,1789.9,1823.95,34.05,33.9,,34.05,,0,
VEH-0001,39,Final Assembly,FALSE,1823.95,1880.49,,57.4,,56.54,,0,
VEH-0001,40,Final Assembly,TRUE,1880.49,1928.31,47.82,47.6,,47.82,,0,
VEH-0002,1,Body,FALSE,0,40.53,,45,,40.53,,0,
VEH-0002,2,Body,FALSE,40.53,113.19,,68,,72.66,,0,
VEH-0002,3,Body,FALSE,113.19,173.01,,59.3,,59.82,,0,
VEH-0002,4,Body,TRUE,173.01,226.07,53.06,53.9,,53.06,,0,
VEH-0002,6,Body,FALSE,263.49,299.23,,36.2,,35.74,,0,
VEH-0002,7,Body,FALSE,299.23,330.94,,32.3,,31.71,,0,
VEH-0002,8,Body,FALSE,330.94,399.65,,64.6,,68.71,,0,
VEH-0002,9,Body,FALSE,399.65,452.86,,54,,53.21,PASS,0,
VEH-0002,10,Body,TRUE,452.86,503.41,50.55,58.3,,50.55,,0,
VEH-0002,11,Body,TRUE,503.41,534.74,31.33,30.8,,31.33,PASS,0,
VEH-0002,12,Body,TRUE,534.74,602.18,67.44,68.8,,67.44,,0,
VEH-0002,13,Body,TRUE,602.18,664.56,62.38,63.3,45.68,62.38,PASS,0,
VEH-0002,14,Body,TRUE,664.56,702.74,38.18,38.5,45.32,38.18,,0,
VEH-0002,15,Body,FALSE,702.74,736.28,,37.3,,33.54,PASS,0,
VEH-0002,16,Paint,FALSE,736.28,771.83,,37.3,,35.55,,0,
VEH-0002,17,Paint,TRUE,771.83,816.99,45.16,42.2,,45.16,,0,
VEH-0002,18,Paint,FALSE,816.99,867.94,,51,,50.95,,0,
VEH-0002,19,Paint,TRUE,867.94,911.29,43.35,47.3,43.39,43.35,,0,
VEH-0002,20,Paint,TRUE,911.29,950.83,39.54,41.6,,39.54,,0,
VEH-0002,21,Paint,TRUE,950.83,1005.61,54.78,54.5,,54.78,,0,
VEH-0002,22,Paint,TRUE,1005.61,1040.44,34.83,35.6,,34.83,PASS,0,
VEH-0002,23,Final Assembly,TRUE,1040.44,1080.76,40.32,41.7,,40.32,,0,
VEH-0002,24,Final Assembly,TRUE,1080.76,1125.47,44.71,44.7,,44.71,,0,
VEH-0002,25,Final Assembly,TRUE,1125.47,1174.82,49.35,48.2,,49.35,,0,
VEH-0002,26,Final Assembly,TRUE,1174.82,1235.42,60.6,61.4,,60.6,PASS,0,
VEH-0002,27,Final Assembly,TRUE,1235.42,1272.33,36.91,38,44.37,36.91,,0,
VEH-0002,28,Final Assembly,FALSE,1272.33,1323.79,,50.6,,51.46,,0,
VEH-0002,29,Final Assembly,TRUE,1323.79,1377.47,53.68,53.7,46.15,53.68,,0,
VEH-0002,30,Final Assembly,TRUE,1377.47,1407.54,30.07,31.9,,30.07,,0,
VEH-0002,31,Final Assembly,TRUE,1407.54,1459.74,52.2,54.3,,52.2,,0,
VEH-0002,32,Final Assembly,TRUE,1459.74,1497.96,38.22,36.8,,38.22,PASS,0,
VEH-0002,33,Final Assembly,TRUE,1497.96,1529.25,31.29,32.6,47.08,31.29,,0,
VEH-0002,34,Final Assembly,TRUE,1529.25,1602.03,72.78,68,,72.78,,0,
VEH-0002,35,Final Assembly,TRUE,1602.03,1675.41,73.38,68.6,,73.38,,0,
VEH-0002,36,Final Assembly,TRUE,1675.41,1734.96,59.55,62.3,45.12,59.55,,0,
VEH-0002,37,Final Assembly,TRUE,1734.96,1776.12,41.16,42.2,,41.16,,0,
VEH-0002,38,Final Assembly,TRUE,1776.12,1811.59,35.47,33.9,,35.47,,0,
VEH-0002,39,Final Assembly,FALSE,1811.59,1873.89,,57.4,,62.3,,0,
VEH-0002,40,Final Assembly,TRUE,1873.89,1923.57,49.68,47.6,,49.68,,0,
VEH-0003,1,Body,FALSE,0,45.51,,45,,45.51,,0,
VEH-0003,2,Body,FALSE,45.51,117.95,,68,,72.44,,0,
VEH-0003,3,Body,FALSE,117.95,172.49,,59.3,,54.54,,0,
VEH-0003,4,Body,TRUE,172.49,226.89,54.4,53.9,,54.4,,0,
VEH-0003,5,Body,TRUE,226.89,263.56,36.67,36.2,,36.67,PASS,0,
VEH-0003,6,Body,FALSE,263.56,301.18,,36.2,,37.62,,0,
VEH-0003,7,Body,FALSE,301.18,331.49,,32.3,,30.31,,0,
VEH-0003,8,Body,FALSE,331.49,391.82,,64.6,,60.33,,0,
VEH-0003,9,Body,FALSE,391.82,447.23,,54,,55.41,PASS,0,
VEH-0003,10,Body,TRUE,447.23,506.4,59.17,58.3,,59.17,,0,
VEH-0003,11,Body,TRUE,506.4,537.59,31.19,30.8,,31.19,PASS,0,
VEH-0003,12,Body,TRUE,537.59,607.58,69.99,68.8,,69.99,,0,
VEH-0003,13,Body,TRUE,607.58,668.72,61.14,63.3,45.35,61.14,PASS,0,
VEH-0003,14,Body,TRUE,668.72,707.79,39.07,38.5,43.93,39.07,,0,
VEH-0003,15,Body,FALSE,707.79,748.56,,37.3,,40.77,PASS,0,
VEH-0003,16,Paint,FALSE,748.56,786.74,,37.3,,38.18,,0,
VEH-0003,17,Paint,TRUE,786.74,826.43,39.69,42.2,,39.69,,0,
VEH-0003,18,Paint,FALSE,826.43,879.1,,51,,52.67,,0,
VEH-0003,19,Paint,TRUE,879.1,924.1,45,47.3,46.18,45,,0,
VEH-0003,20,Paint,TRUE,924.1,968.11,44.01,41.6,,44.01,,0,
VEH-0003,21,Paint,TRUE,968.11,1020.37,52.26,54.5,,52.26,,0,
VEH-0003,22,Paint,TRUE,1020.37,1057.68,37.31,35.6,,37.31,PASS,0,
VEH-0003,23,Final Assembly,TRUE,1057.68,1100.24,42.56,41.7,,42.56,,0,
VEH-0003,24,Final Assembly,TRUE,1100.24,1146.78,46.54,44.7,,46.54,,0,
VEH-0003,25,Final Assembly,TRUE,1146.78,1199.55,52.77,48.2,,52.77,,0,
VEH-0003,26,Final Assembly,TRUE,1199.55,1260.2,60.65,61.4,,60.65,PASS,0,
VEH-0003,27,Final Assembly,TRUE,1260.2,1296.77,36.57,38,43.67,36.57,,0,
VEH-0003,28,Final Assembly,FALSE,1296.77,1345.31,,50.6,,48.54,,0,
VEH-0003,29,Final Assembly,TRUE,1345.31,1398.8,53.49,53.7,45.51,53.49,,0,
VEH-0003,30,Final Assembly,TRUE,1398.8,1431.14,32.34,31.9,,32.34,,0,
VEH-0003,31,Final Assembly,TRUE,1431.14,1487.68,56.54,54.3,,56.54,,0,
VEH-0003,32,Final Assembly,TRUE,1487.68,1524.5,36.82,36.8,,36.82,PASS,0,
VEH-0003,33,Final Assembly,TRUE,1524.5,1559.47,34.97,32.6,44.6,34.97,,0,
VEH-0003,34,Final Assembly,TRUE,1559.47,1636.72,77.25,68,,77.25,,0,
VEH-0003,35,Final Assembly,TRUE,1636.72,1707.47,70.75,68.6,,70.75,,0,
VEH-0003,36,Final Assembly,TRUE,1707.47,1767.1,59.63,62.3,43.39,59.63,,0,
VEH-0003,37,Final Assembly,TRUE,1767.1,1810.32,43.22,42.2,,43.22,,0,
VEH-0003,38,Final Assembly,TRUE,1810.32,1843.84,33.52,33.9,,33.52,,0,
VEH-0003,39,Final Assembly,FALSE,1843.84,1903.29,,57.4,,59.45,,0,
VEH-0003,40,Final Assembly,TRUE,1903.29,1952.02,48.73,47.6,,48.73,,0,
VEH-0004,1,Body,FALSE,0,44.84,,45,,44.84,,0,
VEH-0004,2,Body,FALSE,44.84,116.44,,68,,71.6,,0,
VEH-0004,3,Body,FALSE,116.44,175.89,,59.3,,59.45,,0,
VEH-0004,4,Body,TRUE,175.89,232.15,56.26,53.9,,56.26,,0,
VEH-0004,5,Body,TRUE,232.15,270.28,38.13,36.2,,38.13,PASS,0,
VEH-0004,6,Body,FALSE,270.28,304.74,,36.2,,34.46,,0,
VEH-0004,7,Body,FALSE,304.74,339.27,,32.3,,34.53,,0,
VEH-0004,8,Body,FALSE,339.27,406.79,,64.6,,67.52,,0,
VEH-0004,9,Body,FALSE,406.79,459.16,,54,,52.37,PASS,0,
VEH-0004,10,Body,TRUE,459.16,518.35,59.19,58.3,,59.19,,0,
VEH-0004,11,Body,TRUE,518.35,549.55,31.2,30.8,,31.2,PASS,0,
VEH-0004,12,Body,TRUE,549.55,618.43,68.88,68.8,,68.88,,0,
VEH-0004,13,Body,TRUE,618.43,684.49,66.06,63.3,47.16,66.06,PASS,0,
VEH-0004,14,Body,TRUE,684.49,723,38.51,38.5,47,38.51,,0,
VEH-0004,15,Body,FALSE,723,762.14,,37.3,,39.14,PASS,0,
VEH-0004,16,Paint,FALSE,762.14,799.87,,37.3,,37.73,,0,
VEH-0004,17,Paint,TRUE,799.87,842.44,42.57,42.2,,42.57,,0,
VEH-0004,18,Paint,FALSE,842.44,890.5,,51,,48.06,,0,
VEH-0004,19,Paint,TRUE,890.5,934.26,43.76,47.3,45.25,43.76,,0,
VEH-0004,20,Paint,TRUE,934.26,974.08,39.82,41.6,,39.82,,0,
VEH-0004,21,Paint,TRUE,974.08,1028.47,54.39,54.5,,54.39,,0,
VEH-0004,22,Paint,TRUE,1028.47,1063.12,34.65,35.6,,34.65,PASS,0,
VEH-0004,23,Final Assembly,TRUE,1063.12,1101.08,37.96,41.7,,37.96,,0,
VEH-0004,24,Final Assembly,TRUE,1101.08,1146.58,45.5,44.7,,45.5,,0,
VEH-0004,25,Final Assembly,TRUE,1146.58,1193.78,47.2,48.2,,47.2,,0,
VEH-0004,26,Final Assembly,TRUE,1193.78,1255.43,61.65,61.4,,61.65,PASS,0,
VEH-0004,27,Final Assembly,TRUE,1255.43,1291.73,36.3,38,44.5,36.3,,0,
VEH-0004,28,Final Assembly,FALSE,1291.73,1346.28,,50.6,,54.55,,0,
VEH-0004,29,Final Assembly,TRUE,1346.28,1400.33,54.05,53.7,45.82,54.05,,0,
VEH-0004,30,Final Assembly,TRUE,1400.33,1430.21,29.88,31.9,,29.88,,0,
VEH-0004,31,Final Assembly,TRUE,1430.21,1490.98,60.77,54.3,,60.77,,0,
VEH-0004,32,Final Assembly,TRUE,1490.98,1531.17,40.19,36.8,,40.19,PASS,0,
VEH-0004,33,Final Assembly,TRUE,1531.17,1565.99,34.82,32.6,46.24,34.82,,0,
VEH-0004,34,Final Assembly,TRUE,1565.99,1634.04,68.05,68,,68.05,,0,
VEH-0004,35,Final Assembly,TRUE,1634.04,1704.16,70.12,68.6,,70.12,,0,
VEH-0004,36,Final Assembly,TRUE,1704.16,1769.73,65.57,62.3,44.06,65.57,,0,
VEH-0004,37,Final Assembly,TRUE,1769.73,1810.99,41.26,42.2,,41.26,,0,
VEH-0004,38,Final Assembly,TRUE,1810.99,1842.05,31.06,33.9,,31.06,,0,
VEH-0004,39,Final Assembly,FALSE,1842.05,1897.23,,57.4,,55.18,,0,
VEH-0004,40,Final Assembly,TRUE,1897.23,1948.78,51.55,47.6,,51.55,,0,
VEH-0005,1,Body,FALSE,0,46,,45,,46,,0,
VEH-0005,2,Body,FALSE,46,116.63,,68,,70.63,,0,
VEH-0005,3,Body,FALSE,116.63,173.19,,59.3,,56.56,,0,
VEH-0005,4,Body,TRUE,173.19,226.93,53.74,53.9,,53.74,,0,
VEH-0005,5,Body,TRUE,226.93,257.26,30.33,36.2,,30.33,PASS,0,
VEH-0005,6,Body,FALSE,257.26,291.61,,36.2,,34.35,,0,
VEH-0005,7,Body,FALSE,291.61,323.5,,32.3,,31.89,,0,
VEH-0005,8,Body,FALSE,323.5,384.07,,64.6,,60.57,,0,
VEH-0005,9,Body,FALSE,384.07,442.48,,54,,58.41,PASS,0,
VEH-0005,10,Body,TRUE,442.48,496.6,54.12,58.3,,54.12,,0,
VEH-0005,11,Body,TRUE,496.6,526.72,30.12,30.8,,30.12,PASS,0,
VEH-0005,12,Body,TRUE,526.72,595.97,69.25,68.8,,69.25,,0,
VEH-0005,13,Body,TRUE,595.97,663.84,67.87,63.3,42.85,67.87,PASS,0,
VEH-0005,14,Body,TRUE,663.84,704.58,40.74,38.5,45.02,40.74,,0,
VEH-0005,15,Body,FALSE,704.58,740.05,,37.3,,35.47,PASS,0,
VEH-0005,16,Paint,FALSE,740.05,778.21,,37.3,,38.16,,0,
VEH-0005,17,Paint,TRUE,778.21,820.83,42.62,42.2,,42.62,,0,
VEH-0005,18,Paint,FALSE,820.83,870.3,,51,,49.47,,0,
VEH-0005,19,Paint,TRUE,870.3,917.76,47.46,47.3,44.42,47.46,,0,
VEH-0005,20,Paint,TRUE,917.76,959.6,41.84,41.6,,41.84,,0,
VEH-0005,21,Paint,TRUE,959.6,1015.91,56.31,54.5,,56.31,,0,
VEH-0005,22,Paint,TRUE,1015.91,1054.33,38.42,35.6,,38.42,PASS,0,
VEH-0005,23,Final Assembly,TRUE,1054.33,1093.44,39.11,41.7,,39.11,,0,
VEH-0005,24,Final Assembly,TRUE,1093.44,1142.92,49.48,44.7,,49.48,,0,
VEH-0005,25,Final Assembly,TRUE,1142.92,1186.42,43.5,48.2,,43.5,,0,
VEH-0005,26,Final Assembly,TRUE,1186.42,1247.35,60.93,61.4,,60.93,PASS,0,
VEH-0005,27,Final Assembly,TRUE,1247.35,1286.47,39.12,38,45.42,39.12,,0,
VEH-0005,28,Final Assembly,FALSE,1286.47,1335.49,,50.6,,49.02,,0,
VEH-0005,29,Final Assembly,TRUE,1335.49,1388.63,53.14,53.7,44.26,53.14,,0,
VEH-0005,30,Final Assembly,TRUE,1388.63,1419.59,30.96,31.9,,30.96,,0,
VEH-0005,31,Final Assembly,TRUE,1419.59,1476.19,56.6,54.3,,56.6,,0,
VEH-0005,32,Final Assembly,TRUE,1476.19,1513.65,37.46,36.8,,37.46,PASS,0,
VEH-0005,33,Final Assembly,TRUE,1513.65,1545.12,31.47,32.6,46.35,31.47,,0,
VEH-0005,34,Final Assembly,TRUE,1545.12,1614.16,69.04,68,,69.04,,0,
VEH-0005,35,Final Assembly,TRUE,1614.16,1685.55,71.39,68.6,,71.39,,0,
VEH-0005,36,Final Assembly,TRUE,1685.55,1749.81,64.26,62.3,43.76,64.26,,0,
VEH-0005,37,Final Assembly,TRUE,1749.81,1790.83,41.02,42.2,,41.02,,0,
VEH-0005,38,Final Assembly,TRUE,1790.83,1826,35.17,33.9,,35.17,,0,
VEH-0005,39,Final Assembly,FALSE,1826,1885.15,,57.4,,59.15,,0,
VEH-0005,40,Final Assembly,TRUE,1885.15,1932.7,47.55,47.6,,47.55,,0,
VEH-0006,1,Body,FALSE,0,45.26,,45,,45.26,,0,
VEH-0006,2,Body,FALSE,45.26,112.34,,68,,67.08,,0,
VEH-0006,3,Body,FALSE,112.34,169.83,,59.3,,57.49,,0,
VEH-0006,4,Body,TRUE,169.83,228.89,59.06,53.9,,59.06,,0,
VEH-0006,5,Body,TRUE,228.89,267.02,38.13,36.2,,38.13,PASS,0,
VEH-0006,6,Body,FALSE,267.02,299.98,,36.2,,32.96,,0,
VEH-0006,7,Body,FALSE,299.98,331.56,,32.3,,31.58,,0,
VEH-0006,8,Body,FALSE,331.56,400.05,,64.6,,68.49,,0,
VEH-0006,9,Body,FALSE,400.05,450.82,,54,,50.77,PASS,0,
VEH-0006,10,Body,TRUE,450.82,511.37,60.55,58.3,,60.55,,0,
VEH-0006,11,Body,TRUE,511.37,543.2,31.83,30.8,,31.83,PASS,0,
VEH-0006,12,Body,TRUE,543.2,609.59,66.39,68.8,,66.39,,0,
VEH-0006,13,Body,TRUE,609.59,672.86,63.27,63.3,41.86,63.27,PASS,0,
VEH-0006,14,Body,TRUE,672.86,714.78,41.92,38.5,44.54,41.92,,0,
VEH-0006,15,Body,FALSE,714.78,753.58,,37.3,,38.8,PASS,0,
VEH-0006,16,Paint,FALSE,753.58,792.02,,37.3,,38.44,,0,
VEH-0006,17,Paint,TRUE,792.02,837.09,45.07,42.2,,45.07,,0,
VEH-0006,18,Paint,FALSE,837.09,886.99,,51,,49.9,,0,
VEH-0006,19,Paint,TRUE,886.99,934.77,47.78,47.3,45.84,47.78,,0,
VEH-0006,20,Paint,TRUE,934.77,978.18,43.41,41.6,,43.41,,0,
VEH-0006,21,Paint,TRUE,978.18,1035.83,57.65,54.5,,57.65,,0,
VEH-0006,22,Paint,TRUE,1035.83,1070.58,34.75,35.6,,34.75,PASS,0,
VEH-0006,23,Final Assembly,TRUE,1070.58,1110.89,40.31,41.7,,40.31,,0,
VEH-0006,24,Final Assembly,TRUE,1110.89,1158.64,47.75,44.7,,47.75,,0,
VEH-0006,25,Final Assembly,TRUE,1158.64,1201.93,43.29,48.2,,43.29,,0,
VEH-0006,26,Final Assembly,TRUE,1201.93,1268.15,66.22,61.4,,66.22,PASS,0,
VEH-0006,27,Final Assembly,TRUE,1268.15,1305.58,37.43,38,44.99,37.43,,0,
VEH-0006,28,Final Assembly,FALSE,1305.58,1354.45,,50.6,,48.87,,0,
VEH-0006,29,Final Assembly,TRUE,1354.45,1408.02,53.57,53.7,46.91,53.57,,0,
VEH-0006,30,Final Assembly,TRUE,1408.02,1441.15,33.13,31.9,,33.13,,0,
VEH-0006,31,Final Assembly,TRUE,1441.15,1496.79,55.64,54.3,,55.64,,0,
VEH-0006,32,Final Assembly,TRUE,1496.79,1533.75,36.96,36.8,,36.96,PASS,0,
VEH-0006,33,Final Assembly,TRUE,1533.75,1563.99,30.24,32.6,43.73,30.24,,0,
VEH-0006,34,Final Assembly,TRUE,1563.99,1630.82,66.83,68,,66.83,,0,
VEH-0006,35,Final Assembly,TRUE,1630.82,1700.99,70.17,68.6,,70.17,,0,
VEH-0006,36,Final Assembly,TRUE,1700.99,1763.51,62.52,62.3,46.48,62.52,,0,
VEH-0006,37,Final Assembly,TRUE,1763.51,1806.71,43.2,42.2,,43.2,,0,
VEH-0006,38,Final Assembly,TRUE,1806.71,1840.7,33.99,33.9,,33.99,,0,
VEH-0006,39,Final Assembly,FALSE,1840.7,1904.63,,57.4,,63.93,,0,
VEH-0006,40,Final Assembly,TRUE,1904.63,1953.2,48.57,47.6,,48.57,,0,
VEH-0007,1,Body,FALSE,0,43.29,,45,,43.29,,0,
VEH-0007,2,Body,FALSE,43.29,111.8,,68,,68.51,,0,
VEH-0007,3,Body,FALSE,111.8,172.11,,59.3,,60.31,,0,
VEH-0007,4,Body,TRUE,172.11,231.08,58.97,53.9,,58.97,,0,
VEH-0007,5,Body,TRUE,231.08,269,37.92,36.2,,37.92,PASS,0,
VEH-0007,6,Body,FALSE,269,304.16,,36.2,,35.16,,0,
VEH-0007,7,Body,FALSE,304.16,335.01,,32.3,,30.85,,0,
VEH-0007,8,Body,FALSE,335.01,401.2,,64.6,,66.19,,0,
VEH-0007,9,Body,FALSE,401.2,451.64,,54,,50.44,PASS,0,
VEH-0007,10,Body,TRUE,451.64,515.29,63.65,58.3,,63.65,,0,
VEH-0007,11,Body,TRUE,515.29,547.91,32.62,30.8,,32.62,PASS,0,
VEH-0007,12,Body,TRUE,547.91,615.1,67.19,68.8,,67.19,,0,
VEH-0007,13,Body,TRUE,615.1,672.97,57.87,63.3,47.03,57.87,PASS,0,
VEH-0007,14,Body,TRUE,672.97,711.25,38.28,38.5,46.86,38.28,,0,
VEH-0007,15,Body,FALSE,711.25,745.58,,37.3,,34.33,PASS,0,
VEH-0007,16,Paint,FALSE,745.58,781.77,,37.3,,36.19,,0,
VEH-0007,17,Paint,TRUE,781.77,823.98,42.21,42.2,,42.21,,0,
VEH-0007,18,Paint,FALSE,823.98,875.1,,51,,51.12,,0,
VEH-0007,19,Paint,TRUE,875.1,921.34,46.24,47.3,45.93,46.24,,0,
VEH-0007,20,Paint,TRUE,921.34,960.72,39.38,41.6,,39.38,,0,
VEH-0007,21,Paint,TRUE,960.72,1014.83,54.11,54.5,,54.11,,0,
VEH-0007,22,Paint,TRUE,1014.83,1050.64,35.81,35.6,,35.81,PASS,0,
VEH-0007,23,Final Assembly,TRUE,1050.64,1093.42,42.78,41.7,,42.78,,0,
VEH-0007,24,Final Assembly,TRUE,1093.42,1139.71,46.29,44.7,,46.29,,0,
VEH-0007,25,Final Assembly,TRUE,1139.71,1185.2,45.49,48.2,,45.49,,0,
VEH-0007,26,Final Assembly,TRUE,1185.2,1241.89,56.69,61.4,,56.69,PASS,0,
VEH-0007,27,Final Assembly,TRUE,1241.89,1282.32,40.43,38,45.5,40.43,,0,
VEH-0007,28,Final Assembly,FALSE,1282.32,1331.03,,50.6,,48.71,,0,
VEH-0007,29,Final Assembly,TRUE,1331.03,1388.9,57.87,53.7,45.17,57.87,,0,
VEH-0007,30,Final Assembly,TRUE,1388.9,1422.68,33.78,31.9,,33.78,,0,
VEH-0007,31,Final Assembly,TRUE,1422.68,1477.16,54.48,54.3,,54.48,,0,
VEH-0007,32,Final Assembly,TRUE,1477.16,1517.75,40.59,36.8,,40.59,PASS,0,
VEH-0007,33,Final Assembly,TRUE,1517.75,1553.21,35.46,32.6,44.63,35.46,,0,
VEH-0007,34,Final Assembly,TRUE,1553.21,1624.51,71.3,68,,71.3,,0,
VEH-0007,35,Final Assembly,TRUE,1624.51,1695.32,70.81,68.6,,70.81,,0,
VEH-0007,36,Final Assembly,TRUE,1695.32,1761.89,66.57,62.3,43.55,66.57,,0,
VEH-0007,37,Final Assembly,TRUE,1761.89,1805.54,43.65,42.2,,43.65,,0,
VEH-0007,38,Final Assembly,TRUE,1805.54,1841.24,35.7,33.9,,35.7,,0,
VEH-0007,39,Final Assembly,FALSE,1841.24,1893.59,,57.4,,52.35,,0,
VEH-0007,40,Final Assembly,TRUE,1893.59,1938.37,44.78,47.6,,44.78,,0,
VEH-0008,1,Body,FALSE,0,40.41,,45,,40.41,,0,
VEH-0008,2,Body,FALSE,40.41,112.23,,68,,71.82,,0,
VEH-0008,3,Body,FALSE,112.23,167.26,,59.3,,55.03,,0,
VEH-0008,4,Body,TRUE,167.26,220.83,53.57,53.9,,53.57,,0,
VEH-0008,5,Body,TRUE,220.83,256.89,36.06,36.2,,36.06,PASS,0,
VEH-0008,6,Body,FALSE,256.89,291.1,,36.2,,34.21,,0,
VEH-0008,7,Body,FALSE,291.1,324.19,,32.3,,33.09,,0,
VEH-0008,8,Body,FALSE,324.19,391.2,,64.6,,67.01,,0,
VEH-0008,9,Body,FALSE,391.2,444.42,,54,,53.22,PASS,0,
VEH-0008,10,Body,TRUE,444.42,508.72,64.3,58.3,,64.3,,0,
VEH-0008,11,Body,TRUE,508.72,539.03,30.31,30.8,,30.31,PASS,0,
VEH-0008,12,Body,TRUE,539.03,606.29,67.26,68.8,,67.26,,0,
VEH-0008,13,Body,TRUE,606.29,668.08,61.79,63.3,43.78,61.79,PASS,0,
VEH-0008,14,Body,TRUE,668.08,705.5,37.42,38.5,42.85,37.42,,0,
VEH-0008,15,Body,FALSE,705.5,742.44,,37.3,,36.94,PASS,0,
VEH-0008,16,Paint,FALSE,742.44,779.85,,37.3,,37.41,,0,
VEH-0008,17,Paint,TRUE,779.85,817.23,37.38,42.2,,37.38,,0,
VEH-0008,18,Paint,FALSE,817.23,867.97,,51,,50.74,,0,
VEH-0008,19,Paint,TRUE,867.97,915.37,47.4,47.3,45.77,47.4,,0,
VEH-0008,20,Paint,TRUE,915.37,959.48,44.11,41.6,,44.11,,0,
VEH-0008,21,Paint,TRUE,959.48,1016.3,56.82,54.5,,56.82,,0,
VEH-0008,22,Paint,TRUE,1016.3,1050.8,34.5,35.6,,34.5,PASS,0,
VEH-0008,23,Final Assembly,TRUE,1050.8,1090.96,40.16,41.7,,40.16,,0,
VEH-0008,24,Final Assembly,TRUE,1090.96,1136.96,46,44.7,,46,,0,
VEH-0008,25,Final Assembly,TRUE,1136.96,1183.84,46.88,48.2,,46.88,,0,
VEH-0008,26,Final Assembly,TRUE,1183.84,1241.47,57.63,61.4,,57.63,PASS,0,
VEH-0008,27,Final Assembly,TRUE,1241.47,1283.98,42.51,38,44.53,42.51,,0,
VEH-0008,28,Final Assembly,FALSE,1283.98,1332.99,,50.6,,49.01,,0,
VEH-0008,29,Final Assembly,TRUE,1332.99,1380.79,47.8,53.7,46.28,47.8,,0,
VEH-0008,30,Final Assembly,TRUE,1380.79,1411.12,30.33,31.9,,30.33,,0,
VEH-0008,31,Final Assembly,TRUE,1411.12,1465.5,54.38,54.3,,54.38,,0,
VEH-0008,32,Final Assembly,TRUE,1465.5,1504.08,38.58,36.8,,38.58,PASS,0,
VEH-0008,33,Final Assembly,TRUE,1504.08,1535.1,31.02,32.6,45.12,31.02,,0,
VEH-0008,34,Final Assembly,TRUE,1535.1,1608.28,73.18,68,,73.18,,0,
VEH-0008,35,Final Assembly,TRUE,1608.28,1668.45,60.17,68.6,,60.17,,0,
VEH-0008,36,Final Assembly,TRUE,1668.45,1728.22,59.77,62.3,43.64,59.77,,0,
VEH-0008,37,Final Assembly,TRUE,1728.22,1770.03,41.81,42.2,,41.81,,0,
VEH-0008,38,Final Assembly,TRUE,1770.03,1803.85,33.82,33.9,,33.82,,0,
VEH-0008,39,Final Assembly,FALSE,1803.85,1858.2,,57.4,,54.35,,0,
VEH-0008,40,Final Assembly,TRUE,1858.2,1904.24,46.04,47.6,,46.04,,0,
VEH-0009,1,Body,FALSE,0,47.08,,45,,47.08,,0,
VEH-0009,2,Body,FALSE,47.08,121.57,,68,,74.49,,0,
VEH-0009,3,Body,FALSE,121.57,176.73,,59.3,,55.16,,0,
VEH-0009,4,Body,TRUE,176.73,232.15,55.42,53.9,,55.42,,0,
VEH-0009,5,Body,TRUE,232.15,267.17,35.02,36.2,,35.02,PASS,0,
VEH-0009,6,Body,FALSE,267.17,302.49,,36.2,,35.32,,0,
VEH-0009,7,Body,FALSE,302.49,333.84,,32.3,,31.35,,0,
VEH-0009,8,Body,FALSE,333.84,395.65,,64.6,,61.81,,0,
VEH-0009,9,Body,FALSE,395.65,449.78,,54,,54.13,PASS,0,
VEH-0009,10,Body,TRUE,449.78,505.65,55.87,58.3,,55.87,,0,
VEH-0009,11,Body,TRUE,505.65,536.87,31.22,30.8,,31.22,PASS,0,
VEH-0009,12,Body,TRUE,536.87,605.5,68.63,68.8,,68.63,,0,
VEH-0009,13,Body,TRUE,605.5,668.04,62.54,63.3,43.64,62.54,PASS,0,
VEH-0009,14,Body,TRUE,668.04,705.43,37.39,38.5,46.13,37.39,,0,
VEH-0009,15,Body,FALSE,705.43,743.66,,37.3,,38.23,PASS,0,
VEH-0009,16,Paint,FALSE,743.66,779.14,,37.3,,35.48,,0,
VEH-0009,17,Paint,TRUE,779.14,821.55,42.41,42.2,,42.41,,0,
VEH-0009,18,Paint,FALSE,821.55,874.47,,51,,52.92,,0,
VEH-0009,19,Paint,TRUE,874.47,917.83,43.36,47.3,45.82,43.36,,0,
VEH-0009,20,Paint,TRUE,917.83,958.05,40.22,41.6,,40.22,,0,
VEH-0009,21,Paint,TRUE,958.05,1014.11,56.06,54.5,,56.06,,0,
VEH-0009,22,Paint,TRUE,1014.11,1048.35,34.24,35.6,,34.24,PASS,0,
VEH-0009,23,Final Assembly,TRUE,1048.35,1086.28,37.93,41.7,,37.93,,0,
VEH-0009,24,Final Assembly,TRUE,1086.28,1127.33,41.05,44.7,,41.05,,0,
VEH-0009,25,Final Assembly,TRUE,1127.33,1175.65,48.32,48.2,,48.32,,0,
VEH-0009,26,Final Assembly,TRUE,1175.65,1237.85,62.2,61.4,,62.2,PASS,0,
VEH-0009,27,Final Assembly,TRUE,1237.85,1274.13,36.28,38,45.96,36.28,,0,
VEH-0009,28,Final Assembly,FALSE,1274.13,1320.53,,50.6,,46.4,,0,
VEH-0009,29,Final Assembly,TRUE,1320.53,1374.05,53.52,53.7,43.18,53.52,,0,
VEH-0009,30,Final Assembly,TRUE,1374.05,1404.91,30.86,31.9,,30.86,,0,
VEH-0009,31,Final Assembly,TRUE,1404.91,1459.34,54.43,54.3,,54.43,,0,
VEH-0009,32,Final Assembly,TRUE,1459.34,1494.56,35.22,36.8,,35.22,PASS,0,
VEH-0009,33,Final Assembly,TRUE,1494.56,1526.53,31.97,32.6,46.51,31.97,,0,
VEH-0009,34,Final Assembly,TRUE,1526.53,1592.57,66.04,68,,66.04,,0,
VEH-0009,35,Final Assembly,TRUE,1592.57,1664.04,71.47,68.6,,71.47,,0,
VEH-0009,36,Final Assembly,TRUE,1664.04,1722.82,58.78,62.3,45.79,58.78,,0,
VEH-0009,37,Final Assembly,TRUE,1722.82,1768.06,45.24,42.2,,45.24,,0,
VEH-0009,38,Final Assembly,TRUE,1768.06,1797.76,29.7,33.9,,29.7,,0,
VEH-0009,39,Final Assembly,FALSE,1797.76,1852.87,,57.4,,55.11,,0,
VEH-0009,40,Final Assembly,TRUE,1852.87,1901.84,48.97,47.6,,48.97,,0,
VEH-0010,1,Body,FALSE,0,44.54,,45,,44.54,,0,
VEH-0010,2,Body,FALSE,44.54,114.39,,68,,69.85,,0,
VEH-0010,3,Body,FALSE,114.39,176.75,,59.3,,62.36,,0,
VEH-0010,4,Body,TRUE,176.75,224.69,47.94,53.9,,47.94,,0,
VEH-0010,5,Body,TRUE,224.69,261.54,36.85,36.2,,36.85,PASS,0,
VEH-0010,6,Body,FALSE,261.54,297.25,,36.2,,35.71,,0,
VEH-0010,7,Body,FALSE,297.25,331.08,,32.3,,33.83,,0,
VEH-0010,8,Body,FALSE,331.08,394.87,,64.6,,63.79,,0,
VEH-0010,9,Body,FALSE,394.87,452.38,,54,,57.51,PASS,0,
VEH-0010,10,Body,TRUE,452.38,508.7,56.32,58.3,,56.32,,0,
VEH-0010,11,Body,TRUE,508.7,536.07,27.37,30.8,,27.37,PASS,0,
VEH-0010,12,Body,TRUE,536.07,608.49,72.42,68.8,,72.42,,0,
VEH-0010,13,Body,TRUE,608.49,669.12,60.63,63.3,42.63,60.63,PASS,0,
VEH-0010,14,Body,TRUE,669.12,707.65,38.53,38.5,44.64,38.53,,0,
VEH-0010,15,Body,FALSE,707.65,746.48,,37.3,,38.83,PASS,0,
VEH-0010,16,Paint,FALSE,746.48,785.44,,37.3,,38.96,,0,
VEH-0010,17,Paint,TRUE,785.44,827.84,42.4,42.2,,42.4,,0,
VEH-0010,18,Paint,FALSE,827.84,876.58,,51,,48.74,,0,
VEH-0010,19,Paint,TRUE,876.58,924.56,47.98,47.3,45.25,47.98,,0,
VEH-0010,20,Paint,TRUE,924.56,967.34,42.78,41.6,,42.78,,0,
VEH-0010,21,Paint,TRUE,967.34,1019.45,52.11,54.5,,52.11,,0,
VEH-0010,22,Paint,TRUE,1019.45,1054.34,34.89,35.6,,34.89,PASS,0,
VEH-0010,23,Final Assembly,TRUE,1054.34,1097.1,42.76,41.7,,42.76,,0,
VEH-0010,24,Final Assembly,TRUE,1097.1,1144.59,47.49,44.7,,47.49,,0,
VEH-0010,25,Final Assembly,TRUE,1144.59,1195.12,50.53,48.2,,50.53,,0,
VEH-0010,27,Final Assembly,TRUE,1256.77,1293.84,37.07,38,45.61,37.07,,0,
VEH-0010,28,Final Assembly,FALSE,1293.84,1341.68,,50.6,,47.84,,0,
VEH-0010,29,Final Assembly,TRUE,1341.68,1393.18,51.5,53.7,47.26,51.5,,0,
VEH-0010,30,Final Assembly,TRUE,1393.18,1425.72,32.54,31.9,,32.54,,0,
VEH-0010,31,Final Assembly,TRUE,1425.72,1479.08,53.36,54.3,,53.36,,0,
VEH-0010,32,Final Assembly,TRUE,1479.08,1517.41,38.33,36.8,,38.33,PASS,0,
VEH-0010,33,Final Assembly,TRUE,1517.41,1552.11,34.7,32.6,44.33,34.7,,0,
VEH-0010,34,Final Assembly,TRUE,1552.11,1618.66,66.55,68,,66.55,,0,
VEH-0010,35,Final Assembly,TRUE,1618.66,1685.36,66.7,68.6,,66.7,,0,
VEH-0010,36,Final Assembly,TRUE,1685.36,1750.67,65.31,62.3,46.46,65.31,,0,
VEH-0010,37,Final Assembly,TRUE,1750.67,1795.79,45.12,42.2,,45.12,,0,
VEH-0010,38,Final Assembly,TRUE,1795.79,1831.4,35.61,33.9,,35.61,,0,
VEH-0010,39,Final Assembly,FALSE,1831.4,1884.12,,57.4,,52.72,,0,
VEH-0010,40,Final Assembly,TRUE,1884.12,1932.39,48.27,47.6,,48.27,,0,
VEH-0011,1,Body,FALSE,0,46.08,,45,,46.08,,0,
VEH-0011,2,Body,FALSE,46.08,114.84,,68,,68.76,,0,
VEH-0011,3,Body,FALSE,114.84,171.8,,59.3,,56.96,,0,
VEH-0011,4,Body,TRUE,171.8,226.97,55.17,53.9,,55.17,,0,
VEH-0011,5,Body,TRUE,226.97,266.58,39.61,36.2,,39.61,PASS,0,
VEH-0011,6,Body,FALSE,266.58,305.22,,36.2,,38.64,,0,
VEH-0011,7,Body,FALSE,305.22,340.09,,32.3,,34.87,,0,
VEH-0011,8,Body,FALSE,340.09,403.04,,64.6,,62.95,,0,
VEH-0011,9,Body,FALSE,403.04,454.37,,54,,51.33,PASS,0,
VEH-0011,10,Body,TRUE,454.37,512.3,57.93,58.3,,57.93,,0,
VEH-0011,11,Body,TRUE,512.3,543.19,30.89,30.8,,30.89,PASS,0,
VEH-0011,12,Body,TRUE,543.19,615.75,72.56,68.8,,72.56,,0,
VEH-0011,13,Body,TRUE,615.75,673.68,57.93,63.3,47.29,57.93,PASS,0,
VEH-0011,14,Body,TRUE,673.68,711.88,38.2,38.5,44.36,38.2,,0,
VEH-0011,15,Body,FALSE,711.88,747.3,,37.3,,35.42,PASS,0,
VEH-0011,16,Paint,FALSE,747.3,781.52,,37.3,,34.22,,0,
VEH-0011,17,Paint,TRUE,781.52,825.46,43.94,42.2,,43.94,,0,
VEH-0011,18,Paint,FALSE,825.46,876.65,,51,,51.19,,0,
VEH-0011,19,Paint,TRUE,876.65,920.91,44.26,47.3,43.06,44.26,,0,
VEH-0011,20,Paint,TRUE,920.91,961.81,40.9,41.6,,40.9,,0,
VEH-0011,21,Paint,TRUE,961.81,1020.87,59.06,54.5,,59.06,,0,
VEH-0011,22,Paint,TRUE,1020.87,1056.01,35.14,35.6,,35.14,PASS,0,
VEH-0011,23,Final Assembly,TRUE,1056.01,1094.57,38.56,41.7,,38.56,,0,
VEH-0011,24,Final Assembly,TRUE,1094.57,1138.72,44.15,44.7,,44.15,,0,
VEH-0011,25,Final Assembly,TRUE,1138.72,1186.26,47.54,48.2,,47.54,,0,
VEH-0011,26,Final Assembly,TRUE,1186.26,1239.38,53.12,61.4,,53.12,PASS,0,
VEH-0011,27,Final Assembly,TRUE,1239.38,1277.28,37.9,38,44.65,37.9,,0,
VEH-0011,28,Final Assembly,FALSE,1277.28,1329.64,,50.6,,52.36,,0,
VEH-0011,29,Final Assembly,TRUE,1329.64,1388.31,58.67,53.7,46.69,58.67,,0,
VEH-0011,30,Final Assembly,TRUE,1388.31,1419.78,31.47,31.9,,31.47,,0,
VEH-0011,31,Final Assembly,TRUE,1419.78,1471.08,51.3,54.3,,51.3,,0,
VEH-0011,32,Final Assembly,TRUE,1471.08,1512.61,41.53,36.8,,41.53,PASS,0,
VEH-0011,33,Final Assembly,TRUE,1512.61,1545.31,32.7,32.6,45.02,32.7,,0,
VEH-0011,34,Final Assembly,TRUE,1545.31,1613.23,67.92,68,,67.92,,0,
VEH-0011,35,Final Assembly,TRUE,1613.23,1682.51,69.28,68.6,,69.28,,0,
VEH-0011,36,Final Assembly,TRUE,1682.51,1744.36,61.85,62.3,44.14,61.85,,0,
VEH-0011,37,Final Assembly,TRUE,1744.36,1785.41,41.05,42.2,,41.05,,0,
VEH-0011,38,Final Assembly,TRUE,1785.41,1819.25,33.84,33.9,,33.84,,0,
VEH-0011,39,Final Assembly,FALSE,1819.25,1875.09,,57.4,,55.84,,0,
VEH-0011,40,Final Assembly,TRUE,1875.09,1920.99,45.9,47.6,,45.9,,0,
VEH-0012,1,Body,FALSE,0,45.24,,45,,45.24,,0,
VEH-0012,2,Body,FALSE,45.24,114.89,,68,,69.65,,0,
VEH-0012,3,Body,FALSE,114.89,171.9,,59.3,,57.01,,0,
VEH-0012,4,Body,TRUE,171.9,225.56,53.66,53.9,,53.66,,0,
VEH-0012,5,Body,TRUE,225.56,261.81,36.25,36.2,,36.25,PASS,0,
VEH-0012,6,Body,FALSE,261.81,296.73,,36.2,,34.92,,0,
VEH-0012,7,Body,FALSE,296.73,327.86,,32.3,,31.13,,0,
VEH-0012,8,Body,FALSE,327.86,392.78,,64.6,,64.92,,0,
VEH-0012,9,Body,FALSE,392.78,446.43,,54,,53.65,PASS,0,
VEH-0012,10,Body,TRUE,446.43,506.19,59.76,58.3,,59.76,,0,
VEH-0012,11,Body,TRUE,506.19,535.37,29.18,30.8,,29.18,PASS,0,
VEH-0012,12,Body,TRUE,535.37,602.96,67.59,68.8,,67.59,,0,
VEH-0012,13,Body,TRUE,602.96,665.53,62.57,63.3,46.22,62.57,PASS,0,
VEH-0012,14,Body,TRUE,665.53,702.22,36.69,38.5,45.35,36.69,,0,
VEH-0012,15,Body,FALSE,702.22,739.99,,37.3,,37.77,PASS,0,
VEH-0012,16,Paint,FALSE,739.99,780.35,,37.3,,40.36,,0,
VEH-0012,17,Paint,TRUE,780.35,820.43,40.08,42.2,,40.08,,0,
VEH-0012,18,Paint,FALSE,820.43,869.75,,51,,49.32,,0,
VEH-0012,19,Paint,TRUE,869.75,914.84,45.09,47.3,42.5,45.09,,0,
VEH-0012,20,Paint,TRUE,914.84,960.11,45.27,41.6,,45.27,,0,
VEH-0012,21,Paint,TRUE,960.11,1011.22,51.11,54.5,,51.11,,0,
VEH-0012,22,Paint,TRUE,1011.22,1045.37,34.15,35.6,,34.15,PASS,0,
VEH-0012,23,Final Assembly,TRUE,1045.37,1089.82,44.45,41.7,,44.45,,0,
VEH-0012,24,Final Assembly,TRUE,1089.82,1130.59,40.77,44.7,,40.77,,0,
VEH-0012,25,Final Assembly,TRUE,1130.59,1180.61,50.02,48.2,,50.02,,0,
VEH-0012,26,Final Assembly,TRUE,1180.61,1237.67,57.06,61.4,,57.06,PASS,0,
VEH-0012,27,Final Assembly,TRUE,1237.67,1278.04,40.37,38,41.75,40.37,,0,
VEH-0012,28,Final Assembly,FALSE,1278.04,1324.2,,50.6,,46.16,,0,
VEH-0012,29,Final Assembly,TRUE,1324.2,1376.43,52.23,53.7,46.46,52.23,,0,
VEH-0012,30,Final Assembly,TRUE,1376.43,1408.28,31.85,31.9,,31.85,,0,
VEH-0012,31,Final Assembly,TRUE,1408.28,1461.67,53.39,54.3,,53.39,,0,
VEH-0012,32,Final Assembly,TRUE,1461.67,1500.95,39.28,36.8,,39.28,PASS,0,
VEH-0012,33,Final Assembly,TRUE,1500.95,1537.06,36.11,32.6,46.01,36.11,,0,
VEH-0012,34,Final Assembly,TRUE,1537.06,1602.94,65.88,68,,65.88,,0,
VEH-0012,35,Final Assembly,TRUE,1602.94,1670.11,67.17,68.6,,67.17,,0,
VEH-0012,36,Final Assembly,TRUE,1670.11,1728.39,58.28,62.3,45.15,58.28,,0,
VEH-0012,37,Final Assembly,TRUE,1728.39,1767.15,38.76,42.2,,38.76,,0,
VEH-0012,38,Final Assembly,TRUE,1767.15,1801.99,34.84,33.9,,34.84,,0,
VEH-0012,39,Final Assembly,FALSE,1801.99,1865.15,,57.4,,63.16,,0,
VEH-0012,40,Final Assembly,TRUE,1865.15,1914.46,49.31,47.6,,49.31,,0,
VEH-0013,1,Body,FALSE,0,46.16,,45,,46.16,,0,
VEH-0013,2,Body,FALSE,46.16,111.69,,68,,65.53,,0,
VEH-0013,3,Body,FALSE,111.69,171.54,,59.3,,59.85,,0,
VEH-0013,4,Body,TRUE,171.54,223.4,51.86,53.9,,51.86,,0,
VEH-0013,5,Body,TRUE,223.4,258.49,35.09,36.2,,35.09,PASS,0,
VEH-0013,6,Body,FALSE,258.49,292.14,,36.2,,33.65,,0,
VEH-0013,7,Body,FALSE,292.14,322.95,,32.3,,30.81,,0,
VEH-0013,8,Body,FALSE,322.95,383.18,,64.6,,60.23,,0,
VEH-0013,9,Body,FALSE,383.18,434.55,,54,,51.37,PASS,0,
VEH-0013,10,Body,TRUE,434.55,495.93,61.38,58.3,,61.38,,0,
VEH-0013,11,Body,TRUE,495.93,525.27,29.34,30.8,,29.34,PASS,0,
VEH-0013,12,Body,TRUE,525.27,603.13,77.86,68.8,,77.86,,0,
VEH-0013,13,Body,TRUE,603.13,667.99,64.86,63.3,45.28,64.86,PASS,0,
VEH-0013,14,Body,TRUE,667.99,704.83,36.84,38.5,46.05,36.84,,0,
VEH-0013,15,Body,FALSE,704.83,741.06,,37.3,,36.23,PASS,0,
VEH-0013,16,Paint,FALSE,741.06,778.59,,37.3,,37.53,,0,
VEH-0013,17,Paint,TRUE,778.59,826.19,47.6,42.2,,47.6,,0,
VEH-0013,18,Paint,FALSE,826.19,876.95,,51,,50.76,,0,
VEH-0013,19,Paint,TRUE,876.95,926.96,50.01,47.3,43.95,50.01,,0,
VEH-0013,20,Paint,TRUE,926.96,968.49,41.53,41.6,,41.53,,0,
VEH-0013,21,Paint,TRUE,968.49,1027.82,59.33,54.5,,59.33,,0,
VEH-0013,22,Paint,TRUE,1027.82,1062.3,34.48,35.6,,34.48,PASS,0,
VEH-0013,23,Final Assembly,TRUE,1062.3,1107.79,45.49,41.7,,45.49,,0,
VEH-0013,24,Final Assembly,TRUE,1107.79,1154.08,46.29,44.7,,46.29,,0,
VEH-0013,25,Final Assembly,TRUE,1154.08,1200.92,46.84,48.2,,46.84,,0,
VEH-0013,26,Final Assembly,TRUE,1200.92,1264.26,63.34,61.4,,63.34,PASS,0,
VEH-0013,27,Final Assembly,TRUE,1264.26,1304.11,39.85,38,45.93,39.85,,0,
VEH-0013,28,Final Assembly,FALSE,1304.11,1350.74,,50.6,,46.63,,0,
VEH-0013,29,Final Assembly,TRUE,1350.74,1402.48,51.74,53.7,44.63,51.74,,0,
VEH-0013,30,Final Assembly,TRUE,1402.48,1434.26,31.78,31.9,,31.78,,0,
VEH-0013,31,Final Assembly,TRUE,1434.26,1490.24,55.98,54.3,,55.98,,0,
VEH-0013,32,Final Assembly,TRUE,1490.24,1527.37,37.13,36.8,,37.13,PASS,0,
VEH-0013,33,Final Assembly,TRUE,1527.37,1557.79,30.42,32.6,45.57,30.42,,0,
VEH-0013,34,Final Assembly,TRUE,1557.79,1627.87,70.08,68,,70.08,,0,
VEH-0013,35,Final Assembly,TRUE,1627.87,1698.39,70.52,68.6,,70.52,,0,
VEH-0013,36,Final Assembly,TRUE,1698.39,1764.06,65.67,62.3,46.25,65.67,,0,
VEH-0013,37,Final Assembly,TRUE,1764.06,1807.23,43.17,42.2,,43.17,,0,
VEH-0013,38,Final Assembly,TRUE,1807.23,1841.01,33.78,33.9,,33.78,,0,
VEH-0013,39,Final Assembly,FALSE,1841.01,1893.64,,57.4,,52.63,,0,
VEH-0013,40,Final Assembly,TRUE,1893.64,1942.26,48.62,47.6,,48.62,,0,
VEH-0014,1,Body,FALSE,0,45.47,,45,,45.47,,0,
VEH-0014,2,Body,FALSE,45.47,108.69,,68,,63.22,,0,
VEH-0014,3,Body,FALSE,108.69,169.47,,59.3,,60.78,,0,
VEH-0014,4,Body,TRUE,169.47,220.56,51.09,53.9,,51.09,,0,
VEH-0014,5,Body,TRUE,220.56,259.07,38.51,36.2,,38.51,PASS,0,
VEH-0014,6,Body,FALSE,259.07,294.8,,36.2,,35.73,,0,
VEH-0014,7,Body,FALSE,294.8,327.32,,32.3,,32.52,,0,
VEH-0014,8,Body,FALSE,327.32,393.25,,64.6,,65.93,,0,
VEH-0014,9,Body,FALSE,393.25,442.04,,54,,48.79,PASS,0,
VEH-0014,10,Body,TRUE,442.04,498.44,56.4,58.3,,56.4,,0,
VEH-0014,11,Body,TRUE,498.44,530.85,32.41,30.8,,32.41,PASS,0,
VEH-0014,12,Body,TRUE,530.85,602.64,71.79,68.8,,71.79,,0,
VEH-0014,13,Body,TRUE,602.64,666.84,64.2,63.3,42.98,64.2,PASS,0,
VEH-0014,14,Body,TRUE,666.84,706.47,39.63,38.5,46.07,39.63,,0,
VEH-0014,15,Body,FALSE,706.47,743.86,,37.3,,37.39,PASS,0,
VEH-0014,16,Paint,FALSE,743.86,783.44,,37.3,,39.58,,0,
VEH-0014,17,Paint,TRUE,783.44,824.2,40.76,42.2,,40.76,,0,
VEH-0014,18,Paint,FALSE,824.2,873.9,,51,,49.7,,0,
VEH-0014,19,Paint,TRUE,873.9,915.34,41.44,47.3,46.38,41.44,,0,
VEH-0014,20,Paint,TRUE,915.34,957.59,42.25,41.6,,42.25,,0,
VEH-0014,21,Paint,TRUE,957.59,1007.5,49.91,54.5,,49.91,,0,
VEH-0014,22,Paint,TRUE,1007.5,1039.97,32.47,35.6,,32.47,PASS,0,
VEH-0014,23,Final Assembly,TRUE,1039.97,1079.85,39.88,41.7,,39.88,,0,
VEH-0014,24,Final Assembly,TRUE,1079.85,1126.33,46.48,44.7,,46.48,,0,
VEH-0014,25,Final Assembly,TRUE,1126.33,1173.81,47.48,48.2,,47.48,,0,
VEH-0014,26,Final Assembly,TRUE,1173.81,1232.74,58.93,61.4,,58.93,PASS,0,
VEH-0014,27,Final Assembly,TRUE,1232.74,1268.83,36.09,38,43.42,36.09,,0,
VEH-0014,28,Final Assembly,FALSE,1268.83,1314.54,,50.6,,45.71,,0,
VEH-0014,29,Final Assembly,TRUE,1314.54,1364.99,50.45,53.7,43.39,50.45,,0,
VEH-0014,30,Final Assembly,TRUE,1364.99,1397.98,32.99,31.9,,32.99,,0,
VEH-0014,31,Final Assembly,TRUE,1397.98,1451.83,53.85,54.3,,53.85,,0,
VEH-0014,32,Final Assembly,TRUE,1451.83,1487.11,35.28,36.8,,35.28,PASS,0,
VEH-0014,33,Final Assembly,TRUE,1487.11,1523.47,36.36,32.6,44,36.36,,0,
VEH-0014,34,Final Assembly,TRUE,1523.47,1595.44,71.97,68,,71.97,,0,
VEH-0014,35,Final Assembly,TRUE,1595.44,1669.6,74.16,68.6,,74.16,,0,
VEH-0014,36,Final Assembly,TRUE,1669.6,1727,57.4,62.3,45.11,57.4,,0,
VEH-0014,37,Final Assembly,TRUE,1727,1768.11,41.11,42.2,,41.11,,0,
VEH-0014,38,Final Assembly,TRUE,1768.11,1800.99,32.88,33.9,,32.88,,0,
VEH-0014,39,Final Assembly,FALSE,1800.99,1859.98,,57.4,,58.99,,0,
VEH-0014,40,Final Assembly,TRUE,1859.98,1906.1,46.12,47.6,,46.12,,0,
VEH-0015,1,Body,FALSE,0,48.48,,45,,48.48,,0,
VEH-0015,2,Body,FALSE,48.48,122.59,,68,,74.11,,0,
VEH-0015,3,Body,FALSE,122.59,180.08,,59.3,,57.49,,0,
VEH-0015,4,Body,TRUE,180.08,232.93,52.85,53.9,,52.85,,0,
VEH-0015,5,Body,TRUE,232.93,269.65,36.72,36.2,,36.72,PASS,0,
VEH-0015,6,Body,FALSE,269.65,306.46,,36.2,,36.81,,0,
VEH-0015,7,Body,FALSE,306.46,339.82,,32.3,,33.36,,0,
VEH-0015,8,Body,FALSE,339.82,410.91,,64.6,,71.09,,0,
VEH-0015,9,Body,FALSE,410.91,464.43,,54,,53.52,PASS,0,
VEH-0015,10,Body,TRUE,464.43,520.4,55.97,58.3,,55.97,,0,
VEH-0015,11,Body,TRUE,520.4,549.08,28.68,30.8,,28.68,PASS,0,
VEH-0015,12,Body,TRUE,549.08,615.37,66.29,68.8,,66.29,,0,
VEH-0015,13,Body,TRUE,615.37,678.56,63.19,63.3,47.69,63.19,PASS,0,
VEH-0015,14,Body,TRUE,678.56,716.06,37.5,38.5,45.34,37.5,,0,
VEH-0015,15,Body,FALSE,716.06,753.33,,37.3,,37.27,PASS,0,
VEH-0015,16,Paint,FALSE,753.33,792.84,,37.3,,39.51,,0,
VEH-0015,17,Paint,TRUE,792.84,840.37,47.53,42.2,,47.53,,0,
VEH-0015,18,Paint,FALSE,840.37,890.02,,51,,49.65,,0,
VEH-0015,19,Paint,TRUE,890.02,936.16,46.14,47.3,46.57,46.14,,0,
VEH-0015,20,Paint,TRUE,936.16,979.18,43.02,41.6,,43.02,,0,
VEH-0015,21,Paint,TRUE,979.18,1038.72,59.54,54.5,,59.54,,0,
VEH-0015,22,Paint,TRUE,1038.72,1075.36,36.64,35.6,,36.64,PASS,0,
VEH-0015,23,Final Assembly,TRUE,1075.36,1116.31,40.95,41.7,,40.95,,0,
VEH-0015,24,Final Assembly,TRUE,1116.31,1162.33,46.02,44.7,,46.02,,0,
VEH-0015,25,Final Assembly,TRUE,1162.33,1213.2,50.87,48.2,,50.87,,0,
VEH-0015,26,Final Assembly,TRUE,1213.2,1277.12,63.92,61.4,,63.92,PASS,0,
VEH-0015,27,Final Assembly,TRUE,1277.12,1316.08,38.96,38,46.6,38.96,,0,
VEH-0015,28,Final Assembly,FALSE,1316.08,1369.64,,50.6,,53.56,,0,
VEH-0015,29,Final Assembly,TRUE,1369.64,1427.06,57.42,53.7,45.97,57.42,,0,
VEH-0015,30,Final Assembly,TRUE,1427.06,1458.69,31.63,31.9,,31.63,,0,
VEH-0015,31,Final Assembly,TRUE,1458.69,1513.39,54.7,54.3,,54.7,,0,
VEH-0015,32,Final Assembly,TRUE,1513.39,1552.41,39.02,36.8,,39.02,PASS,0,
VEH-0015,33,Final Assembly,TRUE,1552.41,1583.68,31.27,32.6,45.55,31.27,,0,
VEH-0015,34,Final Assembly,TRUE,1583.68,1650.34,66.66,68,,66.66,,0,
VEH-0015,35,Final Assembly,TRUE,1650.34,1719.04,68.7,68.6,,68.7,,0,
VEH-0015,36,Final Assembly,TRUE,1719.04,1785.33,66.29,62.3,45.29,66.29,,0,
VEH-0015,37,Final Assembly,TRUE,1785.33,1827.63,42.3,42.2,,42.3,,0,
VEH-0015,38,Final Assembly,TRUE,1827.63,1859.22,31.59,33.9,,31.59,,0,
VEH-0015,39,Final Assembly,FALSE,1859.22,1918.76,,57.4,,59.54,,0,
VEH-0015,40,Final Assembly,TRUE,1918.76,1967.9,49.14,47.6,,49.14,,0,
VEH-0016,1,Body,FALSE,0,49.87,,45,,49.87,,0,
VEH-0016,2,Body,FALSE,49.87,111.72,,68,,61.85,,0,
VEH-0016,3,Body,FALSE,111.72,173.88,,59.3,,62.16,,0,
VEH-0016,4,Body,TRUE,173.88,226.48,52.6,53.9,,52.6,,0,
VEH-0016,5,Body,TRUE,226.48,262.91,36.43,36.2,,36.43,PASS,0,
VEH-0016,6,Body,FALSE,262.91,299.77,,36.2,,36.86,,0,
VEH-0016,7,Body,FALSE,299.77,331.22,,32.3,,31.45,,0,
VEH-0016,8,Body,FALSE,331.22,395.4,,64.6,,64.18,,0,
VEH-0016,9,Body,FALSE,395.4,443.9,,54,,48.5,PASS,0,
VEH-0016,10,Body,TRUE,443.9,504.34,60.44,58.3,,60.44,,0,
VEH-0016,11,Body,TRUE,504.34,536.8,32.46,30.8,,32.46,PASS,0,
VEH-0016,12,Body,TRUE,536.8,599.75,62.95,68.8,,62.95,,0,
VEH-0016,13,Body,TRUE,599.75,661.76,62.01,63.3,43.16,62.01,PASS,0,
VEH-0016,14,Body,TRUE,661.76,699.92,38.16,38.5,45.97,38.16,,0,
VEH-0016,15,Body,FALSE,699.92,739.06,,37.3,,39.14,PASS,0,
VEH-0016,16,Paint,FALSE,739.06,778.45,,37.3,,39.39,,0,
VEH-0016,17,Paint,TRUE,778.45,823.42,44.97,42.2,,44.97,,0,
VEH-0016,18,Paint,FALSE,823.42,873.85,,51,,50.43,,0,
VEH-0016,19,Paint,TRUE,873.85,918.44,44.59,47.3,44.83,44.59,,0,
VEH-0016,20,Paint,TRUE,918.44,961.36,42.92,41.6,,42.92,,0,
VEH-0016,21,Paint,TRUE,961.36,1012.51,51.15,54.5,,51.15,,0,
VEH-0016,22,Paint,TRUE,1012.51,1051.07,38.56,35.6,,38.56,PASS,0,
VEH-0016,23,Final Assembly,TRUE,1051.07,1094.65,43.58,41.7,,43.58,,0,
VEH-0016,24,Final Assembly,TRUE,1094.65,1138.89,44.24,44.7,,44.24,,0,
VEH-0016,25,Final Assembly,TRUE,1138.89,1185.38,46.49,48.2,,46.49,,0,
VEH-0016,27,Final Assembly,TRUE,1244.73,1282.87,38.14,38,44.66,38.14,,0,
VEH-0016,28,Final Assembly,FALSE,1282.87,1335.87,,50.6,,53,,0,
VEH-0016,29,Final Assembly,TRUE,1335.87,1388.65,52.78,53.7,45.76,52.78,,0,
VEH-0016,30,Final Assembly,TRUE,1388.65,1420.5,31.85,31.9,,31.85,,0,
VEH-0016,31,Final Assembly,TRUE,1420.5,1475.53,55.03,54.3,,55.03,,0,
VEH-0016,32,Final Assembly,TRUE,1475.53,1511.91,36.38,36.8,,36.38,PASS,0,
VEH-0016,33,Final Assembly,TRUE,1511.91,1545.66,33.75,32.6,46.08,33.75,,0,
VEH-0016,34,Final Assembly,TRUE,1545.66,1615.22,69.56,68,,69.56,,0,
VEH-0016,35,Final Assembly,TRUE,1615.22,1685.9,70.68,68.6,,70.68,,0,
VEH-0016,36,Final Assembly,TRUE,1685.9,1745.25,59.35,62.3,45.48,59.35,,0,
VEH-0016,37,Final Assembly,TRUE,1745.25,1790.09,44.84,42.2,,44.84,,0,
VEH-0016,38,Final Assembly,TRUE,1790.09,1824.83,34.74,33.9,,34.74,,0,
VEH-0016,39,Final Assembly,FALSE,1824.83,1879.27,,57.4,,54.44,,0,
VEH-0016,40,Final Assembly,TRUE,1879.27,1926.75,47.48,47.6,,47.48,,0,
VEH-0017,1,Body,FALSE,0,41.44,,45,,41.44,,0,
VEH-0017,2,Body,FALSE,41.44,112.03,,68,,70.59,,0,
VEH-0017,3,Body,FALSE,112.03,173.66,,59.3,,61.63,,0,
VEH-0017,4,Body,TRUE,173.66,228.71,55.05,53.9,,55.05,,0,
VEH-0017,5,Body,TRUE,228.71,263.16,34.45,36.2,,34.45,PASS,0,
VEH-0017,6,Body,FALSE,263.16,299.27,,36.2,,36.11,,0,
VEH-0017,7,Body,FALSE,299.27,331.56,,32.3,,32.29,,0,
VEH-0017,8,Body,FALSE,331.56,392.42,,64.6,,60.86,,0,
VEH-0017,9,Body,FALSE,392.42,450.48,,54,,58.06,PASS,0,
VEH-0017,10,Body,TRUE,450.48,511.34,60.86,58.3,,60.86,,0,
VEH-0017,11,Body,TRUE,511.34,541.8,30.46,30.8,,30.46,PASS,0,
VEH-0017,12,Body,TRUE,541.8,610.69,68.89,68.8,,68.89,,0,
VEH-0017,13,Body,TRUE,610.69,674.65,63.96,63.3,41.94,63.96,PASS,0,
VEH-0017,14,Body,TRUE,674.65,712.67,38.02,38.5,43.98,38.02,,0,
VEH-0017,15,Body,FALSE,712.67,748.11,,37.3,,35.44,PASS,0,
VEH-0017,16,Paint,FALSE,748.11,784.89,,37.3,,36.78,,0,
VEH-0017,17,Paint,TRUE,784.89,830.88,45.99,42.2,,45.99,,0,
VEH-0017,18,Paint,FALSE,830.88,883.51,,51,,52.63,,0,
VEH-0017,19,Paint,TRUE,883.51,929.46,45.95,47.3,45.86,45.95,,0,
VEH-0017,20,Paint,TRUE,929.46,973.97,44.51,41.6,,44.51,,0,
VEH-0017,21,Paint,TRUE,973.97,1030.99,57.02,54.5,,57.02,,0,
VEH-0017,22,Paint,TRUE,1030.99,1066.7,35.71,35.6,,35.71,PASS,0,
VEH-0017,23,Final Assembly,TRUE,1066.7,1107.05,40.35,41.7,,40.35,,0,
VEH-0017,24,Final Assembly,TRUE,1107.05,1153.31,46.26,44.7,,46.26,,0,
VEH-0017,25,Final Assembly,TRUE,1153.31,1202.46,49.15,48.2,,49.15,,0,
VEH-0017,26,Final Assembly,TRUE,1202.46,1266.61,64.15,61.4,,64.15,PASS,0,
VEH-0017,27,Final Assembly,TRUE,1266.61,1305.82,39.21,38,46.57,39.21,,0,
VEH-0017,28,Final Assembly,FALSE,1305.82,1355.07,,50.6,,49.25,,0,
VEH-0017,29,Final Assembly,TRUE,1355.07,1412.31,57.24,53.7,45.3,57.24,,0,
VEH-0017,30,Final Assembly,TRUE,1412.31,1447.51,35.2,31.9,,35.2,,0,
VEH-0017,31,Final Assembly,TRUE,1447.51,1499.94,52.43,54.3,,52.43,,0,
VEH-0017,32,Final Assembly,TRUE,1499.94,1539.93,39.99,36.8,,39.99,PASS,0,
VEH-0017,33,Final Assembly,TRUE,1539.93,1572.85,32.92,32.6,44.02,32.92,,0,
VEH-0017,34,Final Assembly,TRUE,1572.85,1639.2,66.35,68,,66.35,,0,
VEH-0017,35,Final Assembly,TRUE,1639.2,1706.7,67.5,68.6,,67.5,,0,
VEH-0017,36,Final Assembly,TRUE,1706.7,1770.32,63.62,62.3,45.78,63.62,,0,
VEH-0017,37,Final Assembly,TRUE,1770.32,1811.31,40.99,42.2,,40.99,,0,
VEH-0017,38,Final Assembly,TRUE,1811.31,1845.17,33.86,33.9,,33.86,,0,
VEH-0017,39,Final Assembly,FALSE,1845.17,1908.72,,57.4,,63.55,,0,
VEH-0017,40,Final Assembly,TRUE,1908.72,1960.43,51.71,47.6,,51.71,,0,
VEH-0018,1,Body,FALSE,0,45.98,,45,,45.98,,0,
VEH-0018,2,Body,FALSE,45.98,108.67,,68,,62.69,,0,
VEH-0018,3,Body,FALSE,108.67,173.9,,59.3,,65.23,,0,
VEH-0018,4,Body,TRUE,173.9,227.52,53.62,53.9,,53.62,,0,
VEH-0018,5,Body,TRUE,227.52,266.94,39.42,36.2,,39.42,PASS,0,
VEH-0018,6,Body,FALSE,266.94,300.18,,36.2,,33.24,,0,
VEH-0018,7,Body,FALSE,300.18,331.56,,32.3,,31.38,,0,
VEH-0018,8,Body,FALSE,331.56,398.75,,64.6,,67.19,,0,
VEH-0018,9,Body,FALSE,398.75,453.23,,54,,54.48,PASS,0,
VEH-0018,10,Body,TRUE,453.23,513.09,59.86,58.3,,59.86,,0,
VEH-0018,11,Body,TRUE,513.09,541.96,28.87,30.8,,28.87,PASS,0,
VEH-0018,12,Body,TRUE,541.96,615.5,73.54,68.8,,73.54,,0,
VEH-0018,13,Body,TRUE,615.5,681.26,65.76,63.3,45.6,65.76,PASS,0,
VEH-0018,14,Body,TRUE,681.26,718.44,37.18,38.5,45.49,37.18,,0,
VEH-0018,15,Body,FALSE,718.44,755.2,,37.3,,36.76,PASS,0,
VEH-0018,16,Paint,FALSE,755.2,789.43,,37.3,,34.23,,0,
VEH-0018,17,Paint,TRUE,789.43,831.52,42.09,42.2,,42.09,,0,
VEH-0018,18,Paint,FALSE,831.52,882.12,,51,,50.6,,0,
VEH-0018,19,Paint,TRUE,882.12,931.93,49.81,47.3,41.65,49.81,,0,
VEH-0018,20,Paint,TRUE,931.93,974.02,42.09,41.6,,42.09,,0,
VEH-0018,21,Paint,TRUE,974.02,1025.37,51.35,54.5,,51.35,,0,
VEH-0018,22,Paint,TRUE,1025.37,1061.54,36.17,35.6,,36.17,PASS,0,
VEH-0018,23,Final Assembly,TRUE,1061.54,1104.02,42.48,41.7,,42.48,,0,
VEH-0018,24,Final Assembly,TRUE,1104.02,1148.53,44.51,44.7,,44.51,,0,
VEH-0018,25,Final Assembly,TRUE,1148.53,1198.68,50.15,48.2,,50.15,,0,
VEH-0018,26,Final Assembly,TRUE,1198.68,1256.26,57.58,61.4,,57.58,PASS,0,
VEH-0018,27,Final Assembly,TRUE,1256.26,1296.36,40.1,38,43.94,40.1,,0,
VEH-0018,28,Final Assembly,FALSE,1296.36,1343.02,,50.6,,46.66,,0,
VEH-0018,29,Final Assembly,TRUE,1343.02,1395.99,52.97,53.7,41.86,52.97,,0,
VEH-0018,30,Final Assembly,TRUE,1395.99,1428.29,32.3,31.9,,32.3,,0,
VEH-0018,31,Final Assembly,TRUE,1428.29,1481.89,53.6,54.3,,53.6,,0,
VEH-0018,32,Final Assembly,TRUE,1481.89,1520.96,39.07,36.8,,39.07,PASS,0,
VEH-0018,33,Final Assembly,TRUE,1520.96,1554.62,33.66,32.6,42.91,33.66,,0,
VEH-0018,34,Final Assembly,TRUE,1554.62,1619.77,65.15,68,,65.15,,0,
VEH-0018,35,Final Assembly,TRUE,1619.77,1690.16,70.39,68.6,,70.39,,0,
VEH-0018,36,Final Assembly,TRUE,1690.16,1755.1,64.94,62.3,46.83,64.94,,0,
VEH-0018,37,Final Assembly,TRUE,1755.1,1799.86,44.76,42.2,,44.76,,0,
VEH-0018,38,Final Assembly,TRUE,1799.86,1833.61,33.75,33.9,,33.75,,0,
VEH-0018,39,Final Assembly,FALSE,1833.61,1892.05,,57.4,,58.44,,0,
VEH-0018,40,Final Assembly,TRUE,1892.05,1942.74,50.69,47.6,,50.69,,0,
VEH-0019,1,Body,FALSE,0,47.06,,45,,47.06,,0,
VEH-0019,2,Body,FALSE,47.06,116.24,,68,,69.18,,0,
VEH-0019,3,Body,FALSE,116.24,178.49,,59.3,,62.25,,0,
VEH-0019,4,Body,TRUE,178.49,224.57,46.08,53.9,,46.08,,0,
VEH-0019,5,Body,TRUE,224.57,264.55,39.98,36.2,,39.98,PASS,0,
VEH-0019,6,Body,FALSE,264.55,300.5,,36.2,,35.95,,0,
VEH-0019,7,Body,FALSE,300.5,334.58,,32.3,,34.08,,0,
VEH-0019,8,Body,FALSE,334.58,395.82,,64.6,,61.24,,0,
VEH-0019,9,Body,FALSE,395.82,451.47,,54,,55.65,PASS,0,
VEH-0019,10,Body,TRUE,451.47,506.69,55.22,58.3,,55.22,,0,
VEH-0019,11,Body,TRUE,506.69,536.53,29.84,30.8,,29.84,PASS,0,
VEH-0019,12,Body,TRUE,536.53,611.91,75.38,68.8,,75.38,,0,
VEH-0019,13,Body,TRUE,611.91,674.61,62.7,63.3,45.33,62.7,PASS,0,
VEH-0019,14,Body,TRUE,674.61,714.79,40.18,38.5,45.74,40.18,,0,
VEH-0019,15,Body,FALSE,714.79,752.37,,37.3,,37.58,PASS,0,
VEH-0019,16,Paint,FALSE,752.37,790.35,,37.3,,37.98,,0,
VEH-0019,17,Paint,TRUE,790.35,837.62,47.27,42.2,,47.27,,0,
VEH-0019,18,Paint,FALSE,837.62,888.47,,51,,50.85,,0,
VEH-0019,19,Paint,TRUE,888.47,936.24,47.77,47.3,46.58,47.77,,0,
VEH-0019,20,Paint,TRUE,936.24,980.14,43.9,41.6,,43.9,,0,
VEH-0019,21,Paint,TRUE,980.14,1037.88,57.74,54.5,,57.74,,0,
VEH-0019,22,Paint,TRUE,1037.88,1074.62,36.74,35.6,,36.74,PASS,0,
VEH-0019,23,Final Assembly,TRUE,1074.62,1113.93,39.31,41.7,,39.31,,0,
VEH-0019,24,Final Assembly,TRUE,1113.93,1162.29,48.36,44.7,,48.36,,0,
VEH-0019,25,Final Assembly,TRUE,1162.29,1207.73,45.44,48.2,,45.44,,0,
VEH-0019,26,Final Assembly,TRUE,1207.73,1270.06,62.33,61.4,,62.33,PASS,0,
VEH-0019,27,Final Assembly,TRUE,1270.06,1306.63,36.57,38,44.9,36.57,,0,
VEH-0019,28,Final Assembly,FALSE,1306.63,1358.06,,50.6,,51.43,,0,
VEH-0019,29,Final Assembly,TRUE,1358.06,1412.62,54.56,53.7,45.63,54.56,,0,
VEH-0019,30,Final Assembly,TRUE,1412.62,1447.09,34.47,31.9,,34.47,,0,
VEH-0019,31,Final Assembly,TRUE,1447.09,1502.62,55.53,54.3,,55.53,,0,
VEH-0019,32,Final Assembly,TRUE,1502.62,1538.97,36.35,36.8,,36.35,PASS,0,
VEH-0019,33,Final Assembly,TRUE,1538.97,1573.14,34.17,32.6,46.78,34.17,,0,
VEH-0019,34,Final Assembly,TRUE,1573.14,1636.97,63.83,68,,63.83,,0,
VEH-0019,35,Final Assembly,TRUE,1636.97,1707.62,70.65,68.6,,70.65,,0,
VEH-0019,36,Final Assembly,TRUE,1707.62,1772.11,64.49,62.3,44.55,64.49,,0,
VEH-0019,37,Final Assembly,TRUE,1772.11,1817.21,45.1,42.2,,45.1,,0,
VEH-0019,38,Final Assembly,TRUE,1817.21,1850.85,33.64,33.9,,33.64,,0,
VEH-0019,39,Final Assembly,FALSE,1850.85,1908.61,,57.4,,57.76,,0,
VEH-0019,40,Final Assembly,TRUE,1908.61,1955.8,47.19,47.6,,47.19,,0,
VEH-0020,1,Body,FALSE,0,45.04,,45,,45.04,,0,
VEH-0020,2,Body,FALSE,45.04,113.24,,68,,68.2,,0,
VEH-0020,3,Body,FALSE,113.24,175.87,,59.3,,62.63,,0,
VEH-0020,4,Body,TRUE,175.87,228.54,52.67,53.9,,52.67,,0,
VEH-0020,5,Body,TRUE,228.54,264.7,36.16,36.2,,36.16,PASS,0,
VEH-0020,6,Body,FALSE,264.7,298.81,,36.2,,34.11,,0,
VEH-0020,7,Body,FALSE,298.81,328.64,,32.3,,29.83,,0,
VEH-0020,8,Body,FALSE,328.64,397.91,,64.6,,69.27,,0,
VEH-0020,9,Body,FALSE,397.91,446.99,,54,,49.08,PASS,0,
VEH-0020,10,Body,TRUE,446.99,512.09,65.1,58.3,,65.1,,0,
VEH-0020,11,Body,TRUE,512.09,544.01,31.92,30.8,,31.92,PASS,0,
VEH-0020,12,Body,TRUE,544.01,615.15,71.14,68.8,,71.14,,0,
VEH-0020,13,Body,TRUE,615.15,680.27,65.12,63.3,44.62,65.12,PASS,0,
VEH-0020,14,Body,TRUE,680.27,719.53,39.26,38.5,44.72,39.26,,0,
VEH-0020,15,Body,FALSE,719.53,757.86,,37.3,,38.33,PASS,0,
VEH-0020,16,Paint,FALSE,757.86,795.1,,37.3,,37.24,,0,
VEH-0020,17,Paint,TRUE,795.1,835.29,40.19,42.2,,40.19,,0,
VEH-0020,18,Paint,FALSE,835.29,884.07,,51,,48.78,,0,
VEH-0020,19,Paint,TRUE,884.07,929.05,44.98,47.3,46.46,44.98,,0,
VEH-0020,20,Paint,TRUE,929.05,969.37,40.32,41.6,,40.32,,0,
VEH-0020,21,Paint,TRUE,969.37,1018.65,49.28,54.5,,49.28,,0,
VEH-0020,22,Paint,TRUE,1018.65,1054.96,36.31,35.6,,36.31,PASS,0,
VEH-0020,23,Final Assembly,TRUE,1054.96,1099.83,44.87,41.7,,44.87,,0,
VEH-0020,24,Final Assembly,TRUE,1099.83,1146.26,46.43,44.7,,46.43,,0,
VEH-0020,25,Final Assembly,TRUE,1146.26,1193.01,46.75,48.2,,46.75,,0,
VEH-0020,26,Final Assembly,TRUE,1193.01,1249.54,56.53,61.4,,56.53,PASS,0,
VEH-0020,27,Final Assembly,TRUE,1249.54,1287.28,37.74,38,44.76,37.74,,0,
VEH-0020,28,Final Assembly,FALSE,1287.28,1335.43,,50.6,,48.15,,0,
VEH-0020,29,Final Assembly,TRUE,1335.43,1390.61,55.18,53.7,47.77,55.18,,0,
VEH-0020,30,Final Assembly,TRUE,1390.61,1422.86,32.25,31.9,,32.25,,0,
VEH-0020,31,Final Assembly,TRUE,1422.86,1477.59,54.73,54.3,,54.73,,0,
VEH-0020,32,Final Assembly,TRUE,1477.59,1512.67,35.08,36.8,,35.08,PASS,0,
VEH-0020,33,Final Assembly,TRUE,1512.67,1547.55,34.88,32.6,44.89,34.88,,0,
VEH-0020,34,Final Assembly,TRUE,1547.55,1613.58,66.03,68,,66.03,,0,
VEH-0020,35,Final Assembly,TRUE,1613.58,1682.4,68.82,68.6,,68.82,,0,
VEH-0020,36,Final Assembly,TRUE,1682.4,1746.17,63.77,62.3,45.21,63.77,,0,
VEH-0020,37,Final Assembly,TRUE,1746.17,1790.91,44.74,42.2,,44.74,,0,
VEH-0020,38,Final Assembly,TRUE,1790.91,1825.46,34.55,33.9,,34.55,,0,
VEH-0020,39,Final Assembly,FALSE,1825.46,1882.05,,57.4,,56.59,,0,
VEH-0020,40,Final Assembly,TRUE,1882.05,1930.6,48.55,47.6,,48.55,,0,
VEH-0021,1,Body,FALSE,0,42.33,,45,,42.33,,0,
VEH-0021,2,Body,FALSE,42.33,111.38,,68,,69.05,,0,
VEH-0021,3,Body,FALSE,111.38,172.56,,59.3,,61.18,,0,
VEH-0021,4,Body,TRUE,172.56,227.58,55.02,53.9,,55.02,,0,
VEH-0021,5,Body,TRUE,227.58,263.44,35.86,36.2,,35.86,PASS,0,
VEH-0021,6,Body,FALSE,263.44,299.41,,36.2,,35.97,,0,
VEH-0021,7,Body,FALSE,299.41,331.78,,32.3,,32.37,,0,
VEH-0021,8,Body,FALSE,331.78,395.91,,64.6,,64.13,,0,
VEH-0021,9,Body,FALSE,395.91,452.51,,54,,56.6,PASS,0,
VEH-0021,10,Body,TRUE,452.51,517.26,64.75,58.3,,64.75,,0,
VEH-0021,11,Body,TRUE,517.26,547.2,29.94,30.8,,29.94,PASS,0,
VEH-0021,12,Body,TRUE,547.2,611.29,64.09,68.8,,64.09,,0,
VEH-0021,13,Body,TRUE,611.29,674.31,63.02,63.3,48.87,63.02,PASS,0,
VEH-0021,14,Body,TRUE,674.31,711.26,36.95,38.5,47.46,36.95,,0,
VEH-0021,15,Body,FALSE,711.26,751.68,,37.3,,40.42,PASS,0,
VEH-0021,16,Paint,FALSE,751.68,787.95,,37.3,,36.27,,0,
VEH-0021,17,Paint,TRUE,787.95,831.35,43.4,42.2,,43.4,,0,
VEH-0021,18,Paint,FALSE,831.35,886.5,,51,,55.15,,0,
VEH-0021,19,Paint,TRUE,886.5,932.91,46.41,47.3,44.69,46.41,,0,
VEH-0021,20,Paint,TRUE,932.91,973.3,40.39,41.6,,40.39,,0,
VEH-0021,21,Paint,TRUE,973.3,1025.03,51.73,54.5,,51.73,,0,
VEH-0021,22,Paint,TRUE,1025.03,1059.47,34.44,35.6,,34.44,PASS,0,
VEH-0021,23,Final Assembly,TRUE,1059.47,1098.61,39.14,41.7,,39.14,,0,
VEH-0021,24,Final Assembly,TRUE,1098.61,1143.39,44.78,44.7,,44.78,,0,
VEH-0021,25,Final Assembly,TRUE,1143.39,1189.73,46.34,48.2,,46.34,,0,
VEH-0021,26,Final Assembly,TRUE,1189.73,1251.85,62.12,61.4,,62.12,PASS,0,
VEH-0021,27,Final Assembly,TRUE,1251.85,1286.89,35.04,38,45.5,35.04,,0,
VEH-0021,28,Final Assembly,FALSE,1286.89,1339.6,,50.6,,52.71,,0,
VEH-0021,29,Final Assembly,TRUE,1339.6,1387.94,48.34,53.7,45.56,48.34,,0,
VEH-0021,30,Final Assembly,TRUE,1387.94,1421.79,33.85,31.9,,33.85,,0,
VEH-0021,31,Final Assembly,TRUE,1421.79,1472.81,51.02,54.3,,51.02,,0,
VEH-0021,32,Final Assembly,TRUE,1472.81,1512.69,39.88,36.8,,39.88,PASS,0,
VEH-0021,33,Final Assembly,TRUE,1512.69,1545.97,33.28,32.6,43.94,33.28,,0,
VEH-0021,34,Final Assembly,TRUE,1545.97,1613.78,67.81,68,,67.81,,0,
VEH-0021,35,Final Assembly,TRUE,1613.78,1684.3,70.52,68.6,,70.52,,0,
VEH-0021,36,Final Assembly,TRUE,1684.3,1746.84,62.54,62.3,45.81,62.54,,0,
VEH-0021,37,Final Assembly,TRUE,1746.84,1787.1,40.26,42.2,,40.26,,0,
VEH-0021,38,Final Assembly,TRUE,1787.1,1821.29,34.19,33.9,,34.19,,0,
VEH-0021,39,Final Assembly,FALSE,1821.29,1874.63,,57.4,,53.34,,0,
VEH-0021,40,Final Assembly,TRUE,1874.63,1921.97,47.34,47.6,,47.34,,0,
VEH-0022,1,Body,FALSE,0,42.97,,45,,42.97,,0,
VEH-0022,2,Body,FALSE,42.97,109.18,,68,,66.21,,0,
VEH-0022,3,Body,FALSE,109.18,169.55,,59.3,,60.37,,0,
VEH-0022,4,Body,TRUE,169.55,224.81,55.26,53.9,,55.26,,0,
VEH-0022,5,Body,TRUE,224.81,262.06,37.25,36.2,,37.25,PASS,0,
VEH-0022,6,Body,FALSE,262.06,296.32,,36.2,,34.26,,0,
VEH-0022,7,Body,FALSE,296.32,327.19,,32.3,,30.87,,0,
VEH-0022,8,Body,FALSE,327.19,389.52,,64.6,,62.33,,0,
VEH-0022,9,Body,FALSE,389.52,442.88,,54,,53.36,PASS,0,
VEH-0022,10,Body,TRUE,442.88,501.43,58.55,58.3,,58.55,,0,
VEH-0022,11,Body,TRUE,501.43,533.32,31.89,30.8,,31.89,PASS,0,
VEH-0022,12,Body,TRUE,533.32,599.2,65.88,68.8,,65.88,,0,
VEH-0022,13,Body,TRUE,599.2,657.42,58.22,63.3,48.23,58.22,PASS,0,
VEH-0022,14,Body,TRUE,657.42,693.74,36.32,38.5,46.25,36.32,,0,
VEH-0022,15,Body,FALSE,693.74,731.1,,37.3,,37.36,PASS,0,
VEH-0022,16,Paint,FALSE,731.1,768.87,,37.3,,37.77,,0,
VEH-0022,17,Paint,TRUE,768.87,811.07,42.2,42.2,,42.2,,0,
VEH-0022,18,Paint,FALSE,811.07,861.09,,51,,50.02,,0,
VEH-0022,19,Paint,TRUE,861.09,909.48,48.39,47.3,44.34,48.39,,0,
VEH-0022,20,Paint,TRUE,909.48,953.51,44.03,41.6,,44.03,,0,
VEH-0022,21,Paint,TRUE,953.51,1009.56,56.05,54.5,,56.05,,0,
VEH-0022,22,Paint,TRUE,1009.56,1046.23,36.67,35.6,,36.67,PASS,0,
VEH-0022,23,Final Assembly,TRUE,1046.23,1086.87,40.64,41.7,,40.64,,0,
VEH-0022,24,Final Assembly,TRUE,1086.87,1131.04,44.17,44.7,,44.17,,0,
VEH-0022,25,Final Assembly,TRUE,1131.04,1176.38,45.34,48.2,,45.34,,0,
VEH-0022,26,Final Assembly,TRUE,1176.38,1236.7,60.32,61.4,,60.32,PASS,0,
VEH-0022,27,Final Assembly,TRUE,1236.7,1272.73,36.03,38,46.97,36.03,,0,
VEH-0022,28,Final Assembly,FALSE,1272.73,1323.46,,50.6,,50.73,,0,
VEH-0022,29,Final Assembly,TRUE,1323.46,1377.62,54.16,53.7,44.66,54.16,,0,
VEH-0022,30,Final Assembly,TRUE,1377.62,1409.83,32.21,31.9,,32.21,,0,
VEH-0022,31,Final Assembly,TRUE,1409.83,1470.81,60.98,54.3,,60.98,,0,
VEH-0022,32,Final Assembly,TRUE,1470.81,1507.06,36.25,36.8,,36.25,PASS,0,
VEH-0022,33,Final Assembly,TRUE,1507.06,1538.6,31.54,32.6,45.79,31.54,,0,
VEH-0022,34,Final Assembly,TRUE,1538.6,1598.01,59.41,68,,59.41,,0,
VEH-0022,35,Final Assembly,TRUE,1598.01,1666.83,68.82,68.6,,68.82,,0,
VEH-0022,36,Final Assembly,TRUE,1666.83,1727.97,61.14,62.3,43.51,61.14,,0,
VEH-0022,37,Final Assembly,TRUE,1727.97,1771.24,43.27,42.2,,43.27,,0,
VEH-0022,38,Final Assembly,TRUE,1771.24,1805.23,33.99,33.9,,33.99,,0,
VEH-0022,39,Final Assembly,FALSE,1805.23,1857.46,,57.4,,52.23,,0,
VEH-0022,40,Final Assembly,TRUE,1857.46,1903.52,46.06,47.6,,46.06,,0,
VEH-0023,1,Body,FALSE,0,43.62,,45,,43.62,,0,
VEH-0023,2,Body,FALSE,43.62,110.59,,68,,66.97,,0,
VEH-0023,3,Body,FALSE,110.59,168.74,,59.3,,58.15,,0,
VEH-0023,4,Body,TRUE,168.74,223.1,54.36,53.9,,54.36,,0,
VEH-0023,5,Body,TRUE,223.1,259.59,36.49,36.2,,36.49,PASS,0,
VEH-0023,6,Body,FALSE,259.59,295.8,,36.2,,36.21,,0,
VEH-0023,7,Body,FALSE,295.8,328.8,,32.3,,33,,0,
VEH-0023,8,Body,FALSE,328.8,397.25,,64.6,,68.45,,0,
VEH-0023,9,Body,FALSE,397.25,453.81,,54,,56.56,PASS,0,
VEH-0023,10,Body,TRUE,453.81,507.77,53.96,58.3,,53.96,,0,
VEH-0023,11,Body,TRUE,507.77,534.64,26.87,30.8,,26.87,PASS,0,
VEH-0023,12,Body,TRUE,534.64,606.65,72.01,68.8,,72.01,,0,
VEH-0023,13,Body,TRUE,606.65,665.62,58.97,63.3,44.66,58.97,PASS,0,
VEH-0023,14,Body,TRUE,665.62,701.86,36.24,38.5,42.3,36.24,,0,
VEH-0023,15,Body,FALSE,701.86,740.17,,37.3,,38.31,PASS,0,
VEH-0023,16,Paint,FALSE,740.17,778.88,,37.3,,38.71,,0,
VEH-0023,17,Paint,TRUE,778.88,819.86,40.98,42.2,,40.98,,0,
VEH-0023,18,Paint,FALSE,819.86,864.25,,51,,44.39,,0,
VEH-0023,19,Paint,TRUE,864.25,910.26,46.01,47.3,45.59,46.01,,0,
VEH-0023,20,Paint,TRUE,910.26,948.78,38.52,41.6,,38.52,,0,
VEH-0023,21,Paint,TRUE,948.78,1003.78,55,54.5,,55,,0,
VEH-0023,22,Paint,TRUE,1003.78,1039.35,35.57,35.6,,35.57,PASS,0,
VEH-0023,23,Final Assembly,TRUE,1039.35,1082.26,42.91,41.7,,42.91,,0,
VEH-0023,24,Final Assembly,TRUE,1082.26,1127.23,44.97,44.7,,44.97,,0,
VEH-0023,25,Final Assembly,TRUE,1127.23,1173.08,45.85,48.2,,45.85,,0,
VEH-0023,26,Final Assembly,TRUE,1173.08,1238.15,65.07,61.4,,65.07,PASS,0,
VEH-0023,27,Final Assembly,TRUE,1238.15,1275.85,37.7,38,44.96,37.7,,0,
VEH-0023,28,Final Assembly,FALSE,1275.85,1324.09,,50.6,,48.24,,0,
VEH-0023,29,Final Assembly,TRUE,1324.09,1376.6,52.51,53.7,43.67,52.51,,0,
VEH-0023,30,Final Assembly,TRUE,1376.6,1408.23,31.63,31.9,,31.63,,0,
VEH-0023,31,Final Assembly,TRUE,1408.23,1467.17,58.94,54.3,,58.94,,0,
VEH-0023,32,Final Assembly,TRUE,1467.17,1501.45,34.28,36.8,,34.28,PASS,0,
VEH-0023,33,Final Assembly,TRUE,1501.45,1531.42,29.97,32.6,47.21,29.97,,0,
VEH-0023,34,Final Assembly,TRUE,1531.42,1598.71,67.29,68,,67.29,,0,
VEH-0023,35,Final Assembly,TRUE,1598.71,1665.02,66.31,68.6,,66.31,,0,
VEH-0023,36,Final Assembly,TRUE,1665.02,1730.56,65.54,62.3,44.09,65.54,,0,
VEH-0023,37,Final Assembly,TRUE,1730.56,1776.61,46.05,42.2,,46.05,,0,
VEH-0023,38,Final Assembly,TRUE,1776.61,1811.66,35.05,33.9,,35.05,,0,
VEH-0023,39,Final Assembly,FALSE,1811.66,1867.66,,57.4,,56,,0,
VEH-0023,40,Final Assembly,TRUE,1867.66,1920.39,52.73,47.6,,52.73,,0,
VEH-0024,1,Body,FALSE,0,43.64,,45,,43.64,,0,
VEH-0024,2,Body,FALSE,43.64,108.91,,68,,65.27,,0,
VEH-0024,3,Body,FALSE,108.91,172.05,,59.3,,63.14,,0,
VEH-0024,4,Body,TRUE,172.05,223.3,51.25,53.9,,51.25,,0,
VEH-0024,5,Body,TRUE,223.3,257.1,33.8,36.2,,33.8,PASS,0,
VEH-0024,6,Body,FALSE,257.1,294.53,,36.2,,37.43,,0,
VEH-0024,7,Body,FALSE,294.53,328.69,,32.3,,34.16,,0,
VEH-0024,8,Body,FALSE,328.69,391.83,,64.6,,63.14,,0,
VEH-0024,9,Body,FALSE,391.83,444.65,,54,,52.82,PASS,0,
VEH-0024,10,Body,TRUE,444.65,503.78,59.13,58.3,,59.13,,0,
VEH-0024,11,Body,TRUE,503.78,533.49,29.71,30.8,,29.71,PASS,0,
VEH-0024,12,Body,TRUE,533.49,599.6,66.11,68.8,,66.11,,0,
VEH-0024,13,Body,TRUE,599.6,665.69,66.09,63.3,45.91,66.09,PASS,0,
VEH-0024,14,Body,TRUE,665.69,706.72,41.03,38.5,43.12,41.03,,0,
VEH-0024,15,Body,FALSE,706.72,743.09,,37.3,,36.37,PASS,0,
VEH-0024,16,Paint,FALSE,743.09,780.91,,37.3,,37.82,,0,
VEH-0024,17,Paint,TRUE,780.91,821.16,40.25,42.2,,40.25,,0,
VEH-0024,18,Paint,FALSE,821.16,873.8,,51,,52.64,,0,
VEH-0024,19,Paint,TRUE,873.8,923.99,50.19,47.3,44.12,50.19,,0,
VEH-0024,20,Paint,TRUE,923.99,965.67,41.68,41.6,,41.68,,0,
VEH-0024,21,Paint,TRUE,965.67,1024.14,58.47,54.5,,58.47,,0,
VEH-0024,22,Paint,TRUE,1024.14,1062.94,38.8,35.6,,38.8,PASS,0,
VEH-0024,23,Final Assembly,TRUE,1062.94,1106.2,43.26,41.7,,43.26,,0,
VEH-0024,24,Final Assembly,TRUE,1106.2,1152.23,46.03,44.7,,46.03,,0,
VEH-0024,25,Final Assembly,TRUE,1152.23,1198.37,46.14,48.2,,46.14,,0,
VEH-0024,26,Final Assembly,TRUE,1198.37,1260.87,62.5,61.4,,62.5,PASS,0,
VEH-0024,27,Final Assembly,TRUE,1260.87,1299.93,39.06,38,44.68,39.06,,0,
VEH-0024,28,Final Assembly,FALSE,1299.93,1349.03,,50.6,,49.1,,0,
VEH-0024,29,Final Assembly,TRUE,1349.03,1399.28,50.25,53.7,42.39,50.25,,0,
VEH-0024,30,Final Assembly,TRUE,1399.28,1428.08,28.8,31.9,,28.8,,0,
VEH-0024,31,Final Assembly,TRUE,1428.08,1483.95,55.87,54.3,,55.87,,0,
VEH-0024,32,Final Assembly,TRUE,1483.95,1521.02,37.07,36.8,,37.07,PASS,0,
VEH-0024,33,Final Assembly,TRUE,1521.02,1552.83,31.81,32.6,44.5,31.81,,0,
VEH-0024,34,Final Assembly,TRUE,1552.83,1621.55,68.72,68,,68.72,,0,
VEH-0024,35,Final Assembly,TRUE,1621.55,1689.59,68.04,68.6,,68.04,,0,
VEH-0024,36,Final Assembly,TRUE,1689.59,1747.71,58.12,62.3,46.37,58.12,,0,
VEH-0024,37,Final Assembly,TRUE,1747.71,1790.55,42.84,42.2,,42.84,,0,
VEH-0024,38,Final Assembly,TRUE,1790.55,1824.9,34.35,33.9,,34.35,,0,
VEH-0024,39,Final Assembly,FALSE,1824.9,1884.7,,57.4,,59.8,,0,
VEH-0024,40,Final Assembly,TRUE,1884.7,1930.36,45.66,47.6,,45.66,,0,
VEH-0025,1,Body,FALSE,0,47.79,,45,,47.79,,0,
VEH-0025,2,Body,FALSE,47.79,115.86,,68,,68.07,,0,
VEH-0025,3,Body,FALSE,115.86,176.07,,59.3,,60.21,,0,
VEH-0025,4,Body,TRUE,176.07,234.57,58.5,53.9,,58.5,,0,
VEH-0025,5,Body,TRUE,234.57,271.21,36.64,36.2,,36.64,PASS,0,
VEH-0025,6,Body,FALSE,271.21,312.12,,36.2,,40.91,,0,
VEH-0025,7,Body,FALSE,312.12,345.33,,32.3,,33.21,,0,
VEH-0025,8,Body,FALSE,345.33,404.24,,64.6,,58.91,,0,
VEH-0025,9,Body,FALSE,404.24,460.27,,54,,56.03,PASS,0,
VEH-0025,10,Body,TRUE,460.27,519.68,59.41,58.3,,59.41,,0,
VEH-0025,11,Body,TRUE,519.68,552.47,32.79,30.8,,32.79,PASS,0,
VEH-0025,12,Body,TRUE,552.47,623.59,71.12,68.8,,71.12,,0,
VEH-0025,13,Body,TRUE,623.59,686.45,62.86,63.3,43.16,62.86,PASS,0,
VEH-0025,14,Body,TRUE,686.45,724.55,38.1,38.5,43.72,38.1,,0,
VEH-0025,15,Body,FALSE,724.55,760.77,,37.3,,36.22,PASS,0,
VEH-0025,16,Paint,FALSE,760.77,799.16,,37.3,,38.39,,0,
VEH-0025,17,Paint,TRUE,799.16,844.88,45.72,42.2,,45.72,,0,
VEH-0025,18,Paint,FALSE,844.88,896.89,,51,,52.01,,0,
VEH-0025,19,Paint,TRUE,896.89,941.37,44.48,47.3,45.67,44.48,,0,
VEH-0025,20,Paint,TRUE,941.37,985.46,44.09,41.6,,44.09,,0,
VEH-0025,21,Paint,TRUE,985.46,1038.3,52.84,54.5,,52.84,,0,
VEH-0025,22,Paint,TRUE,1038.3,1073.66,35.36,35.6,,35.36,PASS,0,
VEH-0025,23,Final Assembly,TRUE,1073.66,1115.39,41.73,41.7,,41.73,,0,
VEH-0025,24,Final Assembly,TRUE,1115.39,1158.33,42.94,44.7,,42.94,,0,
VEH-0025,25,Final Assembly,TRUE,1158.33,1208.09,49.76,48.2,,49.76,,0,
VEH-0025,26,Final Assembly,TRUE,1208.09,1269.12,61.03,61.4,,61.03,PASS,0,
VEH-0025,27,Final Assembly,TRUE,1269.12,1307.92,38.8,38,43.67,38.8,,0,
VEH-0025,28,Final Assembly,FALSE,1307.92,1357.41,,50.6,,49.49,,0,
VEH-0025,29,Final Assembly,TRUE,1357.41,1413.05,55.64,53.7,44.44,55.64,,0,
VEH-0025,30,Final Assembly,TRUE,1413.05,1447.7,34.65,31.9,,34.65,,0,
VEH-0025,31,Final Assembly,TRUE,1447.7,1500.92,53.22,54.3,,53.22,,0,
VEH-0025,32,Final Assembly,TRUE,1500.92,1538.13,37.21,36.8,,37.21,PASS,0,
VEH-0025,33,Final Assembly,TRUE,1538.13,1572.25,34.12,32.6,42.87,34.12,,0,
VEH-0025,34,Final Assembly,TRUE,1572.25,1634.26,62.01,68,,62.01,,0,
VEH-0025,35,Final Assembly,TRUE,1634.26,1697.63,63.37,68.6,,63.37,,0,
VEH-0025,36,Final Assembly,TRUE,1697.63,1763.87,66.24,62.3,44.17,66.24,,0,
VEH-0025,37,Final Assembly,TRUE,1763.87,1811.47,47.6,42.2,,47.6,,0,
VEH-0025,38,Final Assembly,TRUE,1811.47,1844.41,32.94,33.9,,32.94,,0,
VEH-0025,39,Final Assembly,FALSE,1844.41,1902.34,,57.4,,57.93,,0,
VEH-0025,40,Final Assembly,TRUE,1902.34,1953.61,51.27,47.6,,51.27,,0,
VEH-0026,1,Body,FALSE,0,49.51,,45,,49.51,,0,
VEH-0026,2,Body,FALSE,49.51,116.04,,68,,66.53,,0,
VEH-0026,3,Body,FALSE,116.04,172.72,,59.3,,56.68,,0,
VEH-0026,4,Body,TRUE,172.72,224.34,51.62,53.9,,51.62,,0,
VEH-0026,5,Body,TRUE,224.34,260.3,35.96,36.2,,35.96,PASS,0,
VEH-0026,6,Body,FALSE,260.3,297.37,,36.2,,37.07,,0,
VEH-0026,7,Body,FALSE,297.37,327.47,,32.3,,30.1,,0,
VEH-0026,8,Body,FALSE,327.47,392.68,,64.6,,65.21,,0,
VEH-0026,9,Body,FALSE,392.68,448.24,,54,,55.56,PASS,0,
VEH-0026,10,Body,TRUE,448.24,511.98,63.74,58.3,,63.74,,0,
VEH-0026,11,Body,TRUE,511.98,541.12,29.14,30.8,,29.14,PASS,0,
VEH-0026,12,Body,TRUE,541.12,608.72,67.6,68.8,,67.6,,0,
VEH-0026,13,Body,TRUE,608.72,672.85,64.13,63.3,46.72,64.13,PASS,0,
VEH-0026,14,Body,TRUE,672.85,710.76,37.91,38.5,46.8,37.91,,0,
VEH-0026,15,Body,FALSE,710.76,744.46,,37.3,,33.7,PASS,0,
VEH-0026,16,Paint,FALSE,744.46,779.43,,37.3,,34.97,,0,
VEH-0026,17,Paint,TRUE,779.43,822.37,42.94,42.2,,42.94,,0,
VEH-0026,18,Paint,FALSE,822.37,869.77,,51,,47.4,,0,
VEH-0026,19,Paint,TRUE,869.77,914.3,44.53,47.3,44.21,44.53,,0,
VEH-0026,20,Paint,TRUE,914.3,957.5,43.2,41.6,,43.2,,0,
VEH-0026,21,Paint,TRUE,957.5,1006.82,49.32,54.5,,49.32,,0,
VEH-0026,22,Paint,TRUE,1006.82,1042.72,35.9,35.6,,35.9,PASS,0,
VEH-0026,23,Final Assembly,TRUE,1042.72,1086.58,43.86,41.7,,43.86,,0,
VEH-0026,24,Final Assembly,TRUE,1086.58,1130.84,44.26,44.7,,44.26,,0,
VEH-0026,25,Final Assembly,TRUE,1130.84,1178.15,47.31,48.2,,47.31,,0,
VEH-0026,26,Final Assembly,TRUE,1178.15,1240.78,62.63,61.4,,62.63,PASS,0,
VEH-0026,27,Final Assembly,TRUE,1240.78,1278.41,37.63,38,47.09,37.63,,0,
VEH-0026,28,Final Assembly,FALSE,1278.41,1326.2,,50.6,,47.79,,0,
VEH-0026,29,Final Assembly,TRUE,1326.2,1379.76,53.56,53.7,45.31,53.56,,0,
VEH-0026,30,Final Assembly,TRUE,1379.76,1411.06,31.3,31.9,,31.3,,0,
VEH-0026,31,Final Assembly,TRUE,1411.06,1457.58,46.52,54.3,,46.52,,0,
VEH-0026,32,Final Assembly,TRUE,1457.58,1494.08,36.5,36.8,,36.5,PASS,0,
VEH-0026,33,Final Assembly,TRUE,1494.08,1528.15,34.07,32.6,46.17,34.07,,0,
VEH-0026,34,Final Assembly,TRUE,1528.15,1597.36,69.21,68,,69.21,,0,
VEH-0026,35,Final Assembly,TRUE,1597.36,1662.19,64.83,68.6,,64.83,,0,
VEH-0026,36,Final Assembly,TRUE,1662.19,1725.72,63.53,62.3,44.14,63.53,,0,
VEH-0026,37,Final Assembly,TRUE,1725.72,1768.67,42.95,42.2,,42.95,,0,
VEH-0026,38,Final Assembly,TRUE,1768.67,1802.78,34.11,33.9,,34.11,,0,
VEH-0026,39,Final Assembly,FALSE,1802.78,1857.38,,57.4,,54.6,,0,
VEH-0026,40,Final Assembly,TRUE,1857.38,1902.86,45.48,47.6,,45.48,,0,
VEH-0027,1,Body,FALSE,0,46.66,,45,,46.66,,0,
VEH-0027,2,Body,FALSE,46.66,113.7,,68,,67.04,,0,
VEH-0027,3,Body,FALSE,113.7,173.2,,59.3,,59.5,,0,
VEH-0027,4,Body,TRUE,173.2,228.49,55.29,53.9,,55.29,,0,
VEH-0027,5,Body,TRUE,228.49,261.86,33.37,36.2,,33.37,PASS,0,
VEH-0027,6,Body,FALSE,261.86,297.1,,36.2,,35.24,,0,
VEH-0027,7,Body,FALSE,297.1,330.68,,32.3,,33.58,,0,
VEH-0027,8,Body,FALSE,330.68,391.23,,64.6,,60.55,,0,
VEH-0027,9,Body,FALSE,391.23,446.02,,54,,54.79,PASS,0,
VEH-0027,10,Body,TRUE,446.02,500.36,54.34,58.3,,54.34,,0,
VEH-0027,11,Body,TRUE,500.36,531.88,31.52,30.8,,31.52,PASS,0,
VEH-0027,12,Body,TRUE,531.88,600.56,68.68,68.8,,68.68,,0,
VEH-0027,13,Body,TRUE,600.56,658.74,58.18,63.3,46.75,58.18,PASS,0,
VEH-0027,14,Body,TRUE,658.74,695.82,37.08,38.5,43.78,37.08,,0,
VEH-0027,15,Body,FALSE,695.82,733.49,,37.3,,37.67,PASS,0,
VEH-0027,16,Paint,FALSE,733.49,772.93,,37.3,,39.44,,0,
VEH-0027,17,Paint,TRUE,772.93,812.99,40.06,42.2,,40.06,,0,
VEH-0027,18,Paint,FALSE,812.99,864.15,,51,,51.16,,0,
VEH-0027,19,Paint,TRUE,864.15,912.46,48.31,47.3,46.04,48.31,,0,
VEH-0027,20,Paint,TRUE,912.46,954.43,41.97,41.6,,41.97,,0,
VEH-0027,21,Paint,TRUE,954.43,1007.93,53.5,54.5,,53.5,,0,
VEH-0027,22,Paint,TRUE,1007.93,1042.06,34.13,35.6,,34.13,PASS,0,
VEH-0027,23,Final Assembly,TRUE,1042.06,1083.94,41.88,41.7,,41.88,,0,
VEH-0027,24,Final Assembly,TRUE,1083.94,1126.24,42.3,44.7,,42.3,,0,
VEH-0027,25,Final Assembly,TRUE,1126.24,1167.4,41.16,48.2,,41.16,,0,
VEH-0027,26,Final Assembly,TRUE,1167.4,1230.14,62.74,61.4,,62.74,PASS,0,
VEH-0027,27,Final Assembly,TRUE,1230.14,1269.86,39.72,38,41.46,39.72,,0,
VEH-0027,28,Final Assembly,FALSE,1269.86,1317.91,,50.6,,48.05,,0,
VEH-0027,29,Final Assembly,TRUE,1317.91,1373.28,55.37,53.7,48.09,55.37,,0,
VEH-0027,30,Final Assembly,TRUE,1373.28,1405.21,31.93,31.9,,31.93,,0,
VEH-0027,31,Final Assembly,TRUE,1405.21,1457.54,52.33,54.3,,52.33,,0,
VEH-0027,32,Final Assembly,TRUE,1457.54,1494,36.46,36.8,,36.46,PASS,0,
VEH-0027,33,Final Assembly,TRUE,1494,1528.84,34.84,32.6,44.03,34.84,,0,
VEH-0027,34,Final Assembly,TRUE,1528.84,1594.12,65.28,68,,65.28,,0,
VEH-0027,35,Final Assembly,TRUE,1594.12,1661.06,66.94,68.6,,66.94,,0,
VEH-0027,36,Final Assembly,TRUE,1661.06,1720.39,59.33,62.3,45.18,59.33,,0,
VEH-0027,37,Final Assembly,TRUE,1720.39,1766.02,45.63,42.2,,45.63,,0,
VEH-0027,38,Final Assembly,TRUE,1766.02,1800.47,34.45,33.9,,34.45,,0,
VEH-0027,39,Final Assembly,FALSE,1800.47,1857.15,,57.4,,56.68,,0,
VEH-0027,40,Final Assembly,TRUE,1857.15,1904.06,46.91,47.6,,46.91,,0,
VEH-0028,1,Body,FALSE,0,41.48,,45,,41.48,,0,
VEH-0028,2,Body,FALSE,41.48,103.26,,68,,61.78,,0,
VEH-0028,3,Body,FALSE,103.26,163.15,,59.3,,59.89,,0,
VEH-0028,4,Body,TRUE,163.15,218.03,54.88,53.9,,54.88,,0,
VEH-0028,5,Body,TRUE,218.03,256.71,38.68,36.2,,38.68,PASS,0,
VEH-0028,6,Body,FALSE,256.71,295.06,,36.2,,38.35,,0,
VEH-0028,7,Body,FALSE,295.06,328.22,,32.3,,33.16,,0,
VEH-0028,8,Body,FALSE,328.22,395.29,,64.6,,67.07,,0,
VEH-0028,9,Body,FALSE,395.29,448.77,,54,,53.48,PASS,0,
VEH-0028,10,Body,TRUE,448.77,503.51,54.74,58.3,,54.74,,0,
VEH-0028,11,Body,TRUE,503.51,534.49,30.98,30.8,,30.98,PASS,0,
VEH-0028,12,Body,TRUE,534.49,606.67,72.18,68.8,,72.18,,0,
VEH-0028,13,Body,TRUE,606.67,672.05,65.38,63.3,46.25,65.38,PASS,0,
VEH-0028,14,Body,TRUE,672.05,709.72,37.67,38.5,44.6,37.67,,0,
VEH-0028,15,Body,FALSE,709.72,747.92,,37.3,,38.2,PASS,0,
VEH-0028,16,Paint,FALSE,747.92,784.2,,37.3,,36.28,,0,
VEH-0028,17,Paint,TRUE,784.2,825.31,41.11,42.2,,41.11,,0,
VEH-0028,18,Paint,FALSE,825.31,877.07,,51,,51.76,,0,
VEH-0028,19,Paint,TRUE,877.07,926.17,49.1,47.3,44.7,49.1,,0,
VEH-0028,20,Paint,TRUE,926.17,965.35,39.18,41.6,,39.18,,0,
VEH-0028,21,Paint,TRUE,965.35,1017.84,52.49,54.5,,52.49,,0,
VEH-0028,22,Paint,TRUE,1017.84,1053.8,35.96,35.6,,35.96,PASS,0,
VEH-0028,23,Final Assembly,TRUE,1053.8,1095.9,42.1,41.7,,42.1,,0,
VEH-0028,24,Final Assembly,TRUE,1095.9,1141.14,45.24,44.7,,45.24,,0,
VEH-0028,25,Final Assembly,TRUE,1141.14,1190.6,49.46,48.2,,49.46,,0,
VEH-0028,26,Final Assembly,TRUE,1190.6,1252.02,61.42,61.4,,61.42,PASS,0,
VEH-0028,27,Final Assembly,TRUE,1252.02,1290.52,38.5,38,44.93,38.5,,0,
VEH-0028,28,Final Assembly,FALSE,1290.52,1344.03,,50.6,,53.51,,0,
VEH-0028,29,Final Assembly,TRUE,1344.03,1401.58,57.55,53.7,43.22,57.55,,0,
VEH-0028,30,Final Assembly,TRUE,1401.58,1433.07,31.49,31.9,,31.49,,0,
VEH-0028,31,Final Assembly,TRUE,1433.07,1487.46,54.39,54.3,,54.39,,0,
VEH-0028,32,Final Assembly,TRUE,1487.46,1523.77,36.31,36.8,,36.31,PASS,0,
VEH-0028,33,Final Assembly,TRUE,1523.77,1559.29,35.52,32.6,45.34,35.52,,0,
VEH-0028,34,Final Assembly,TRUE,1559.29,1624.55,65.26,68,,65.26,,0,
VEH-0028,35,Final Assembly,TRUE,1624.55,1695.2,70.65,68.6,,70.65,,0,
VEH-0028,36,Final Assembly,TRUE,1695.2,1758.35,63.15,62.3,45.46,63.15,,0,
VEH-0028,37,Final Assembly,TRUE,1758.35,1804.36,46.01,42.2,,46.01,,0,
VEH-0028,38,Final Assembly,TRUE,1804.36,1838.86,34.5,33.9,,34.5,,0,
VEH-0028,39,Final Assembly,FALSE,1838.86,1895.39,,57.4,,56.53,,0,
VEH-0028,40,Final Assembly,TRUE,1895.39,1938.34,42.95,47.6,,42.95,,0,
VEH-0029,1,Body,FALSE,0,47.74,,45,,47.74,,0,
VEH-0029,2,Body,FALSE,47.74,120.91,,68,,73.17,,0,
VEH-0029,3,Body,FALSE,120.91,183.17,,59.3,,62.26,,0,
VEH-0029,4,Body,TRUE,183.17,235.9,52.73,53.9,,52.73,,0,
VEH-0029,6,Body,FALSE,272.83,308.99,,36.2,,36.16,,0,
VEH-0029,7,Body,FALSE,308.99,339.84,,32.3,,30.85,,0,
VEH-0029,8,Body,FALSE,339.84,405.49,,64.6,,65.65,,0,
VEH-0029,9,Body,FALSE,405.49,456.31,,54,,50.82,PASS,0,
VEH-0029,10,Body,TRUE,456.31,518.08,61.77,58.3,,61.77,,0,
VEH-0029,11,Body,TRUE,518.08,548.16,30.08,30.8,,30.08,PASS,0,
VEH-0029,12,Body,TRUE,548.16,617.65,69.49,68.8,,69.49,,0,
VEH-0029,13,Body,TRUE,617.65,681.85,64.2,63.3,44.61,64.2,PASS,0,
VEH-0029,14,Body,TRUE,681.85,721.48,39.63,38.5,44.29,39.63,,0,
VEH-0029,15,Body,FALSE,721.48,760.4,,37.3,,38.92,PASS,0,
VEH-0029,16,Paint,FALSE,760.4,795.2,,37.3,,34.8,,0,
VEH-0029,17,Paint,TRUE,795.2,837.67,42.47,42.2,,42.47,,0,
VEH-0029,18,Paint,FALSE,837.67,893.61,,51,,55.94,,0,
VEH-0029,19,Paint,TRUE,893.61,938.55,44.94,47.3,43.98,44.94,,0,
VEH-0029,20,Paint,TRUE,938.55,981.22,42.67,41.6,,42.67,,0,
VEH-0029,21,Paint,TRUE,981.22,1036.21,54.99,54.5,,54.99,,0,
VEH-0029,22,Paint,TRUE,1036.21,1072.43,36.22,35.6,,36.22,PASS,0,
VEH-0029,23,Final Assembly,TRUE,1072.43,1115.15,42.72,41.7,,42.72,,0,
VEH-0029,24,Final Assembly,TRUE,1115.15,1161.27,46.12,44.7,,46.12,,0,
VEH-0029,25,Final Assembly,TRUE,1161.27,1212.14,50.87,48.2,,50.87,,0,
VEH-0029,26,Final Assembly,TRUE,1212.14,1274.8,62.66,61.4,,62.66,PASS,0,
VEH-0029,27,Final Assembly,TRUE,1274.8,1312.34,37.54,38,46.01,37.54,,0,
VEH-0029,28,Final Assembly,FALSE,1312.34,1367.75,,50.6,,55.41,,0,
VEH-0029,29,Final Assembly,TRUE,1367.75,1421.09,53.34,53.7,43.54,53.34,,0,
VEH-0029,30,Final Assembly,TRUE,1421.09,1454.75,33.66,31.9,,33.66,,0,
VEH-0029,31,Final Assembly,TRUE,1454.75,1508.72,53.97,54.3,,53.97,,0,
VEH-0029,32,Final Assembly,TRUE,1508.72,1541.52,32.8,36.8,,32.8,PASS,0,
VEH-0029,33,Final Assembly,TRUE,1541.52,1575.5,33.98,32.6,44.2,33.98,,0,
VEH-0029,34,Final Assembly,TRUE,1575.5,1643.19,67.69,68,,67.69,,0,
VEH-0029,35,Final Assembly,TRUE,1643.19,1712.93,69.74,68.6,,69.74,,0,
VEH-0029,36,Final Assembly,TRUE,1712.93,1775.82,62.89,62.3,46.06,62.89,,0,
VEH-0029,37,Final Assembly,TRUE,1775.82,1817.1,41.28,42.2,,41.28,,0,
VEH-0029,38,Final Assembly,TRUE,1817.1,1851.87,34.77,33.9,,34.77,,0,
VEH-0029,39,Final Assembly,FALSE,1851.87,1908.53,,57.4,,56.66,,0,
VEH-0029,40,Final Assembly,TRUE,1908.53,1957.89,49.36,47.6,,49.36,,0,
VEH-0030,1,Body,FALSE,0,46.38,,45,,46.38,,0,
VEH-0030,2,Body,FALSE,46.38,108.92,,68,,62.54,,0,
VEH-0030,3,Body,FALSE,108.92,170.53,,59.3,,61.61,,0,
VEH-0030,4,Body,TRUE,170.53,227.27,56.74,53.9,,56.74,,0,
VEH-0030,5,Body,TRUE,227.27,261.91,34.64,36.2,,34.64,PASS,0,
VEH-0030,6,Body,FALSE,261.91,298.89,,36.2,,36.98,,0,
VEH-0030,7,Body,FALSE,298.89,332.64,,32.3,,33.75,,0,
VEH-0030,8,Body,FALSE,332.64,400.15,,64.6,,67.51,,0,
VEH-0030,9,Body,FALSE,400.15,454.73,,54,,54.58,PASS,0,
VEH-0030,10,Body,TRUE,454.73,515.17,60.44,58.3,,60.44,,0,
VEH-0030,11,Body,TRUE,515.17,544.97,29.8,30.8,,29.8,PASS,0,
VEH-0030,12,Body,TRUE,544.97,614.06,69.09,68.8,,69.09,,0,
VEH-0030,13,Body,TRUE,614.06,675.88,61.82,63.3,43.9,61.82,PASS,0,
VEH-0030,14,Body,TRUE,675.88,714.45,38.57,38.5,45.52,38.57,,0,
VEH-0030,15,Body,FALSE,714.45,753.91,,37.3,,39.46,PASS,0,
VEH-0030,16,Paint,FALSE,753.91,791.7,,37.3,,37.79,,0,
VEH-0030,17,Paint,TRUE,791.7,835.25,43.55,42.2,,43.55,,0,
VEH-0030,18,Paint,FALSE,835.25,887.92,,51,,52.67,,0,
VEH-0030,19,Paint,TRUE,887.92,941.56,53.64,47.3,42.28,53.64,,0,
VEH-0030,20,Paint,TRUE,941.56,981.73,40.17,41.6,,40.17,,0,
VEH-0030,21,Paint,TRUE,981.73,1040.25,58.52,54.5,,58.52,,0,
VEH-0030,22,Paint,TRUE,1040.25,1075.22,34.97,35.6,,34.97,PASS,0,
VEH-0030,23,Final Assembly,TRUE,1075.22,1118.77,43.55,41.7,,43.55,,0,
VEH-0030,24,Final Assembly,TRUE,1118.77,1163.99,45.22,44.7,,45.22,,0,
VEH-0030,25,Final Assembly,TRUE,1163.99,1217.26,53.27,48.2,,53.27,,0,
VEH-0030,27,Final Assembly,TRUE,1275.24,1315.56,40.32,38,47.62,40.32,,0,
VEH-0030,28,Final Assembly,FALSE,1315.56,1363.59,,50.6,,48.03,,0,
VEH-0030,29,Final Assembly,TRUE,1363.59,1419.4,55.81,53.7,43.55,55.81,,0,
VEH-0030,30,Final Assembly,TRUE,1419.4,1451.35,31.95,31.9,,31.95,,0,
VEH-0030,31,Final Assembly,TRUE,1451.35,1504.95,53.6,54.3,,53.6,,0,
VEH-0030,32,Final Assembly,TRUE,1504.95,1537.33,32.38,36.8,,32.38,PASS,0,
VEH-0030,33,Final Assembly,TRUE,1537.33,1570.62,33.29,32.6,45.22,33.29,,0,
VEH-0030,34,Final Assembly,TRUE,1570.62,1643.65,73.03,68,,73.03,,0,
VEH-0030,35,Final Assembly,TRUE,1643.65,1714.35,70.7,68.6,,70.7,,0,
VEH-0030,36,Final Assembly,TRUE,1714.35,1783.8,69.45,62.3,45.16,69.45,,0,
VEH-0030,37,Final Assembly,TRUE,1783.8,1825.78,41.98,42.2,,41.98,,0,
VEH-0030,38,Final Assembly,TRUE,1825.78,1859.37,33.59,33.9,,33.59,,0,
VEH-0030,39,Final Assembly,FALSE,1859.37,1915.51,,57.4,,56.14,,0,
VEH-0030,40,Final Assembly,TRUE,1915.51,1957.86,42.35,47.6,,42.35,,0,
VEH-0031,1,Body,FALSE,0,44.3,,45,,44.3,,0,
VEH-0031,2,Body,FALSE,44.3,109.74,,68,,65.44,,0,
VEH-0031,3,Body,FALSE,109.74,169.98,,59.3,,60.24,,0,
VEH-0031,4,Body,TRUE,169.98,227.5,57.52,53.9,,57.52,,0,
VEH-0031,5,Body,TRUE,227.5,260.31,32.81,36.2,,32.81,PASS,0,
VEH-0031,6,Body,FALSE,260.31,296.72,,36.2,,36.41,,0,
VEH-0031,7,Body,FALSE,296.72,328.76,,32.3,,32.04,,0,
VEH-0031,8,Body,FALSE,328.76,395.53,,64.6,,66.77,,0,
VEH-0031,9,Body,FALSE,395.53,450.11,,54,,54.58,PASS,0,
VEH-0031,10,Body,TRUE,450.11,506.21,56.1,58.3,,56.1,,0,
VEH-0031,11,Body,TRUE,506.21,536.52,30.31,30.8,,30.31,PASS,0,
VEH-0031,12,Body,TRUE,536.52,602.58,66.06,68.8,,66.06,,0,
VEH-0031,13,Body,TRUE,602.58,669.29,66.71,63.3,45.03,66.71,PASS,0,
VEH-0031,14,Body,TRUE,669.29,711.46,42.17,38.5,44.91,42.17,,0,
VEH-0031,15,Body,FALSE,711.46,747.44,,37.3,,35.98,PASS,0,
VEH-0031,16,Paint,FALSE,747.44,781.92,,37.3,,34.48,,0,
VEH-0031,17,Paint,TRUE,781.92,820.32,38.4,42.2,,38.4,,0,
VEH-0031,18,Paint,FALSE,820.32,867.28,,51,,46.96,,0,
VEH-0031,19,Paint,TRUE,867.28,915.21,47.93,47.3,45.76,47.93,,0,
VEH-0031,20,Paint,TRUE,915.21,953.52,38.31,41.6,,38.31,,0,
VEH-0031,21,Paint,TRUE,953.52,1010.46,56.94,54.5,,56.94,,0,
VEH-0031,22,Paint,TRUE,1010.46,1045.2,34.74,35.6,,34.74,PASS,0,
VEH-0031,23,Final Assembly,TRUE,1045.2,1087.21,42.01,41.7,,42.01,,0,
VEH-0031,24,Final Assembly,TRUE,1087.21,1135.52,48.31,44.7,,48.31,,0,
VEH-0031,25,Final Assembly,TRUE,1135.52,1185.88,50.36,48.2,,50.36,,0,
VEH-0031,26,Final Assembly,TRUE,1185.88,1246.46,60.58,61.4,,60.58,PASS,0,
VEH-0031,27,Final Assembly,TRUE,1246.46,1282.77,36.31,38,41.77,36.31,,0,
VEH-0031,28,Final Assembly,FALSE,1282.77,1331.55,,50.6,,48.78,,0,
VEH-0031,29,Final Assembly,TRUE,1331.55,1384.68,53.13,53.7,43.52,53.13,,0,
VEH-0031,30,Final Assembly,TRUE,1384.68,1416.37,31.69,31.9,,31.69,,0,
VEH-0031,31,Final Assembly,TRUE,1416.37,1470.88,54.51,54.3,,54.51,,0,
VEH-0031,32,Final Assembly,TRUE,1470.88,1507.27,36.39,36.8,,36.39,PASS,0,
VEH-0031,33,Final Assembly,TRUE,1507.27,1538.81,31.54,32.6,45.25,31.54,,0,
VEH-0031,34,Final Assembly,TRUE,1538.81,1608.31,69.5,68,,69.5,,0,
VEH-0031,35,Final Assembly,TRUE,1608.31,1673.17,64.86,68.6,,64.86,,0,
VEH-0031,36,Final Assembly,TRUE,1673.17,1739.87,66.7,62.3,44.85,66.7,,0,
VEH-0031,37,Final Assembly,TRUE,1739.87,1782.11,42.24,42.2,,42.24,,0,
VEH-0031,38,Final Assembly,TRUE,1782.11,1817.21,35.1,33.9,,35.1,,0,
VEH-0031,39,Final Assembly,FALSE,1817.21,1875.28,,57.4,,58.07,,0,
VEH-0031,40,Final Assembly,TRUE,1875.28,1925.15,49.87,47.6,,49.87,,0,
VEH-0032,1,Body,FALSE,0,45.65,,45,,45.65,,0,
VEH-0032,2,Body,FALSE,45.65,116.56,,68,,70.91,,0,
VEH-0032,3,Body,FALSE,116.56,179.67,,59.3,,63.11,,0,
VEH-0032,4,Body,TRUE,179.67,234.84,55.17,53.9,,55.17,,0,
VEH-0032,5,Body,TRUE,234.84,272.57,37.73,36.2,,37.73,PASS,0,
VEH-0032,6,Body,FALSE,272.57,312.1,,36.2,,39.53,,0,
VEH-0032,7,Body,FALSE,312.1,343.2,,32.3,,31.1,,0,
VEH-0032,8,Body,FALSE,343.2,404.75,,64.6,,61.55,,0,
VEH-0032,9,Body,FALSE,404.75,455.79,,54,,51.04,PASS,0,
VEH-0032,10,Body,TRUE,455.79,513.31,57.52,58.3,,57.52,,0,
VEH-0032,11,Body,TRUE,513.31,546.32,33.01,30.8,,33.01,PASS,0,
VEH-0032,12,Body,TRUE,546.32,616.94,70.62,68.8,,70.62,,0,
VEH-0032,13,Body,TRUE,616.94,681.79,64.85,63.3,42.27,64.85,PASS,0,
VEH-0032,14,Body,TRUE,681.79,718.95,37.16,38.5,42.25,37.16,,0,
VEH-0032,15,Body,FALSE,718.95,758.43,,37.3,,39.48,PASS,0,
VEH-0032,16,Paint,FALSE,758.43,798.68,,37.3,,40.25,,0,
VEH-0032,17,Paint,TRUE,798.68,842.52,43.84,42.2,,43.84,,0,
VEH-0032,18,Paint,FALSE,842.52,891,,51,,48.48,,0,
VEH-0032,19,Paint,TRUE,891,941.8,50.8,47.3,44.62,50.8,,0,
VEH-0032,20,Paint,TRUE,941.8,980.87,39.07,41.6,,39.07,,0,
VEH-0032,21,Paint,TRUE,980.87,1032.74,51.87,54.5,,51.87,,0,
VEH-0032,22,Paint,TRUE,1032.74,1067.57,34.83,35.6,,34.83,PASS,0,
VEH-0032,23,Final Assembly,TRUE,1067.57,1109.37,41.8,41.7,,41.8,,0,
VEH-0032,24,Final Assembly,TRUE,1109.37,1153.71,44.34,44.7,,44.34,,0,
VEH-0032,25,Final Assembly,TRUE,1153.71,1198.51,44.8,48.2,,44.8,,0,
VEH-0032,26,Final Assembly,TRUE,1198.51,1263.63,65.12,61.4,,65.12,PASS,0,
VEH-0032,27,Final Assembly,TRUE,1263.63,1301.34,37.71,38,43.93,37.71,,0,
VEH-0032,28,Final Assembly,FALSE,1301.34,1354.75,,50.6,,53.41,,0,
VEH-0032,29,Final Assembly,TRUE,1354.75,1405.27,50.52,53.7,42.56,50.52,,0,
VEH-0032,30,Final Assembly,TRUE,1405.27,1439.19,33.92,31.9,,33.92,,0,
VEH-0032,31,Final Assembly,TRUE,1439.19,1498.62,59.43,54.3,,59.43,,0,
VEH-0032,32,Final Assembly,TRUE,1498.62,1534.57,35.95,36.8,,35.95,PASS,0,
VEH-0032,33,Final Assembly,TRUE,1534.57,1567.1,32.53,32.6,43.28,32.53,,0,
VEH-0032,34,Final Assembly,TRUE,1567.1,1635.12,68.02,68,,68.02,,0,
VEH-0032,35,Final Assembly,TRUE,1635.12,1702.09,66.97,68.6,,66.97,,0,
VEH-0032,36,Final Assembly,TRUE,1702.09,1764.07,61.98,62.3,45.61,61.98,,0,
VEH-0032,37,Final Assembly,TRUE,1764.07,1803.95,39.88,42.2,,39.88,,0,
VEH-0032,38,Final Assembly,TRUE,1803.95,1837.23,33.28,33.9,,33.28,,0,
VEH-0032,39,Final Assembly,FALSE,1837.23,1889.45,,57.4,,52.22,,0,
VEH-0032,40,Final Assembly,TRUE,1889.45,1936.21,46.76,47.6,,46.76,,0,
VEH-0033,1,Body,FALSE,0,48.9,,45,,48.9,,0,
VEH-0033,2,Body,FALSE,48.9,124.49,,68,,75.59,,0,
VEH-0033,3,Body,FALSE,124.49,185.68,,59.3,,61.19,,0,
VEH-0033,4,Body,TRUE,185.68,240.93,55.25,53.9,,55.25,,0,
VEH-0033,5,Body,TRUE,240.93,273.87,32.94,36.2,,32.94,PASS,0,
VEH-0033,6,Body,FALSE,273.87,309.09,,36.2,,35.22,,0,
VEH-0033,7,Body,FALSE,309.09,340.12,,32.3,,31.03,,0,
VEH-0033,8,Body,FALSE,340.12,402.71,,64.6,,62.59,,0,
VEH-0033,9,Body,FALSE,402.71,456.26,,54,,53.55,PASS,0,
VEH-0033,10,Body,TRUE,456.26,513.18,56.92,58.3,,56.92,,0,
VEH-0033,11,Body,TRUE,513.18,540.93,27.75,30.8,,27.75,PASS,0,
VEH-0033,12,Body,TRUE,540.93,612.3,71.37,68.8,,71.37,,0,
VEH-0033,13,Body,TRUE,612.3,672.2,59.9,63.3,45.36,59.9,PASS,0,
VEH-0033,14,Body,TRUE,672.2,714.7,42.5,38.5,43.62,42.5,,0,
VEH-0033,15,Body,FALSE,714.7,747.29,,37.3,,32.59,PASS,0,
VEH-0033,16,Paint,FALSE,747.29,784.06,,37.3,,36.77,,0,
VEH-0033,17,Paint,TRUE,784.06,828.58,44.52,42.2,,44.52,,0,
VEH-0033,18,Paint,FALSE,828.58,884.57,,51,,55.99,,0,
VEH-0033,19,Paint,TRUE,884.57,928.97,44.4,47.3,45.75,44.4,,0,
VEH-0033,20,Paint,TRUE,928.97,969.6,40.63,41.6,,40.63,,0,
VEH-0033,21,Paint,TRUE,969.6,1023.81,54.21,54.5,,54.21,,0,
VEH-0033,22,Paint,TRUE,1023.81,1064.12,40.31,35.6,,40.31,PASS,0,
VEH-0033,23,Final Assembly,TRUE,1064.12,1102.68,38.56,41.7,,38.56,,0,
VEH-0033,24,Final Assembly,TRUE,1102.68,1147.95,45.27,44.7,,45.27,,0,
VEH-0033,25,Final Assembly,TRUE,1147.95,1197.28,49.33,48.2,,49.33,,0,
VEH-0033,26,Final Assembly,TRUE,1197.28,1262.01,64.73,61.4,,64.73,PASS,0,
VEH-0033,27,Final Assembly,TRUE,1262.01,1300.2,38.19,38,45.46,38.19,,0,
VEH-0033,28,Final Assembly,FALSE,1300.2,1349.81,,50.6,,49.61,,0,
VEH-0033,29,Final Assembly,TRUE,1349.81,1404.23,54.42,53.7,44.49,54.42,,0,
VEH-0033,30,Final Assembly,TRUE,1404.23,1437.12,32.89,31.9,,32.89,,0,
VEH-0033,31,Final Assembly,TRUE,1437.12,1490.42,53.3,54.3,,53.3,,0,
VEH-0033,32,Final Assembly,TRUE,1490.42,1527.91,37.49,36.8,,37.49,PASS,0,
VEH-0033,33,Final Assembly,TRUE,1527.91,1560.46,32.55,32.6,46.69,32.55,,0,
VEH-0033,34,Final Assembly,TRUE,1560.46,1628.29,67.83,68,,67.83,,0,
VEH-0033,35,Final Assembly,TRUE,1628.29,1690.81,62.52,68.6,,62.52,,0,
VEH-0033,36,Final Assembly,TRUE,1690.81,1757.05,66.24,62.3,43.64,66.24,,0,
VEH-0033,37,Final Assembly,TRUE,1757.05,1797.87,40.82,42.2,,40.82,,0,
VEH-0033,38,Final Assembly,TRUE,1797.87,1830.76,32.89,33.9,,32.89,,0,
VEH-0033,39,Final Assembly,FALSE,1830.76,1892.1,,57.4,,61.34,,0,
VEH-0033,40,Final Assembly,TRUE,1892.1,1934.62,42.52,47.6,,42.52,,0,
VEH-0034,1,Body,FALSE,0,52.06,,45,,52.06,,0,
VEH-0034,2,Body,FALSE,52.06,119.6,,68,,67.54,,0,
VEH-0034,3,Body,FALSE,119.6,181.87,,59.3,,62.27,,0,
VEH-0034,4,Body,TRUE,181.87,242.07,60.2,53.9,,60.2,,0,
VEH-0034,5,Body,TRUE,242.07,278.62,36.55,36.2,,36.55,PASS,0,
VEH-0034,6,Body,FALSE,278.62,318.36,,36.2,,39.74,,0,
VEH-0034,7,Body,FALSE,318.36,350.27,,32.3,,31.91,,0,
VEH-0034,8,Body,FALSE,350.27,417.94,,64.6,,67.67,,0,
VEH-0034,9,Body,FALSE,417.94,474.91,,54,,56.97,PASS,0,
VEH-0034,10,Body,TRUE,474.91,532.01,57.1,58.3,,57.1,,0,
VEH-0034,11,Body,TRUE,532.01,561.66,29.65,30.8,,29.65,PASS,0,
VEH-0034,12,Body,TRUE,561.66,634.4,72.74,68.8,,72.74,,0,
VEH-0034,13,Body,TRUE,634.4,696.01,61.61,63.3,43.66,61.61,PASS,0,
VEH-0034,14,Body,TRUE,696.01,733.19,37.18,38.5,44.2,37.18,,0,
VEH-0034,15,Body,FALSE,733.19,772.08,,37.3,,38.89,PASS,0,
VEH-0034,16,Paint,FALSE,772.08,810.34,,37.3,,38.26,,0,
VEH-0034,17,Paint,TRUE,810.34,854.05,43.71,42.2,,43.71,,0,
VEH-0034,18,Paint,FALSE,854.05,906.12,,51,,52.07,,0,
VEH-0034,19,Paint,TRUE,906.12,952.02,45.9,47.3,46.05,45.9,,0,
VEH-0034,20,Paint,TRUE,952.02,996.08,44.06,41.6,,44.06,,0,
VEH-0034,21,Paint,TRUE,996.08,1052.18,56.1,54.5,,56.1,,0,
VEH-0034,22,Paint,TRUE,1052.18,1088.58,36.4,35.6,,36.4,PASS,0,
VEH-0034,23,Final Assembly,TRUE,1088.58,1128.68,40.1,41.7,,40.1,,0,
VEH-0034,24,Final Assembly,TRUE,1128.68,1173.85,45.17,44.7,,45.17,,0,
VEH-0034,25,Final Assembly,TRUE,1173.85,1220.07,46.22,48.2,,46.22,,0,
VEH-0034,26,Final Assembly,TRUE,1220.07,1281.4,61.33,61.4,,61.33,PASS,0,
VEH-0034,27,Final Assembly,TRUE,1281.4,1316.28,34.88,38,42.55,34.88,,0,
VEH-0034,28,Final Assembly,FALSE,1316.28,1366.4,,50.6,,50.12,,0,
VEH-0034,29,Final Assembly,TRUE,1366.4,1418.62,52.22,53.7,45.16,52.22,,0,
VEH-0034,30,Final Assembly,TRUE,1418.62,1450.31,31.69,31.9,,31.69,,0,
VEH-0034,31,Final Assembly,TRUE,1450.31,1504.69,54.38,54.3,,54.38,,0,
VEH-0034,32,Final Assembly,TRUE,1504.69,1542.61,37.92,36.8,,37.92,PASS,0,
VEH-0034,33,Final Assembly,TRUE,1542.61,1574.45,31.84,32.6,44.67,31.84,,0,
VEH-0034,34,Final Assembly,TRUE,1574.45,1647.4,72.95,68,,72.95,,0,
VEH-0034,35,Final Assembly,TRUE,1647.4,1716.01,68.61,68.6,,68.61,,0,
VEH-0034,36,Final Assembly,TRUE,1716.01,1777.75,61.74,62.3,45.12,61.74,,0,
VEH-0034,37,Final Assembly,TRUE,1777.75,1819.61,41.86,42.2,,41.86,,0,
VEH-0034,38,Final Assembly,TRUE,1819.61,1852.3,32.69,33.9,,32.69,,0,
VEH-0034,39,Final Assembly,FALSE,1852.3,1906.84,,57.4,,54.54,,0,
VEH-0034,40,Final Assembly,TRUE,1906.84,1952.62,45.78,47.6,,45.78,,0,
VEH-0035,1,Body,FALSE,0,38.21,,45,,38.21,,0,
VEH-0035,2,Body,FALSE,38.21,106.84,,68,,68.63,,0,
VEH-0035,3,Body,FALSE,106.84,171.47,,59.3,,64.63,,0,
VEH-0035,4,Body,TRUE,171.47,228.72,57.25,53.9,,57.25,,0,
VEH-0035,5,Body,TRUE,228.72,265.3,36.58,36.2,,36.58,PASS,0,
VEH-0035,6,Body,FALSE,265.3,300.61,,36.2,,35.31,,0,
VEH-0035,7,Body,FALSE,300.61,334.21,,32.3,,33.6,,0,
VEH-0035,8,Body,FALSE,334.21,395.67,,64.6,,61.46,,0,
VEH-0035,9,Body,FALSE,395.67,450.96,,54,,55.29,PASS,0,
VEH-0035,10,Body,TRUE,450.96,510.74,59.78,58.3,,59.78,,0,
VEH-0035,11,Body,TRUE,510.74,543.17,32.43,30.8,,32.43,PASS,0,
VEH-0035,12,Body,TRUE,543.17,621.46,78.29,68.8,,78.29,,0,
VEH-0035,13,Body,TRUE,621.46,686,64.54,63.3,44.24,64.54,PASS,0,
VEH-0035,14,Body,TRUE,686,724.45,38.45,38.5,42.35,38.45,,0,
VEH-0035,15,Body,FALSE,724.45,760.46,,37.3,,36.01,PASS,0,
VEH-0035,16,Paint,FALSE,760.46,797,,37.3,,36.54,,0,
VEH-0035,17,Paint,TRUE,797,838.09,41.09,42.2,,41.09,,0,
VEH-0035,18,Paint,FALSE,838.09,889.48,,51,,51.39,,0,
VEH-0035,19,Paint,TRUE,889.48,934.84,45.36,47.3,46.68,45.36,,0,
VEH-0035,20,Paint,TRUE,934.84,976.44,41.6,41.6,,41.6,,0,
VEH-0035,21,Paint,TRUE,976.44,1030.91,54.47,54.5,,54.47,,0,
VEH-0035,22,Paint,TRUE,1030.91,1065.93,35.02,35.6,,35.02,PASS,0,
VEH-0035,23,Final Assembly,TRUE,1065.93,1107.95,42.02,41.7,,42.02,,0,
VEH-0035,24,Final Assembly,TRUE,1107.95,1154.5,46.55,44.7,,46.55,,0,
VEH-0035,25,Final Assembly,TRUE,1154.5,1200.61,46.11,48.2,,46.11,,0,
VEH-0035,26,Final Assembly,TRUE,1200.61,1259.99,59.38,61.4,,59.38,PASS,0,
VEH-0035,27,Final Assembly,TRUE,1259.99,1297.41,37.42,38,42.98,37.42,,0,
VEH-0035,28,Final Assembly,FALSE,1297.41,1345.94,,50.6,,48.53,,0,
VEH-0035,29,Final Assembly,TRUE,1345.94,1398.36,52.42,53.7,46.31,52.42,,0,
VEH-0035,30,Final Assembly,TRUE,1398.36,1430.68,32.32,31.9,,32.32,,0,
VEH-0035,31,Final Assembly,TRUE,1430.68,1485.5,54.82,54.3,,54.82,,0,
VEH-0035,32,Final Assembly,TRUE,1485.5,1523.87,38.37,36.8,,38.37,PASS,0,
VEH-0035,33,Final Assembly,TRUE,1523.87,1556.25,32.38,32.6,45.59,32.38,,0,
VEH-0035,34,Final Assembly,TRUE,1556.25,1623.9,67.65,68,,67.65,,0,
VEH-0035,35,Final Assembly,TRUE,1623.9,1693.41,69.51,68.6,,69.51,,0,
VEH-0035,36,Final Assembly,TRUE,1693.41,1753.89,60.48,62.3,41.34,60.48,,0,
VEH-0035,37,Final Assembly,TRUE,1753.89,1795.81,41.92,42.2,,41.92,,0,
VEH-0035,38,Final Assembly,TRUE,1795.81,1832.13,36.32,33.9,,36.32,,0,
VEH-0035,39,Final Assembly,FALSE,1832.13,1892.19,,57.4,,60.06,,0,
VEH-0035,40,Final Assembly,TRUE,1892.19,1942.09,49.9,47.6,,49.9,,0,
VEH-0036,1,Body,FALSE,0,47.78,,45,,47.78,,0,
VEH-0036,2,Body,FALSE,47.78,111,,68,,63.22,,0,
VEH-0036,3,Body,FALSE,111,166.11,,59.3,,55.11,,0,
VEH-0036,4,Body,TRUE,166.11,223.34,57.23,53.9,,57.23,,0,
VEH-0036,5,Body,TRUE,223.34,258.96,35.62,36.2,,35.62,PASS,0,
VEH-0036,6,Body,FALSE,258.96,294.44,,36.2,,35.48,,0,
VEH-0036,7,Body,FALSE,294.44,327.52,,32.3,,33.08,,0,
VEH-0036,8,Body,FALSE,327.52,390.92,,64.6,,63.4,,0,
VEH-0036,9,Body,FALSE,390.92,450.6,,54,,59.68,PASS,0,
VEH-0036,10,Body,TRUE,450.6,508.1,57.5,58.3,,57.5,,0,
VEH-0036,12,Body,TRUE,539.46,611.6,72.14,68.8,,72.14,,0,
VEH-0036,13,Body,TRUE,611.6,679.98,68.38,63.3,43.89,68.38,PASS,0,
VEH-0036,14,Body,TRUE,679.98,717.67,37.69,38.5,46.91,37.69,,0,
VEH-0036,15,Body,FALSE,717.67,756.48,,37.3,,38.81,PASS,0,
VEH-0036,16,Paint,FALSE,756.48,795.78,,37.3,,39.3,,0,
VEH-0036,17,Paint,TRUE,795.78,835.09,39.31,42.2,,39.31,,0,
VEH-0036,18,Paint,FALSE,835.09,890.04,,51,,54.95,,0,
VEH-0036,19,Paint,TRUE,890.04,935.54,45.5,47.3,45.29,45.5,,0,
VEH-0036,20,Paint,TRUE,935.54,976.83,41.29,41.6,,41.29,,0,
VEH-0036,21,Paint,TRUE,976.83,1028.93,52.1,54.5,,52.1,,0,
VEH-0036,22,Paint,TRUE,1028.93,1062.02,33.09,35.6,,33.09,PASS,0,
VEH-0036,23,Final Assembly,TRUE,1062.02,1100.08,38.06,41.7,,38.06,,0,
VEH-0036,24,Final Assembly,TRUE,1100.08,1145.05,44.97,44.7,,44.97,,0,
VEH-0036,25,Final Assembly,TRUE,1145.05,1189.57,44.52,48.2,,44.52,,0,
VEH-0036,26,Final Assembly,TRUE,1189.57,1247.49,57.92,61.4,,57.92,PASS,0,
VEH-0036,27,Final Assembly,TRUE,1247.49,1285.08,37.59,38,41.04,37.59,,0,
VEH-0036,28,Final Assembly,FALSE,1285.08,1337.65,,50.6,,52.57,,0,
VEH-0036,29,Final Assembly,TRUE,1337.65,1384.87,47.22,53.7,44.88,47.22,,0,
VEH-0036,30,Final Assembly,TRUE,1384.87,1416.79,31.92,31.9,,31.92,,0,
VEH-0036,31,Final Assembly,TRUE,1416.79,1472.55,55.76,54.3,,55.76,,0,
VEH-0036,32,Final Assembly,TRUE,1472.55,1509.27,36.72,36.8,,36.72,PASS,0,
VEH-0036,33,Final Assembly,TRUE,1509.27,1545.16,35.89,32.6,45.32,35.89,,0,
VEH-0036,34,Final Assembly,TRUE,1545.16,1616.74,71.58,68,,71.58,,0,
VEH-0036,35,Final Assembly,TRUE,1616.74,1682.86,66.12,68.6,,66.12,,0,
VEH-0036,36,Final Assembly,TRUE,1682.86,1745.54,62.68,62.3,47.32,62.68,,0,
VEH-0036,37,Final Assembly,TRUE,1745.54,1787.24,41.7,42.2,,41.7,,0,
VEH-0036,38,Final Assembly,TRUE,1787.24,1821.47,34.23,33.9,,34.23,,0,
VEH-0036,39,Final Assembly,FALSE,1821.47,1881.69,,57.4,,60.22,,0,
VEH-0036,40,Final Assembly,TRUE,1881.69,1927.52,45.83,47.6,,45.83,,0,
VEH-0037,1,Body,FALSE,0,44.77,,45,,44.77,,0,
VEH-0037,2,Body,FALSE,44.77,107.18,,68,,62.41,,0,
VEH-0037,3,Body,FALSE,107.18,165.96,,59.3,,58.78,,0,
VEH-0037,4,Body,TRUE,165.96,224.35,58.39,53.9,,58.39,,0,
VEH-0037,5,Body,TRUE,224.35,260.59,36.24,36.2,,36.24,PASS,0,
VEH-0037,6,Body,FALSE,260.59,297.21,,36.2,,36.62,,0,
VEH-0037,7,Body,FALSE,297.21,327.48,,32.3,,30.27,,0,
VEH-0037,8,Body,FALSE,327.48,390.09,,64.6,,62.61,,0,
VEH-0037,9,Body,FALSE,390.09,443.08,,54,,52.99,PASS,0,
VEH-0037,10,Body,TRUE,443.08,500.45,57.37,58.3,,57.37,,0,
VEH-0037,11,Body,TRUE,500.45,533.22,32.77,30.8,,32.77,PASS,0,
VEH-0037,12,Body,TRUE,533.22,603.94,70.72,68.8,,70.72,,0,
VEH-0037,13,Body,TRUE,603.94,663.72,59.78,63.3,45.37,59.78,PASS,0,
VEH-0037,14,Body,TRUE,663.72,703.18,39.46,38.5,46.71,39.46,,0,
VEH-0037,15,Body,FALSE,703.18,743.42,,37.3,,40.24,PASS,0,
VEH-0037,16,Paint,FALSE,743.42,778.83,,37.3,,35.41,,0,
VEH-0037,17,Paint,TRUE,778.83,819.32,40.49,42.2,,40.49,,0,
VEH-0037,18,Paint,FALSE,819.32,867.11,,51,,47.79,,0,
VEH-0037,19,Paint,TRUE,867.11,913.86,46.75,47.3,45.7,46.75,,0,
VEH-0037,20,Paint,TRUE,913.86,957.51,43.65,41.6,,43.65,,0,
VEH-0037,21,Paint,TRUE,957.51,1011.8,54.29,54.5,,54.29,,0,
VEH-0037,22,Paint,TRUE,1011.8,1046.83,35.03,35.6,,35.03,PASS,0,
VEH-0037,23,Final Assembly,TRUE,1046.83,1088.85,42.02,41.7,,42.02,,0,
VEH-0037,24,Final Assembly,TRUE,1088.85,1131.68,42.83,44.7,,42.83,,0,
VEH-0037,25,Final Assembly,TRUE,1131.68,1184.92,53.24,48.2,,53.24,,0,
VEH-0037,26,Final Assembly,TRUE,1184.92,1241.38,56.46,61.4,,56.46,PASS,0,
VEH-0037,27,Final Assembly,TRUE,1241.38,1279.73,38.35,38,48.04,38.35,,0,
VEH-0037,28,Final Assembly,FALSE,1279.73,1330.35,,50.6,,50.62,,0,
VEH-0037,29,Final Assembly,TRUE,1330.35,1383.54,53.19,53.7,44.46,53.19,,0,
VEH-0037,30,Final Assembly,TRUE,1383.54,1415.15,31.61,31.9,,31.61,,0,
VEH-0037,31,Final Assembly,TRUE,1415.15,1473.17,58.02,54.3,,58.02,,0,
VEH-0037,32,Final Assembly,TRUE,1473.17,1505.9,32.73,36.8,,32.73,PASS,0,
VEH-0037,33,Final Assembly,TRUE,1505.9,1541,35.1,32.6,42.86,35.1,,0,
VEH-0037,34,Final Assembly,TRUE,1541,1608.09,67.09,68,,67.09,,0,
VEH-0037,35,Final Assembly,TRUE,1608.09,1675.22,67.13,68.6,,67.13,,0,
VEH-0037,36,Final Assembly,TRUE,1675.22,1739.36,64.14,62.3,42.6,64.14,,0,
VEH-0037,37,Final Assembly,TRUE,1739.36,1782.54,43.18,42.2,,43.18,,0,
VEH-0037,38,Final Assembly,TRUE,1782.54,1819.88,37.34,33.9,,37.34,,0,
VEH-0037,39,Final Assembly,FALSE,1819.88,1873.37,,57.4,,53.49,,0,
VEH-0037,40,Final Assembly,TRUE,1873.37,1921.42,48.05,47.6,,48.05,,0,
VEH-0038,1,Body,FALSE,0,43.51,,45,,43.51,,0,
VEH-0038,2,Body,FALSE,43.51,112.3,,68,,68.79,,0,
VEH-0038,3,Body,FALSE,112.3,168.04,,59.3,,55.74,,0,
VEH-0038,4,Body,TRUE,168.04,221.92,53.88,53.9,,53.88,,0,
VEH-0038,5,Body,TRUE,221.92,260.95,39.03,36.2,,39.03,PASS,0,
VEH-0038,6,Body,FALSE,260.95,298.27,,36.2,,37.32,,0,
VEH-0038,7,Body,FALSE,298.27,330.24,,32.3,,31.97,,0,
VEH-0038,8,Body,FALSE,330.24,396.87,,64.6,,66.63,,0,
VEH-0038,9,Body,FALSE,396.87,447.44,,54,,50.57,PASS,0,
VEH-0038,10,Body,TRUE,447.44,503.71,56.27,58.3,,56.27,,0,
VEH-0038,11,Body,TRUE,503.71,532.84,29.13,30.8,,29.13,PASS,0,
VEH-0038,12,Body,TRUE,532.84,603.26,70.42,68.8,,70.42,,0,
VEH-0038,13,Body,TRUE,603.26,668.82,65.56,63.3,44.77,65.56,PASS,0,
VEH-0038,14,Body,TRUE,668.82,705.64,36.82,38.5,44.97,36.82,,0,
VEH-0038,15,Body,FALSE,705.64,742.03,,37.3,,36.39,PASS,0,
VEH-0038,16,Paint,FALSE,742.03,777.85,,37.3,,35.82,,0,
VEH-0038,17,Paint,TRUE,777.85,820.77,42.92,42.2,,42.92,,0,
VEH-0038,18,Paint,FALSE,820.77,869.84,,51,,49.07,,0,
VEH-0038,19,Paint,TRUE,869.84,913.44,43.6,47.3,42.98,43.6,,0,
VEH-0038,20,Paint,TRUE,913.44,951.71,38.27,41.6,,38.27,,0,
VEH-0038,21,Paint,TRUE,951.71,1006.89,55.18,54.5,,55.18,,0,
VEH-0038,22,Paint,TRUE,1006.89,1042.76,35.87,35.6,,35.87,PASS,0,
VEH-0038,23,Final Assembly,TRUE,1042.76,1084.67,41.91,41.7,,41.91,,0,
VEH-0038,24,Final Assembly,TRUE,1084.67,1130.69,46.02,44.7,,46.02,,0,
VEH-0038,25,Final Assembly,TRUE,1130.69,1181.76,51.07,48.2,,51.07,,0,
VEH-0038,26,Final Assembly,TRUE,1181.76,1241.34,59.58,61.4,,59.58,PASS,0,
VEH-0038,27,Final Assembly,TRUE,1241.34,1280.11,38.77,38,42.63,38.77,,0,
VEH-0038,28,Final Assembly,FALSE,1280.11,1334.2,,50.6,,54.09,,0,
VEH-0038,29,Final Assembly,TRUE,1334.2,1384.55,50.35,53.7,43.93,50.35,,0,
VEH-0038,30,Final Assembly,TRUE,1384.55,1415.5,30.95,31.9,,30.95,,0,
VEH-0038,31,Final Assembly,TRUE,1415.5,1465.66,50.16,54.3,,50.16,,0,
VEH-0038,32,Final Assembly,TRUE,1465.66,1502.52,36.86,36.8,,36.86,PASS,0,
VEH-0038,33,Final Assembly,TRUE,1502.52,1535.47,32.95,32.6,44.72,32.95,,0,
VEH-0038,34,Final Assembly,TRUE,1535.47,1598.23,62.76,68,,62.76,,0,
VEH-0038,35,Final Assembly,TRUE,1598.23,1673.63,75.4,68.6,,75.4,,0,
VEH-0038,36,Final Assembly,TRUE,1673.63,1737.64,64.01,62.3,48.95,64.01,,0,
VEH-0038,37,Final Assembly,TRUE,1737.64,1778.14,40.5,42.2,,40.5,,0,
VEH-0038,38,Final Assembly,TRUE,1778.14,1813.67,35.53,33.9,,35.53,,0,
VEH-0038,39,Final Assembly,FALSE,1813.67,1873.31,,57.4,,59.64,,0,
VEH-0038,40,Final Assembly,TRUE,1873.31,1920.22,46.91,47.6,,46.91,,0,
VEH-0039,1,Body,FALSE,0,39.14,,45,,39.14,,0,
VEH-0039,2,Body,FALSE,39.14,107.82,,68,,68.68,,0,
VEH-0039,3,Body,FALSE,107.82,168.41,,59.3,,60.59,,0,
VEH-0039,4,Body,TRUE,168.41,223.4,54.99,53.9,,54.99,,0,
VEH-0039,5,Body,TRUE,223.4,261.84,38.44,36.2,,38.44,PASS,0,
VEH-0039,6,Body,FALSE,261.84,296.1,,36.2,,34.26,,0,
VEH-0039,7,Body,FALSE,296.1,329.5,,32.3,,33.4,,0,
VEH-0039,8,Body,FALSE,329.5,397.95,,64.6,,68.45,,0,
VEH-0039,9,Body,FALSE,397.95,447.15,,54,,49.2,PASS,0,
VEH-0039,10,Body,TRUE,447.15,506.38,59.23,58.3,,59.23,,0,
VEH-0039,11,Body,TRUE,506.38,536.4,30.02,30.8,,30.02,PASS,0,
VEH-0039,12,Body,TRUE,536.4,604.92,68.52,68.8,,68.52,,0,
VEH-0039,13,Body,TRUE,604.92,669.32,64.4,63.3,44.27,64.4,PASS,0,
VEH-0039,14,Body,TRUE,669.32,706.52,37.2,38.5,45.05,37.2,,0,
VEH-0039,15,Body,FALSE,706.52,741.8,,37.3,,35.28,PASS,0,
VEH-0039,16,Paint,FALSE,741.8,777.08,,37.3,,35.28,,0,
VEH-0039,17,Paint,TRUE,777.08,820.71,43.63,42.2,,43.63,,0,
VEH-0039,18,Paint,FALSE,820.71,868.78,,51,,48.07,,0,
VEH-0039,19,Paint,TRUE,868.78,917.65,48.87,47.3,45.69,48.87,,0,
VEH-0039,20,Paint,TRUE,917.65,955.66,38.01,41.6,,38.01,,0,
VEH-0039,21,Paint,TRUE,955.66,1008.31,52.65,54.5,,52.65,,0,
VEH-0039,22,Paint,TRUE,1008.31,1046.04,37.73,35.6,,37.73,PASS,0,
VEH-0039,23,Final Assembly,TRUE,1046.04,1085.69,39.65,41.7,,39.65,,0,
VEH-0039,24,Final Assembly,TRUE,1085.69,1129.35,43.66,44.7,,43.66,,0,
VEH-0039,25,Final Assembly,TRUE,1129.35,1178.66,49.31,48.2,,49.31,,0,
VEH-0039,26,Final Assembly,TRUE,1178.66,1242.47,63.81,61.4,,63.81,PASS,0,
VEH-0039,27,Final Assembly,TRUE,1242.47,1279.99,37.52,38,44.1,37.52,,0,
VEH-0039,28,Final Assembly,FALSE,1279.99,1334.19,,50.6,,54.2,,0,
VEH-0039,29,Final Assembly,TRUE,1334.19,1392.57,58.38,53.7,46.47,58.38,,0,
VEH-0039,30,Final Assembly,TRUE,1392.57,1424.61,32.04,31.9,,32.04,,0,
VEH-0039,31,Final Assembly,TRUE,1424.61,1476.72,52.11,54.3,,52.11,,0,
VEH-0039,32,Final Assembly,TRUE,1476.72,1511.99,35.27,36.8,,35.27,PASS,0,
VEH-0039,33,Final Assembly,TRUE,1511.99,1545.44,33.45,32.6,45.63,33.45,,0,
VEH-0039,34,Final Assembly,TRUE,1545.44,1618.21,72.77,68,,72.77,,0,
VEH-0039,35,Final Assembly,TRUE,1618.21,1689.04,70.83,68.6,,70.83,,0,
VEH-0039,36,Final Assembly,TRUE,1689.04,1746.65,57.61,62.3,46.58,57.61,,0,
VEH-0039,37,Final Assembly,TRUE,1746.65,1786.74,40.09,42.2,,40.09,,0,
VEH-0039,38,Final Assembly,TRUE,1786.74,1819.99,33.25,33.9,,33.25,,0,
VEH-0039,39,Final Assembly,FALSE,1819.99,1878.11,,57.4,,58.12,,0,
VEH-0039,40,Final Assembly,TRUE,1878.11,1930.46,52.35,47.6,,52.35,,0,
VEH-0040,1,Body,FALSE,0,52,,45,,52,,0,
VEH-0040,2,Body,FALSE,52,123.6,,68,,71.6,,0,
VEH-0040,3,Body,FALSE,123.6,185.68,,59.3,,62.08,,0,
VEH-0040,4,Body,TRUE,185.68,241.29,55.61,53.9,,55.61,,0,
VEH-0040,5,Body,TRUE,241.29,277.65,36.36,36.2,,36.36,PASS,0,
VEH-0040,6,Body,FALSE,277.65,309.52,,36.2,,31.87,,0,
VEH-0040,7,Body,FALSE,309.52,341.7,,32.3,,32.18,,0,
VEH-0040,8,Body,FALSE,341.7,407.77,,64.6,,66.07,,0,
VEH-0040,9,Body,FALSE,407.77,460.33,,54,,52.56,PASS,0,
VEH-0040,10,Body,TRUE,460.33,516.55,56.22,58.3,,56.22,,0,
VEH-0040,11,Body,TRUE,516.55,549.57,33.02,30.8,,33.02,PASS,0,
VEH-0040,12,Body,TRUE,549.57,618.16,68.59,68.8,,68.59,,0,
VEH-0040,13,Body,TRUE,618.16,682.9,64.74,63.3,46.16,64.74,PASS,0,
VEH-0040,14,Body,TRUE,682.9,719.47,36.57,38.5,45.29,36.57,,0,
VEH-0040,15,Body,FALSE,719.47,759.22,,37.3,,39.75,PASS,0,
VEH-0040,16,Paint,FALSE,759.22,799.9,,37.3,,40.68,,0,
VEH-0040,17,Paint,TRUE,799.9,842.18,42.28,42.2,,42.28,,0,
VEH-0040,18,Paint,FALSE,842.18,892.57,,51,,50.39,,0,
VEH-0040,19,Paint,TRUE,892.57,940.5,47.93,47.3,45.37,47.93,,0,
VEH-0040,20,Paint,TRUE,940.5,984.98,44.48,41.6,,44.48,,0,
VEH-0040,21,Paint,TRUE,984.98,1036.76,51.78,54.5,,51.78,,0,
VEH-0040,22,Paint,TRUE,1036.76,1071.86,35.1,35.6,,35.1,PASS,0,
VEH-0040,23,Final Assembly,TRUE,1071.86,1111.23,39.37,41.7,,39.37,,0,
VEH-0040,24,Final Assembly,TRUE,1111.23,1153.66,42.43,44.7,,42.43,,0,
VEH-0040,25,Final Assembly,TRUE,1153.66,1202.77,49.11,48.2,,49.11,,0,
VEH-0040,26,Final Assembly,TRUE,1202.77,1266.66,63.89,61.4,,63.89,PASS,0,
VEH-0040,27,Final Assembly,TRUE,1266.66,1303.43,36.77,38,46.16,36.77,,0,
VEH-0040,28,Final Assembly,FALSE,1303.43,1356.84,,50.6,,53.41,,0,
VEH-0040,29,Final Assembly,TRUE,1356.84,1415.74,58.9,53.7,45.1,58.9,,0,
VEH-0040,30,Final Assembly,TRUE,1415.74,1446.62,30.88,31.9,,30.88,,0,
VEH-0040,31,Final Assembly,TRUE,1446.62,1498.2,51.58,54.3,,51.58,,0,
VEH-0040,32,Final Assembly,TRUE,1498.2,1532.97,34.77,36.8,,34.77,PASS,0,
VEH-0040,33,Final Assembly,TRUE,1532.97,1567.61,34.64,32.6,42.73,34.64,,0,
VEH-0040,34,Final Assembly,TRUE,1567.61,1639.75,72.14,68,,72.14,,0,
VEH-0040,35,Final Assembly,TRUE,1639.75,1705.37,65.62,68.6,,65.62,,0,
VEH-0040,36,Final Assembly,TRUE,1705.37,1765.53,60.16,62.3,44.77,60.16,,0,
VEH-0040,37,Final Assembly,TRUE,1765.53,1806.25,40.72,42.2,,40.72,,0,
VEH-0040,38,Final Assembly,TRUE,1806.25,1841.73,35.48,33.9,,35.48,,0,
VEH-0040,39,Final Assembly,FALSE,1841.73,1904.33,,57.4,,62.6,,0,
VEH-0040,40,Final Assembly,TRUE,1904.33,1950.37,46.04,47.6,,46.04,,0,
VEH-0041,1,Body,FALSE,0,45.07,,45,,45.07,,0,
VEH-0041,2,Body,FALSE,45.07,110.49,,68,,65.42,,0,
VEH-0041,3,Body,FALSE,110.49,169.11,,59.3,,58.62,,0,
VEH-0041,4,Body,TRUE,169.11,220.51,51.4,53.9,,51.4,,0,
VEH-0041,5,Body,TRUE,220.51,258.32,37.81,36.2,,37.81,PASS,0,
VEH-0041,6,Body,FALSE,258.32,296.39,,36.2,,38.07,,0,
VEH-0041,7,Body,FALSE,296.39,325.72,,32.3,,29.33,,0,
VEH-0041,8,Body,FALSE,325.72,387.32,,64.6,,61.6,,0,
VEH-0041,9,Body,FALSE,387.32,437.28,,54,,49.96,PASS,0,
VEH-0041,10,Body,TRUE,437.28,493.68,56.4,58.3,,56.4,,0,
VEH-0041,11,Body,TRUE,493.68,524.35,30.67,30.8,,30.67,PASS,0,
VEH-0041,12,Body,TRUE,524.35,588.16,63.81,68.8,,63.81,,0,
VEH-0041,13,Body,TRUE,588.16,648.54,60.38,63.3,43.49,60.38,PASS,0,
VEH-0041,14,Body,TRUE,648.54,687.44,38.9,38.5,45.1,38.9,,0,
VEH-0041,15,Body,FALSE,687.44,723.4,,37.3,,35.96,PASS,0,
VEH-0041,16,Paint,FALSE,723.4,761.03,,37.3,,37.63,,0,
VEH-0041,17,Paint,TRUE,761.03,802.08,41.05,42.2,,41.05,,0,
VEH-0041,18,Paint,FALSE,802.08,852.39,,51,,50.31,,0,
VEH-0041,19,Paint,TRUE,852.39,903.64,51.25,47.3,47.01,51.25,,0,
VEH-0041,20,Paint,TRUE,903.64,942.54,38.9,41.6,,38.9,,0,
VEH-0041,21,Paint,TRUE,942.54,999.31,56.77,54.5,,56.77,,0,
VEH-0041,22,Paint,TRUE,999.31,1036.35,37.04,35.6,,37.04,PASS,0,
VEH-0041,23,Final Assembly,TRUE,1036.35,1075.65,39.3,41.7,,39.3,,0,
VEH-0041,24,Final Assembly,TRUE,1075.65,1122.18,46.53,44.7,,46.53,,0,
VEH-0041,25,Final Assembly,TRUE,1122.18,1174.09,51.91,48.2,,51.91,,0,
VEH-0041,27,Final Assembly,TRUE,1232.04,1268.3,36.26,38,46.53,36.26,,0,
VEH-0041,28,Final Assembly,FALSE,1268.3,1319.59,,50.6,,51.29,,0,
VEH-0041,29,Final Assembly,TRUE,1319.59,1374.77,55.18,53.7,45.51,55.18,,0,
VEH-0041,30,Final Assembly,TRUE,1374.77,1407.29,32.52,31.9,,32.52,,0,
VEH-0041,31,Final Assembly,TRUE,1407.29,1458,50.71,54.3,,50.71,,0,
VEH-0041,32,Final Assembly,TRUE,1458,1496.73,38.73,36.8,,38.73,PASS,0,
VEH-0041,33,Final Assembly,TRUE,1496.73,1531.24,34.51,32.6,44.66,34.51,,0,
VEH-0041,34,Final Assembly,TRUE,1531.24,1599.09,67.85,68,,67.85,,0,
VEH-0041,35,Final Assembly,TRUE,1599.09,1662.44,63.35,68.6,,63.35,,0,
VEH-0041,36,Final Assembly,TRUE,1662.44,1726.34,63.9,62.3,45.86,63.9,,0,
VEH-0041,37,Final Assembly,TRUE,1726.34,1768.41,42.07,42.2,,42.07,,0,
VEH-0041,38,Final Assembly,TRUE,1768.41,1804.22,35.81,33.9,,35.81,,0,
VEH-0041,39,Final Assembly,FALSE,1804.22,1860.66,,57.4,,56.44,,0,
VEH-0041,40,Final Assembly,TRUE,1860.66,1909.6,48.94,47.6,,48.94,,0,
VEH-0042,1,Body,FALSE,0,42.71,,45,,42.71,,0,
VEH-0042,2,Body,FALSE,42.71,113.46,,68,,70.75,,0,
VEH-0042,3,Body,FALSE,113.46,169.88,,59.3,,56.42,,0,
VEH-0042,4,Body,TRUE,169.88,224.75,54.87,53.9,,54.87,,0,
VEH-0042,5,Body,TRUE,224.75,261.98,37.23,36.2,,37.23,PASS,0,
VEH-0042,6,Body,FALSE,261.98,296.92,,36.2,,34.94,,0,
VEH-0042,7,Body,FALSE,296.92,327.82,,32.3,,30.9,,0,
VEH-0042,8,Body,FALSE,327.82,397.93,,64.6,,70.11,,0,
VEH-0042,9,Body,FALSE,397.93,451.12,,54,,53.19,PASS,0,
VEH-0042,10,Body,TRUE,451.12,514.14,63.02,58.3,,63.02,,0,
VEH-0042,11,Body,TRUE,514.14,546.48,32.34,30.8,,32.34,PASS,0,
VEH-0042,12,Body,TRUE,546.48,616.68,70.2,68.8,,70.2,,0,
VEH-0042,13,Body,TRUE,616.68,681.41,64.73,63.3,42.9,64.73,PASS,0,
VEH-0042,14,Body,TRUE,681.41,720.31,38.9,38.5,47.13,38.9,,0,
VEH-0042,15,Body,FALSE,720.31,758.88,,37.3,,38.57,PASS,0,
VEH-0042,16,Paint,FALSE,758.88,796.47,,37.3,,37.59,,0,
VEH-0042,17,Paint,TRUE,796.47,842.28,45.81,42.2,,45.81,,0,
VEH-0042,18,Paint,FALSE,842.28,892.81,,51,,50.53,,0,
VEH-0042,19,Paint,TRUE,892.81,938.65,45.84,47.3,45.23,45.84,,0,
VEH-0042,20,Paint,TRUE,938.65,981.84,43.19,41.6,,43.19,,0,
VEH-0042,21,Paint,TRUE,981.84,1031.65,49.81,54.5,,49.81,,0,
VEH-0042,22,Paint,TRUE,1031.65,1067.76,36.11,35.6,,36.11,PASS,0,
VEH-0042,23,Final Assembly,TRUE,1067.76,1111.15,43.39,41.7,,43.39,,0,
VEH-0042,24,Final Assembly,TRUE,1111.15,1155.25,44.1,44.7,,44.1,,0,
VEH-0042,25,Final Assembly,TRUE,1155.25,1206.12,50.87,48.2,,50.87,,0,
VEH-0042,26,Final Assembly,TRUE,1206.12,1269.49,63.37,61.4,,63.37,PASS,0,
VEH-0042,27,Final Assembly,TRUE,1269.49,1311.56,42.07,38,43.87,42.07,,0,
VEH-0042,28,Final Assembly,FALSE,1311.56,1364.26,,50.6,,52.7,,0,
VEH-0042,29,Final Assembly,TRUE,1364.26,1415.22,50.96,53.7,42.58,50.96,,0,
VEH-0042,30,Final Assembly,TRUE,1415.22,1443.88,28.66,31.9,,28.66,,0,
VEH-0042,31,Final Assembly,TRUE,1443.88,1499.64,55.76,54.3,,55.76,,0,
VEH-0042,32,Final Assembly,TRUE,1499.64,1536.78,37.14,36.8,,37.14,PASS,0,
VEH-0042,33,Final Assembly,TRUE,1536.78,1568.6,31.82,32.6,42.34,31.82,,0,
VEH-0042,34,Final Assembly,TRUE,1568.6,1634.25,65.65,68,,65.65,,0,
VEH-0042,35,Final Assembly,TRUE,1634.25,1702.86,68.61,68.6,,68.61,,0,
VEH-0042,36,Final Assembly,TRUE,1702.86,1767.63,64.77,62.3,44.98,64.77,,0,
VEH-0042,37,Final Assembly,TRUE,1767.63,1810.36,42.73,42.2,,42.73,,0,
VEH-0042,38,Final Assembly,TRUE,1810.36,1843.62,33.26,33.9,,33.26,,0,
VEH-0042,39,Final Assembly,FALSE,1843.62,1906.04,,57.4,,62.42,,0,
VEH-0042,40,Final Assembly,TRUE,1906.04,1951.22,45.18,47.6,,45.18,,0,
VEH-0043,1,Body,FALSE,0,41.96,,45,,41.96,,0,
VEH-0043,2,Body,FALSE,41.96,105.46,,68,,63.5,,0,
VEH-0043,3,Body,FALSE,105.46,166.19,,59.3,,60.73,,0,
VEH-0043,4,Body,TRUE,166.19,221.57,55.38,53.9,,55.38,,0,
VEH-0043,5,Body,TRUE,221.57,258.76,37.19,36.2,,37.19,PASS,0,
VEH-0043,6,Body,FALSE,258.76,294.5,,36.2,,35.74,,0,
VEH-0043,7,Body,FALSE,294.5,326.6,,32.3,,32.1,,0,
VEH-0043,8,Body,FALSE,326.6,392.26,,64.6,,65.66,,0,
VEH-0043,9,Body,FALSE,392.26,446.49,,54,,54.23,PASS,0,
VEH-0043,10,Body,TRUE,446.49,498.31,51.82,58.3,,51.82,,0,
VEH-0043,11,Body,TRUE,498.31,528.76,30.45,30.8,,30.45,PASS,0,
VEH-0043,12,Body,TRUE,528.76,594.63,65.87,68.8,,65.87,,0,
VEH-0043,13,Body,TRUE,594.63,658.49,63.86,63.3,49.48,63.86,PASS,0,
VEH-0043,14,Body,TRUE,658.49,697.7,39.21,38.5,44.53,39.21,,0,
VEH-0043,15,Body,FALSE,697.7,736.71,,37.3,,39.01,PASS,0,
VEH-0043,16,Paint,FALSE,736.71,774.91,,37.3,,38.2,,0,
VEH-0043,17,Paint,TRUE,774.91,818,43.09,42.2,,43.09,,0,
VEH-0043,18,Paint,FALSE,818,870.55,,51,,52.55,,0,
VEH-0043,19,Paint,TRUE,870.55,922.7,52.15,47.3,43.3,52.15,,0,
VEH-0043,20,Paint,TRUE,922.7,965.29,42.59,41.6,,42.59,,0,
VEH-0043,21,Paint,TRUE,965.29,1017.26,51.97,54.5,,51.97,,0,
VEH-0043,22,Paint,TRUE,1017.26,1053.85,36.59,35.6,,36.59,PASS,0,
VEH-0043,23,Final Assembly,TRUE,1053.85,1093.63,39.78,41.7,,39.78,,0,
VEH-0043,24,Final Assembly,TRUE,1093.63,1137.4,43.77,44.7,,43.77,,0,
VEH-0043,25,Final Assembly,TRUE,1137.4,1184.89,47.49,48.2,,47.49,,0,
VEH-0043,26,Final Assembly,TRUE,1184.89,1249.29,64.4,61.4,,64.4,PASS,0,
VEH-0043,27,Final Assembly,TRUE,1249.29,1289.04,39.75,38,43.13,39.75,,0,
VEH-0043,28,Final Assembly,FALSE,1289.04,1339.78,,50.6,,50.74,,0,
VEH-0043,29,Final Assembly,TRUE,1339.78,1391.57,51.79,53.7,43.11,51.79,,0,
VEH-0043,30,Final Assembly,TRUE,1391.57,1423.12,31.55,31.9,,31.55,,0,
VEH-0043,31,Final Assembly,TRUE,1423.12,1476.58,53.46,54.3,,53.46,,0,
VEH-0043,32,Final Assembly,TRUE,1476.58,1517.85,41.27,36.8,,41.27,PASS,0,
VEH-0043,33,Final Assembly,TRUE,1517.85,1551.16,33.31,32.6,42.93,33.31,,0,
VEH-0043,34,Final Assembly,TRUE,1551.16,1617.24,66.08,68,,66.08,,0,
VEH-0043,35,Final Assembly,TRUE,1617.24,1689.34,72.1,68.6,,72.1,,0,
VEH-0043,36,Final Assembly,TRUE,1689.34,1758.16,68.82,62.3,42.62,68.82,,0,
VEH-0043,37,Final Assembly,TRUE,1758.16,1796.39,38.23,42.2,,38.23,,0,
VEH-0043,38,Final Assembly,TRUE,1796.39,1833.47,37.08,33.9,,37.08,,0,
VEH-0043,39,Final Assembly,FALSE,1833.47,1891.99,,57.4,,58.52,,0,
VEH-0043,40,Final Assembly,TRUE,1891.99,1937.52,45.53,47.6,,45.53,,0,
VEH-0044,1,Body,FALSE,0,46.2,,45,,46.2,,0,
VEH-0044,2,Body,FALSE,46.2,105.07,,68,,58.87,,0,
VEH-0044,3,Body,FALSE,105.07,165.14,,59.3,,60.07,,0,
VEH-0044,4,Body,TRUE,165.14,218.92,53.78,53.9,,53.78,,0,
VEH-0044,5,Body,TRUE,218.92,253.74,34.82,36.2,,34.82,PASS,0,
VEH-0044,6,Body,FALSE,253.74,293.61,,36.2,,39.87,,0,
VEH-0044,7,Body,FALSE,293.61,327.45,,32.3,,33.84,,0,
VEH-0044,8,Body,FALSE,327.45,388.51,,64.6,,61.06,,0,
VEH-0044,9,Body,FALSE,388.51,444.77,,54,,56.26,PASS,0,
VEH-0044,10,Body,TRUE,444.77,506.7,61.93,58.3,,61.93,,0,
VEH-0044,11,Body,TRUE,506.7,537.7,31,30.8,,31,PASS,0,
VEH-0044,12,Body,TRUE,537.7,607.74,70.04,68.8,,70.04,,0,
VEH-0044,13,Body,TRUE,607.74,672.11,64.37,63.3,41.87,64.37,PASS,0,
VEH-0044,14,Body,TRUE,672.11,710.25,38.14,38.5,44.64,38.14,,0,
VEH-0044,15,Body,FALSE,710.25,750.21,,37.3,,39.96,PASS,0,
VEH-0044,16,Paint,FALSE,750.21,788.13,,37.3,,37.92,,0,
VEH-0044,17,Paint,TRUE,788.13,829.7,41.57,42.2,,41.57,,0,
VEH-0044,18,Paint,FALSE,829.7,880.47,,51,,50.77,,0,
VEH-0044,19,Paint,TRUE,880.47,930.19,49.72,47.3,44.72,49.72,,0,
VEH-0044,20,Paint,TRUE,930.19,970.34,40.15,41.6,,40.15,,0,
VEH-0044,21,Paint,TRUE,970.34,1024.09,53.75,54.5,,53.75,,0,
VEH-0044,22,Paint,TRUE,1024.09,1061.36,37.27,35.6,,37.27,PASS,0,
VEH-0044,23,Final Assembly,TRUE,1061.36,1104.1,42.74,41.7,,42.74,,0,
VEH-0044,24,Final Assembly,TRUE,1104.1,1148.9,44.8,44.7,,44.8,,0,
VEH-0044,25,Final Assembly,TRUE,1148.9,1197.56,48.66,48.2,,48.66,,0,
VEH-0044,26,Final Assembly,TRUE,1197.56,1257.24,59.68,61.4,,59.68,PASS,0,
VEH-0044,27,Final Assembly,TRUE,1257.24,1294.87,37.63,38,44.01,37.63,,0,
VEH-0044,28,Final Assembly,FALSE,1294.87,1344.72,,50.6,,49.85,,0,
VEH-0044,29,Final Assembly,TRUE,1344.72,1402.04,57.32,53.7,43.38,57.32,,0,
VEH-0044,30,Final Assembly,TRUE,1402.04,1432.84,30.8,31.9,,30.8,,0,
VEH-0044,31,Final Assembly,TRUE,1432.84,1483.74,50.9,54.3,,50.9,,0,
VEH-0044,32,Final Assembly,TRUE,1483.74,1517.83,34.09,36.8,,34.09,PASS,0,
VEH-0044,33,Final Assembly,TRUE,1517.83,1550.13,32.3,32.6,44.07,32.3,,0,
VEH-0044,34,Final Assembly,TRUE,1550.13,1624.12,73.99,68,,73.99,,0,
VEH-0044,35,Final Assembly,TRUE,1624.12,1691.75,67.63,68.6,,67.63,,0,
VEH-0044,36,Final Assembly,TRUE,1691.75,1758.07,66.32,62.3,46.45,66.32,,0,
VEH-0044,37,Final Assembly,TRUE,1758.07,1799.83,41.76,42.2,,41.76,,0,
VEH-0044,38,Final Assembly,TRUE,1799.83,1837.32,37.49,33.9,,37.49,,0,
VEH-0044,39,Final Assembly,FALSE,1837.32,1895.49,,57.4,,58.17,,0,
VEH-0044,40,Final Assembly,TRUE,1895.49,1946.69,51.2,47.6,,51.2,,0,
VEH-0045,1,Body,FALSE,0,45.44,,45,,45.44,,0,
VEH-0045,2,Body,FALSE,45.44,114.5,,68,,69.06,,0,
VEH-0045,3,Body,FALSE,114.5,178.83,,59.3,,64.33,,0,
VEH-0045,4,Body,TRUE,178.83,235.62,56.79,53.9,,56.79,,0,
VEH-0045,5,Body,TRUE,235.62,272.17,36.55,36.2,,36.55,PASS,0,
VEH-0045,6,Body,FALSE,272.17,310.07,,36.2,,37.9,,0,
VEH-0045,7,Body,FALSE,310.07,340.71,,32.3,,30.64,,0,
VEH-0045,8,Body,FALSE,340.71,406.6,,64.6,,65.89,,0,
VEH-0045,9,Body,FALSE,406.6,465.49,,54,,58.89,PASS,0,
VEH-0045,10,Body,TRUE,465.49,523.15,57.66,58.3,,57.66,,0,
VEH-0045,11,Body,TRUE,523.15,552.64,29.49,30.8,,29.49,PASS,0,
VEH-0045,12,Body,TRUE,552.64,619.2,66.56,68.8,,66.56,,0,
VEH-0045,13,Body,TRUE,619.2,679.05,59.85,63.3,43.82,59.85,PASS,0,
VEH-0045,14,Body,TRUE,679.05,716.83,37.78,38.5,42.89,37.78,,0,
VEH-0045,15,Body,FALSE,716.83,754.16,,37.3,,37.33,PASS,0,
VEH-0045,16,Paint,FALSE,754.16,793.14,,37.3,,38.98,,0,
VEH-0045,17,Paint,TRUE,793.14,833.42,40.28,42.2,,40.28,,0,
VEH-0045,18,Paint,FALSE,833.42,888.29,,51,,54.87,,0,
VEH-0045,19,Paint,TRUE,888.29,936.8,48.51,47.3,46.55,48.51,,0,
VEH-0045,20,Paint,TRUE,936.8,977.03,40.23,41.6,,40.23,,0,
VEH-0045,21,Paint,TRUE,977.03,1033.86,56.83,54.5,,56.83,,0,
VEH-0045,22,Paint,TRUE,1033.86,1067.52,33.66,35.6,,33.66,PASS,0,
VEH-0045,23,Final Assembly,TRUE,1067.52,1111.08,43.56,41.7,,43.56,,0,
VEH-0045,24,Final Assembly,TRUE,1111.08,1156.16,45.08,44.7,,45.08,,0,
VEH-0045,25,Final Assembly,TRUE,1156.16,1205.69,49.53,48.2,,49.53,,0,
VEH-0045,26,Final Assembly,TRUE,1205.69,1263.48,57.79,61.4,,57.79,PASS,0,
VEH-0045,27,Final Assembly,TRUE,1263.48,1299.78,36.3,38,45.9,36.3,,0,
VEH-0045,28,Final Assembly,FALSE,1299.78,1347.98,,50.6,,48.2,,0,
VEH-0045,29,Final Assembly,TRUE,1347.98,1402.93,54.95,53.7,42.95,54.95,,0,
VEH-0045,30,Final Assembly,TRUE,1402.93,1436.18,33.25,31.9,,33.25,,0,
VEH-0045,31,Final Assembly,TRUE,1436.18,1487.14,50.96,54.3,,50.96,,0,
VEH-0045,32,Final Assembly,TRUE,1487.14,1524.96,37.82,36.8,,37.82,PASS,0,
VEH-0045,33,Final Assembly,TRUE,1524.96,1558.58,33.62,32.6,43.95,33.62,,0,
VEH-0045,34,Final Assembly,TRUE,1558.58,1628.56,69.98,68,,69.98,,0,
VEH-0045,35,Final Assembly,TRUE,1628.56,1698.05,69.49,68.6,,69.49,,0,
VEH-0045,36,Final Assembly,TRUE,1698.05,1758.67,60.62,62.3,43.49,60.62,,0,
VEH-0045,37,Final Assembly,TRUE,1758.67,1796.73,38.06,42.2,,38.06,,0,
VEH-0045,38,Final Assembly,TRUE,1796.73,1831.22,34.49,33.9,,34.49,,0,
VEH-0045,39,Final Assembly,FALSE,1831.22,1884.13,,57.4,,52.91,,0,
VEH-0045,40,Final Assembly,TRUE,1884.13,1931.96,47.83,47.6,,47.83,,0,
VEH-0046,1,Body,FALSE,0,44.41,,45,,44.41,,0,
VEH-0046,2,Body,FALSE,44.41,113.66,,68,,69.25,,0,
VEH-0046,3,Body,FALSE,113.66,173.89,,59.3,,60.23,,0,
VEH-0046,4,Body,TRUE,173.89,227.53,53.64,53.9,,53.64,,0,
VEH-0046,5,Body,TRUE,227.53,262.82,35.29,36.2,,35.29,PASS,0,
VEH-0046,6,Body,FALSE,262.82,301.22,,36.2,,38.4,,0,
VEH-0046,7,Body,FALSE,301.22,332.56,,32.3,,31.34,,0,
VEH-0046,8,Body,FALSE,332.56,391.31,,64.6,,58.75,,0,
VEH-0046,9,Body,FALSE,391.31,447.04,,54,,55.73,PASS,0,
VEH-0046,10,Body,TRUE,447.04,501.83,54.79,58.3,,54.79,,0,
VEH-0046,11,Body,TRUE,501.83,533.7,31.87,30.8,,31.87,PASS,0,
VEH-0046,12,Body,TRUE,533.7,607.09,73.39,68.8,,73.39,,0,
VEH-0046,13,Body,TRUE,607.09,672.39,65.3,63.3,46.61,65.3,PASS,0,
VEH-0046,14,Body,TRUE,672.39,714.79,42.4,38.5,46.45,42.4,,0,
VEH-0046,16,Paint,FALSE,752.7,793.04,,37.3,,40.34,,0,
VEH-0046,17,Paint,TRUE,793.04,838.94,45.9,42.2,,45.9,,0,
VEH-0046,18,Paint,FALSE,838.94,894.45,,51,,55.51,,0,
VEH-0046,19,Paint,TRUE,894.45,940.59,46.14,47.3,42.97,46.14,,0,
VEH-0046,20,Paint,TRUE,940.59,981.04,40.45,41.6,,40.45,,0,
VEH-0046,21,Paint,TRUE,981.04,1037.46,56.42,54.5,,56.42,,0,
VEH-0046,22,Paint,TRUE,1037.46,1073.34,35.88,35.6,,35.88,PASS,0,
VEH-0046,23,Final Assembly,TRUE,1073.34,1114.61,41.27,41.7,,41.27,,0,
VEH-0046,24,Final Assembly,TRUE,1114.61,1160.57,45.96,44.7,,45.96,,0,
VEH-0046,25,Final Assembly,TRUE,1160.57,1205.23,44.66,48.2,,44.66,,0,
VEH-0046,26,Final Assembly,TRUE,1205.23,1267.06,61.83,61.4,,61.83,PASS,0,
VEH-0046,27,Final Assembly,TRUE,1267.06,1307.19,40.13,38,45.82,40.13,,0,
VEH-0046,28,Final Assembly,FALSE,1307.19,1359.54,,50.6,,52.35,,0,
VEH-0046,29,Final Assembly,TRUE,1359.54,1417.54,58,53.7,44.9,58,,0,
VEH-0046,30,Final Assembly,TRUE,1417.54,1448.4,30.86,31.9,,30.86,,0,
VEH-0046,31,Final Assembly,TRUE,1448.4,1505.92,57.52,54.3,,57.52,,0,
VEH-0046,32,Final Assembly,TRUE,1505.92,1544.87,38.95,36.8,,38.95,PASS,0,
VEH-0046,33,Final Assembly,TRUE,1544.87,1578.38,33.51,32.6,44.76,33.51,,0,
VEH-0046,34,Final Assembly,TRUE,1578.38,1646.38,68,68,,68,,0,
VEH-0046,35,Final Assembly,TRUE,1646.38,1710.6,64.22,68.6,,64.22,,0,
VEH-0046,36,Final Assembly,TRUE,1710.6,1776.37,65.77,62.3,46.62,65.77,,0,
VEH-0046,37,Final Assembly,TRUE,1776.37,1815.8,39.43,42.2,,39.43,,0,
VEH-0046,38,Final Assembly,TRUE,1815.8,1851.17,35.37,33.9,,35.37,,0,
VEH-0046,39,Final Assembly,FALSE,1851.17,1909.73,,57.4,,58.56,,0,
VEH-0046,40,Final Assembly,TRUE,1909.73,1954.9,45.17,47.6,,45.17,,0,
VEH-0047,1,Body,FALSE,0,39.31,,45,,39.31,,0,
VEH-0047,2,Body,FALSE,39.31,106.3,,68,,66.99,,0,
VEH-0047,3,Body,FALSE,106.3,166.31,,59.3,,60.01,,0,
VEH-0047,4,Body,TRUE,166.31,217.1,50.79,53.9,,50.79,,0,
VEH-0047,5,Body,TRUE,217.1,254,36.9,36.2,,36.9,PASS,0,
VEH-0047,6,Body,FALSE,254,289.83,,36.2,,35.83,,0,
VEH-0047,7,Body,FALSE,289.83,324.96,,32.3,,35.13,,0,
VEH-0047,8,Body,FALSE,324.96,394.64,,64.6,,69.68,,0,
VEH-0047,9,Body,FALSE,394.64,447.38,,54,,52.74,PASS,0,
VEH-0047,10,Body,TRUE,447.38,505.24,57.86,58.3,,57.86,,0,
VEH-0047,11,Body,TRUE,505.24,535.93,30.69,30.8,,30.69,PASS,0,
VEH-0047,12,Body,TRUE,535.93,603.18,67.25,68.8,,67.25,,0,
VEH-0047,13,Body,TRUE,603.18,667.1,63.92,63.3,43.86,63.92,PASS,0,
VEH-0047,14,Body,TRUE,667.1,703.42,36.32,38.5,45.93,36.32,,0,
VEH-0047,15,Body,FALSE,703.42,741.89,,37.3,,38.47,PASS,0,
VEH-0047,16,Paint,FALSE,741.89,777.69,,37.3,,35.8,,0,
VEH-0047,17,Paint,TRUE,777.69,821.78,44.09,42.2,,44.09,,0,
VEH-0047,18,Paint,FALSE,821.78,871.17,,51,,49.39,,0,
VEH-0047,19,Paint,TRUE,871.17,919.07,47.9,47.3,46.23,47.9,,0,
VEH-0047,20,Paint,TRUE,919.07,960.6,41.53,41.6,,41.53,,0,
VEH-0047,21,Paint,TRUE,960.6,1016.34,55.74,54.5,,55.74,,0,
VEH-0047,22,Paint,TRUE,1016.34,1051.02,34.68,35.6,,34.68,PASS,0,
VEH-0047,23,Final Assembly,TRUE,1051.02,1092.31,41.29,41.7,,41.29,,0,
VEH-0047,24,Final Assembly,TRUE,1092.31,1136.55,44.24,44.7,,44.24,,0,
VEH-0047,25,Final Assembly,TRUE,1136.55,1182.95,46.4,48.2,,46.4,,0,
VEH-0047,26,Final Assembly,TRUE,1182.95,1243.81,60.86,61.4,,60.86,PASS,0,
VEH-0047,27,Final Assembly,TRUE,1243.81,1278.87,35.06,38,44.26,35.06,,0,
VEH-0047,28,Final Assembly,FALSE,1278.87,1328.75,,50.6,,49.88,,0,
VEH-0047,29,Final Assembly,TRUE,1328.75,1381.76,53.01,53.7,44.64,53.01,,0,
VEH-0047,30,Final Assembly,TRUE,1381.76,1413.56,31.8,31.9,,31.8,,0,
VEH-0047,31,Final Assembly,TRUE,1413.56,1469.16,55.6,54.3,,55.6,,0,
VEH-0047,32,Final Assembly,TRUE,1469.16,1507.57,38.41,36.8,,38.41,PASS,0,
VEH-0047,33,Final Assembly,TRUE,1507.57,1539.11,31.54,32.6,43.2,31.54,,0,
VEH-0047,34,Final Assembly,TRUE,1539.11,1603.57,64.46,68,,64.46,,0,
VEH-0047,35,Final Assembly,TRUE,1603.57,1670.5,66.93,68.6,,66.93,,0,
VEH-0047,36,Final Assembly,TRUE,1670.5,1731.7,61.2,62.3,43.85,61.2,,0,
VEH-0047,37,Final Assembly,TRUE,1731.7,1771.17,39.47,42.2,,39.47,,0,
VEH-0047,38,Final Assembly,TRUE,1771.17,1804.29,33.12,33.9,,33.12,,0,
VEH-0047,39,Final Assembly,FALSE,1804.29,1862.21,,57.4,,57.92,,0,
VEH-0047,40,Final Assembly,TRUE,1862.21,1911.23,49.02,47.6,,49.02,,0,
VEH-0048,1,Body,FALSE,0,43.75,,45,,43.75,,0,
VEH-0048,2,Body,FALSE,43.75,108.87,,68,,65.12,,0,
VEH-0048,3,Body,FALSE,108.87,168.1,,59.3,,59.23,,0,
VEH-0048,4,Body,TRUE,168.1,216.91,48.81,53.9,,48.81,,0,
VEH-0048,5,Body,TRUE,216.91,252.4,35.49,36.2,,35.49,PASS,0,
VEH-0048,6,Body,FALSE,252.4,286.45,,36.2,,34.05,,0,
VEH-0048,7,Body,FALSE,286.45,315.01,,32.3,,28.56,,0,
VEH-0048,8,Body,FALSE,315.01,381.36,,64.6,,66.35,,0,
VEH-0048,9,Body,FALSE,381.36,439.79,,54,,58.43,PASS,0,
VEH-0048,10,Body,TRUE,439.79,501.39,61.6,58.3,,61.6,,0,
VEH-0048,11,Body,TRUE,501.39,533.24,31.85,30.8,,31.85,PASS,0,
VEH-0048,12,Body,TRUE,533.24,600.62,67.38,68.8,,67.38,,0,
VEH-0048,13,Body,TRUE,600.62,666.47,65.85,63.3,46.84,65.85,PASS,0,
VEH-0048,14,Body,TRUE,666.47,705.23,38.76,38.5,43.22,38.76,,0,
VEH-0048,15,Body,FALSE,705.23,741.6,,37.3,,36.37,PASS,0,
VEH-0048,16,Paint,FALSE,741.6,782.07,,37.3,,40.47,,0,
VEH-0048,17,Paint,TRUE,782.07,824.11,42.04,42.2,,42.04,,0,
VEH-0048,18,Paint,FALSE,824.11,866.63,,51,,42.52,,0,
VEH-0048,19,Paint,TRUE,866.63,910.46,43.83,47.3,44.36,43.83,,0,
VEH-0048,20,Paint,TRUE,910.46,954.21,43.75,41.6,,43.75,,0,
VEH-0048,21,Paint,TRUE,954.21,1007.96,53.75,54.5,,53.75,,0,
VEH-0048,22,Paint,TRUE,1007.96,1045.44,37.48,35.6,,37.48,PASS,0,
VEH-0048,23,Final Assembly,TRUE,1045.44,1086.04,40.6,41.7,,40.6,,0,
VEH-0048,24,Final Assembly,TRUE,1086.04,1126.34,40.3,44.7,,40.3,,0,
VEH-0048,25,Final Assembly,TRUE,1126.34,1173.36,47.02,48.2,,47.02,,0,
VEH-0048,26,Final Assembly,TRUE,1173.36,1235.82,62.46,61.4,,62.46,PASS,0,
VEH-0048,27,Final Assembly,TRUE,1235.82,1274.32,38.5,38,43.12,38.5,,0,
VEH-0048,28,Final Assembly,FALSE,1274.32,1324.03,,50.6,,49.71,,0,
VEH-0048,29,Final Assembly,TRUE,1324.03,1384.95,60.92,53.7,43.15,60.92,,0,
VEH-0048,30,Final Assembly,TRUE,1384.95,1417.9,32.95,31.9,,32.95,,0,
VEH-0048,31,Final Assembly,TRUE,1417.9,1466.52,48.62,54.3,,48.62,,0,
VEH-0048,32,Final Assembly,TRUE,1466.52,1504.91,38.39,36.8,,38.39,PASS,0,
VEH-0048,33,Final Assembly,TRUE,1504.91,1536.06,31.15,32.6,45.6,31.15,,0,
VEH-0048,34,Final Assembly,TRUE,1536.06,1599.67,63.61,68,,63.61,,0,
VEH-0048,35,Final Assembly,TRUE,1599.67,1669.27,69.6,68.6,,69.6,,0,
VEH-0048,36,Final Assembly,TRUE,1669.27,1728.74,59.47,62.3,43.93,59.47,,0,
VEH-0048,37,Final Assembly,TRUE,1728.74,1771.87,43.13,42.2,,43.13,,0,
VEH-0048,38,Final Assembly,TRUE,1771.87,1805.04,33.17,33.9,,33.17,,0,
VEH-0048,39,Final Assembly,FALSE,1805.04,1863.53,,57.4,,58.49,,0,
VEH-0048,40,Final Assembly,TRUE,1863.53,1910.68,47.15,47.6,,47.15,,0,
VEH-0049,1,Body,FALSE,0,43.11,,45,,43.11,,0,
VEH-0049,2,Body,FALSE,43.11,108.1,,68,,64.99,,0,
VEH-0049,3,Body,FALSE,108.1,168.98,,59.3,,60.88,,0,
VEH-0049,4,Body,TRUE,168.98,226.2,57.22,53.9,,57.22,,0,
VEH-0049,5,Body,TRUE,226.2,261.25,35.05,36.2,,35.05,PASS,0,
VEH-0049,6,Body,FALSE,261.25,298.28,,36.2,,37.03,,0,
VEH-0049,7,Body,FALSE,298.28,327.22,,32.3,,28.94,,0,
VEH-0049,8,Body,FALSE,327.22,389.93,,64.6,,62.71,,0,
VEH-0049,9,Body,FALSE,389.93,443.85,,54,,53.92,PASS,0,
VEH-0049,10,Body,TRUE,443.85,499.49,55.64,58.3,,55.64,,0,
VEH-0049,11,Body,TRUE,499.49,528.85,29.36,30.8,,29.36,PASS,0,
VEH-0049,12,Body,TRUE,528.85,595.35,66.5,68.8,,66.5,,0,
VEH-0049,14,Body,TRUE,659.58,693.76,34.18,38.5,41.82,34.18,,0,
VEH-0049,15,Body,FALSE,693.76,729.93,,37.3,,36.17,PASS,0,
VEH-0049,16,Paint,FALSE,729.93,768.08,,37.3,,38.15,,0,
VEH-0049,17,Paint,TRUE,768.08,804.48,36.4,42.2,,36.4,,0,
VEH-0049,18,Paint,FALSE,804.48,854.21,,51,,49.73,,0,
VEH-0049,19,Paint,TRUE,854.21,900.27,46.06,47.3,47.08,46.06,,0,
VEH-0049,20,Paint,TRUE,900.27,941.07,40.8,41.6,,40.8,,0,
VEH-0049,21,Paint,TRUE,941.07,996.62,55.55,54.5,,55.55,,0,
VEH-0049,22,Paint,TRUE,996.62,1032.47,35.85,35.6,,35.85,PASS,0,
VEH-0049,23,Final Assembly,TRUE,1032.47,1069.72,37.25,41.7,,37.25,,0,
VEH-0049,24,Final Assembly,TRUE,1069.72,1116.14,46.42,44.7,,46.42,,0,
VEH-0049,25,Final Assembly,TRUE,1116.14,1164.86,48.72,48.2,,48.72,,0,
VEH-0049,26,Final Assembly,TRUE,1164.86,1227.82,62.96,61.4,,62.96,PASS,0,
VEH-0049,27,Final Assembly,TRUE,1227.82,1273.28,45.46,38,41.87,45.46,,0,
VEH-0049,28,Final Assembly,FALSE,1273.28,1328.24,,50.6,,54.96,,0,
VEH-0049,29,Final Assembly,TRUE,1328.24,1381.17,52.93,53.7,45.43,52.93,,0,
VEH-0049,30,Final Assembly,TRUE,1381.17,1413,31.83,31.9,,31.83,,0,
VEH-0049,31,Final Assembly,TRUE,1413,1466.15,53.15,54.3,,53.15,,0,
VEH-0049,32,Final Assembly,TRUE,1466.15,1501.9,35.75,36.8,,35.75,PASS,0,
VEH-0049,33,Final Assembly,TRUE,1501.9,1535.04,33.14,32.6,42.72,33.14,,0,
VEH-0049,34,Final Assembly,TRUE,1535.04,1605.59,70.55,68,,70.55,,0,
VEH-0049,35,Final Assembly,TRUE,1605.59,1672.76,67.17,68.6,,67.17,,0,
VEH-0049,36,Final Assembly,TRUE,1672.76,1731.53,58.77,62.3,44.32,58.77,,0,
VEH-0049,37,Final Assembly,TRUE,1731.53,1776.38,44.85,42.2,,44.85,,0,
VEH-0049,38,Final Assembly,TRUE,1776.38,1809.37,32.99,33.9,,32.99,,0,
VEH-0049,39,Final Assembly,FALSE,1809.37,1867.8,,57.4,,58.43,,0,
VEH-0049,40,Final Assembly,TRUE,1867.8,1913.66,45.86,47.6,,45.86,,0,
VEH-0050,1,Body,FALSE,0,46.71,,45,,46.71,,0,
VEH-0050,2,Body,FALSE,46.71,117.07,,68,,70.36,,0,
VEH-0050,3,Body,FALSE,117.07,172.04,,59.3,,54.97,,0,
VEH-0050,4,Body,TRUE,172.04,222.77,50.73,53.9,,50.73,,0,
VEH-0050,5,Body,TRUE,222.77,261.05,38.28,36.2,,38.28,PASS,0,
VEH-0050,6,Body,FALSE,261.05,297.85,,36.2,,36.8,,0,
VEH-0050,7,Body,FALSE,297.85,331.01,,32.3,,33.16,,0,
VEH-0050,8,Body,FALSE,331.01,392.5,,64.6,,61.49,,0,
VEH-0050,9,Body,FALSE,392.5,443.85,,54,,51.35,PASS,0,
VEH-0050,10,Body,TRUE,443.85,505.04,61.19,58.3,,61.19,,0,
VEH-0050,11,Body,TRUE,505.04,537.44,32.4,30.8,,32.4,PASS,0,
VEH-0050,12,Body,TRUE,537.44,602.5,65.06,68.8,,65.06,,0,
VEH-0050,13,Body,TRUE,602.5,661.74,59.24,63.3,44.84,59.24,PASS,0,
VEH-0050,14,Body,TRUE,661.74,698.7,36.96,38.5,43.77,36.96,,0,
VEH-0050,15,Body,FALSE,698.7,733.67,,37.3,,34.97,PASS,0,
VEH-0050,16,Paint,FALSE,733.67,770.1,,37.3,,36.43,,0,
VEH-0050,17,Paint,TRUE,770.1,809.86,39.76,42.2,,39.76,,0,
VEH-0050,18,Paint,FALSE,809.86,858.07,,51,,48.21,,0,
VEH-0050,19,Paint,TRUE,858.07,906.07,48,47.3,44.92,48,,0,
VEH-0050,20,Paint,TRUE,906.07,948.68,42.61,41.6,,42.61,,0,
VEH-0050,21,Paint,TRUE,948.68,998.68,50,54.5,,50,,0,
VEH-0050,22,Paint,TRUE,998.68,1034.3,35.62,35.6,,35.62,PASS,0,
VEH-0050,23,Final Assembly,TRUE,1034.3,1080.34,46.04,41.7,,46.04,,0,
VEH-0050,24,Final Assembly,TRUE,1080.34,1124.21,43.87,44.7,,43.87,,0,
VEH-0050,25,Final Assembly,TRUE,1124.21,1174.4,50.19,48.2,,50.19,,0,
VEH-0050,26,Final Assembly,TRUE,1174.4,1238.31,63.91,61.4,,63.91,PASS,0,
VEH-0050,27,Final Assembly,TRUE,1238.31,1277.95,39.64,38,45.25,39.64,,0,
VEH-0050,28,Final Assembly,FALSE,1277.95,1329.98,,50.6,,52.03,,0,
VEH-0050,29,Final Assembly,TRUE,1329.98,1385.56,55.58,53.7,45.95,55.58,,0,
VEH-0050,30,Final Assembly,TRUE,1385.56,1415.68,30.12,31.9,,30.12,,0,
VEH-0050,31,Final Assembly,TRUE,1415.68,1465.35,49.67,54.3,,49.67,,0,
VEH-0050,32,Final Assembly,TRUE,1465.35,1499.29,33.94,36.8,,33.94,PASS,0,
VEH-0050,33,Final Assembly,TRUE,1499.29,1531.45,32.16,32.6,45.89,32.16,,0,
VEH-0050,34,Final Assembly,TRUE,1531.45,1595.7,64.25,68,,64.25,,0,
VEH-0050,35,Final Assembly,TRUE,1595.7,1667.47,71.77,68.6,,71.77,,0,
VEH-0050,36,Final Assembly,TRUE,1667.47,1728.2,60.73,62.3,44.26,60.73,,0,
VEH-0050,37,Final Assembly,TRUE,1728.2,1768.64,40.44,42.2,,40.44,,0,
VEH-0050,38,Final Assembly,TRUE,1768.64,1799.34,30.7,33.9,,30.7,,0,
VEH-0050,39,Final Assembly,FALSE,1799.34,1857.4,,57.4,,58.06,,0,
VEH-0050,40,Final Assembly,TRUE,1857.4,1909.08,51.68,47.6,,51.68,,0,
VEH-0051,1,Body,FALSE,0,46.65,,45,,46.65,,0,
VEH-0051,2,Body,FALSE,46.65,115.63,,68,,68.98,,0,
VEH-0051,3,Body,FALSE,115.63,170.03,,59.3,,54.4,,0,
VEH-0051,4,Body,TRUE,170.03,221.34,51.31,53.9,,51.31,,0,
VEH-0051,5,Body,TRUE,221.34,257.32,35.98,36.2,,35.98,PASS,0,
VEH-0051,6,Body,FALSE,257.32,293.69,,36.2,,36.37,,0,
VEH-0051,7,Body,FALSE,293.69,324.17,,32.3,,30.48,,0,
VEH-0051,8,Body,FALSE,324.17,396.56,,64.6,,72.39,,0,
VEH-0051,9,Body,FALSE,396.56,454.65,,54,,58.09,PASS,0,
VEH-0051,10,Body,TRUE,454.65,514.71,60.06,58.3,,60.06,,0,
VEH-0051,11,Body,TRUE,514.71,545.62,30.91,30.8,,30.91,PASS,0,
VEH-0051,12,Body,TRUE,545.62,613.69,68.07,68.8,,68.07,,0,
VEH-0051,13,Body,TRUE,613.69,673.97,60.28,63.3,45.12,60.28,PASS,0,
VEH-0051,14,Body,TRUE,673.97,712.97,39,38.5,43.14,39,,0,
VEH-0051,15,Body,FALSE,712.97,750.89,,37.3,,37.92,PASS,0,
VEH-0051,16,Paint,FALSE,750.89,787.9,,37.3,,37.01,,0,
VEH-0051,17,Paint,TRUE,787.9,826.07,38.17,42.2,,38.17,,0,
VEH-0051,18,Paint,FALSE,826.07,874.88,,51,,48.81,,0,
VEH-0051,19,Paint,TRUE,874.88,921.2,46.32,47.3,47.83,46.32,,0,
VEH-0051,20,Paint,TRUE,921.2,963.96,42.76,41.6,,42.76,,0,
VEH-0051,21,Paint,TRUE,963.96,1014.81,50.85,54.5,,50.85,,0,
VEH-0051,22,Paint,TRUE,1014.81,1051.28,36.47,35.6,,36.47,PASS,0,
VEH-0051,23,Final Assembly,TRUE,1051.28,1089.75,38.47,41.7,,38.47,,0,
VEH-0051,24,Final Assembly,TRUE,1089.75,1136.88,47.13,44.7,,47.13,,0,
VEH-0051,25,Final Assembly,TRUE,1136.88,1183.94,47.06,48.2,,47.06,,0,
VEH-0051,26,Final Assembly,TRUE,1183.94,1245.05,61.11,61.4,,61.11,PASS,0,
VEH-0051,27,Final Assembly,TRUE,1245.05,1285.57,40.52,38,43.07,40.52,,0,
VEH-0051,28,Final Assembly,FALSE,1285.57,1332.64,,50.6,,47.07,,0,
VEH-0051,29,Final Assembly,TRUE,1332.64,1384.77,52.13,53.7,46.56,52.13,,0,
VEH-0051,30,Final Assembly,TRUE,1384.77,1414.25,29.48,31.9,,29.48,,0,
VEH-0051,31,Final Assembly,TRUE,1414.25,1460.87,46.62,54.3,,46.62,,0,
VEH-0051,32,Final Assembly,TRUE,1460.87,1496.84,35.97,36.8,,35.97,PASS,0,
VEH-0051,33,Final Assembly,TRUE,1496.84,1530.34,33.5,32.6,46.8,33.5,,0,
VEH-0051,34,Final Assembly,TRUE,1530.34,1596.77,66.43,68,,66.43,,0,
VEH-0051,35,Final Assembly,TRUE,1596.77,1663.96,67.19,68.6,,67.19,,0,
VEH-0051,36,Final Assembly,TRUE,1663.96,1729.86,65.9,62.3,42.2,65.9,,0,
VEH-0051,37,Final Assembly,TRUE,1729.86,1771.24,41.38,42.2,,41.38,,0,
VEH-0051,38,Final Assembly,TRUE,1771.24,1805.46,34.22,33.9,,34.22,,0,
VEH-0051,39,Final Assembly,FALSE,1805.46,1864.15,,57.4,,58.69,,0,
VEH-0051,40,Final Assembly,TRUE,1864.15,1910.54,46.39,47.6,,46.39,,0,
VEH-0052,1,Body,FALSE,0,45.08,,45,,45.08,,0,
VEH-0052,2,Body,FALSE,45.08,105.65,,68,,60.57,,0,
VEH-0052,3,Body,FALSE,105.65,168.34,,59.3,,62.69,,0,
VEH-0052,4,Body,TRUE,168.34,223.33,54.99,53.9,,54.99,,0,
VEH-0052,5,Body,TRUE,223.33,260.3,36.97,36.2,,36.97,PASS,0,
VEH-0052,6,Body,FALSE,260.3,293.67,,36.2,,33.37,,0,
VEH-0052,7,Body,FALSE,293.67,328.19,,32.3,,34.52,,0,
VEH-0052,8,Body,FALSE,328.19,391.29,,64.6,,63.1,,0,
VEH-0052,9,Body,FALSE,391.29,444.51,,54,,53.22,PASS,0,
VEH-0052,10,Body,TRUE,444.51,499.69,55.18,58.3,,55.18,,0,
VEH-0052,12,Body,TRUE,527.74,600.52,72.78,68.8,,72.78,,0,
VEH-0052,13,Body,TRUE,600.52,667.9,67.38,63.3,44.75,67.38,PASS,0,
VEH-0052,14,Body,TRUE,667.9,705.09,37.19,38.5,44.43,37.19,,0,
VEH-0052,15,Body,FALSE,705.09,741.74,,37.3,,36.65,PASS,0,
VEH-0052,16,Paint,FALSE,741.74,776.81,,37.3,,35.07,,0,
VEH-0052,17,Paint,TRUE,776.81,818.39,41.58,42.2,,41.58,,0,
VEH-0052,18,Paint,FALSE,818.39,869.78,,51,,51.39,,0,
VEH-0052,19,Paint,TRUE,869.78,919.48,49.7,47.3,45.02,49.7,,0,
VEH-0052,20,Paint,TRUE,919.48,957.8,38.32,41.6,,38.32,,0,
VEH-0052,21,Paint,TRUE,957.8,1013.27,55.47,54.5,,55.47,,0,
VEH-0052,22,Paint,TRUE,1013.27,1048.41,35.14,35.6,,35.14,PASS,0,
VEH-0052,23,Final Assembly,TRUE,1048.41,1092.97,44.56,41.7,,44.56,,0,
VEH-0052,24,Final Assembly,TRUE,1092.97,1140.87,47.9,44.7,,47.9,,0,
VEH-0052,25,Final Assembly,TRUE,1140.87,1192.6,51.73,48.2,,51.73,,0,
VEH-0052,26,Final Assembly,TRUE,1192.6,1252.28,59.68,61.4,,59.68,PASS,0,
VEH-0052,27,Final Assembly,TRUE,1252.28,1294.06,41.78,38,45.53,41.78,,0,
VEH-0052,28,Final Assembly,FALSE,1294.06,1348.77,,50.6,,54.71,,0,
VEH-0052,29,Final Assembly,TRUE,1348.77,1401.12,52.35,53.7,44.55,52.35,,0,
VEH-0052,30,Final Assembly,TRUE,1401.12,1433.46,32.34,31.9,,32.34,,0,
VEH-0052,31,Final Assembly,TRUE,1433.46,1488.17,54.71,54.3,,54.71,,0,
VEH-0052,32,Final Assembly,TRUE,1488.17,1527.28,39.11,36.8,,39.11,PASS,0,
VEH-0052,33,Final Assembly,TRUE,1527.28,1559.5,32.22,32.6,46.75,32.22,,0,
VEH-0052,34,Final Assembly,TRUE,1559.5,1629.99,70.49,68,,70.49,,0,
VEH-0052,35,Final Assembly,TRUE,1629.99,1697.86,67.87,68.6,,67.87,,0,
VEH-0052,36,Final Assembly,TRUE,1697.86,1762.2,64.34,62.3,44.29,64.34,,0,
VEH-0052,37,Final Assembly,TRUE,1762.2,1809.36,47.16,42.2,,47.16,,0,
VEH-0052,38,Final Assembly,TRUE,1809.36,1838.73,29.37,33.9,,29.37,,0,
VEH-0052,39,Final Assembly,FALSE,1838.73,1898.06,,57.4,,59.33,,0,
VEH-0052,40,Final Assembly,TRUE,1898.06,1941.46,43.4,47.6,,43.4,,0,
VEH-0053,1,Body,FALSE,0,48.71,,45,,48.71,,0,
VEH-0053,2,Body,FALSE,48.71,120.35,,68,,71.64,,0,
VEH-0053,3,Body,FALSE,120.35,177.49,,59.3,,57.14,,0,
VEH-0053,4,Body,TRUE,177.49,232.37,54.88,53.9,,54.88,,0,
VEH-0053,5,Body,TRUE,232.37,266.23,33.86,36.2,,33.86,PASS,0,
VEH-0053,6,Body,FALSE,266.23,303.47,,36.2,,37.24,,0,
VEH-0053,7,Body,FALSE,303.47,336.5,,32.3,,33.03,,0,
VEH-0053,8,Body,FALSE,336.5,395.06,,64.6,,58.56,,0,
VEH-0053,9,Body,FALSE,395.06,445.92,,54,,50.86,PASS,0,
VEH-0053,10,Body,TRUE,445.92,503.39,57.47,58.3,,57.47,,0,
VEH-0053,11,Body,TRUE,503.39,533.73,30.34,30.8,,30.34,PASS,0,
VEH-0053,12,Body,TRUE,533.73,598.37,64.64,68.8,,64.64,,0,
VEH-0053,13,Body,TRUE,598.37,662.9,64.53,63.3,45.38,64.53,PASS,0,
VEH-0053,14,Body,TRUE,662.9,701.03,38.13,38.5,43.87,38.13,,0,
VEH-0053,15,Body,FALSE,701.03,740.28,,37.3,,39.25,PASS,0,
VEH-0053,16,Paint,FALSE,740.28,780.66,,37.3,,40.38,,0,
VEH-0053,17,Paint,TRUE,780.66,821.84,41.18,42.2,,41.18,,0,
VEH-0053,18,Paint,FALSE,821.84,871.28,,51,,49.44,,0,
VEH-0053,19,Paint,TRUE,871.28,919.74,48.46,47.3,44.46,48.46,,0,
VEH-0053,20,Paint,TRUE,919.74,961.05,41.31,41.6,,41.31,,0,
VEH-0053,21,Paint,TRUE,961.05,1017.57,56.52,54.5,,56.52,,0,
VEH-0053,22,Paint,TRUE,1017.57,1049.77,32.2,35.6,,32.2,PASS,0,
VEH-0053,23,Final Assembly,TRUE,1049.77,1094.23,44.46,41.7,,44.46,,0,
VEH-0053,24,Final Assembly,TRUE,1094.23,1139.09,44.86,44.7,,44.86,,0,
VEH-0053,25,Final Assembly,TRUE,1139.09,1186.3,47.21,48.2,,47.21,,0,
VEH-0053,26,Final Assembly,TRUE,1186.3,1247.43,61.13,61.4,,61.13,PASS,0,
VEH-0053,27,Final Assembly,TRUE,1247.43,1285.36,37.93,38,42.4,37.93,,0,
VEH-0053,28,Final Assembly,FALSE,1285.36,1339.74,,50.6,,54.38,,0,
VEH-0053,29,Final Assembly,TRUE,1339.74,1393.55,53.81,53.7,45.66,53.81,,0,
VEH-0053,30,Final Assembly,TRUE,1393.55,1426.96,33.41,31.9,,33.41,,0,
VEH-0053,31,Final Assembly,TRUE,1426.96,1478.49,51.53,54.3,,51.53,,0,
VEH-0053,32,Final Assembly,TRUE,1478.49,1516.16,37.67,36.8,,37.67,PASS,0,
VEH-0053,33,Final Assembly,TRUE,1516.16,1548.32,32.16,32.6,46.27,32.16,,0,
VEH-0053,34,Final Assembly,TRUE,1548.32,1609.09,60.77,68,,60.77,,0,
VEH-0053,35,Final Assembly,TRUE,1609.09,1677.35,68.26,68.6,,68.26,,0,
VEH-0053,36,Final Assembly,TRUE,1677.35,1737.77,60.42,62.3,45.65,60.42,,0,
VEH-0053,37,Final Assembly,TRUE,1737.77,1780.96,43.19,42.2,,43.19,,0,
VEH-0053,38,Final Assembly,TRUE,1780.96,1813.66,32.7,33.9,,32.7,,0,
VEH-0053,39,Final Assembly,FALSE,1813.66,1869.02,,57.4,,55.36,,0,
VEH-0053,40,Final Assembly,TRUE,1869.02,1916.36,47.34,47.6,,47.34,,0,
VEH-0054,1,Body,FALSE,0,42.98,,45,,42.98,,0,
VEH-0054,2,Body,FALSE,42.98,110.4,,68,,67.42,,0,
VEH-0054,3,Body,FALSE,110.4,169.2,,59.3,,58.8,,0,
VEH-0054,4,Body,TRUE,169.2,220.92,51.72,53.9,,51.72,,0,
VEH-0054,5,Body,TRUE,220.92,254.68,33.76,36.2,,33.76,PASS,0,
VEH-0054,6,Body,FALSE,254.68,293.95,,36.2,,39.27,,0,
VEH-0054,7,Body,FALSE,293.95,324.86,,32.3,,30.91,,0,
VEH-0054,8,Body,FALSE,324.86,394.52,,64.6,,69.66,,0,
VEH-0054,9,Body,FALSE,394.52,446.2,,54,,51.68,PASS,0,
VEH-0054,10,Body,TRUE,446.2,506.03,59.83,58.3,,59.83,,0,
VEH-0054,11,Body,TRUE,506.03,535.08,29.05,30.8,,29.05,PASS,0,
VEH-0054,12,Body,TRUE,535.08,605.68,70.6,68.8,,70.6,,0,
VEH-0054,13,Body,TRUE,605.68,667.95,62.27,63.3,44.53,62.27,PASS,0,
VEH-0054,14,Body,TRUE,667.95,707.63,39.68,38.5,44.3,39.68,,0,
VEH-0054,15,Body,FALSE,707.63,742.27,,37.3,,34.64,PASS,0,
VEH-0054,16,Paint,FALSE,742.27,780.99,,37.3,,38.72,,0,
VEH-0054,17,Paint,TRUE,780.99,820.77,39.78,42.2,,39.78,,0,
VEH-0054,18,Paint,FALSE,820.77,873.09,,51,,52.32,,0,
VEH-0054,19,Paint,TRUE,873.09,922.69,49.6,47.3,44.44,49.6,,0,
VEH-0054,20,Paint,TRUE,922.69,966.75,44.06,41.6,,44.06,,0,
VEH-0054,21,Paint,TRUE,966.75,1022.57,55.82,54.5,,55.82,,0,
VEH-0054,22,Paint,TRUE,1022.57,1056.93,34.36,35.6,,34.36,PASS,0,
VEH-0054,23,Final Assembly,TRUE,1056.93,1101.56,44.63,41.7,,44.63,,0,
VEH-0054,24,Final Assembly,TRUE,1101.56,1143.7,42.14,44.7,,42.14,,0,
VEH-0054,25,Final Assembly,TRUE,1143.7,1190.99,47.29,48.2,,47.29,,0,
VEH-0054,26,Final Assembly,TRUE,1190.99,1251.76,60.77,61.4,,60.77,PASS,0,
VEH-0054,27,Final Assembly,TRUE,1251.76,1290.91,39.15,38,46.67,39.15,,0,
VEH-0054,28,Final Assembly,FALSE,1290.91,1344.17,,50.6,,53.26,,0,
VEH-0054,29,Final Assembly,TRUE,1344.17,1398.47,54.3,53.7,44.58,54.3,,0,
VEH-0054,30,Final Assembly,TRUE,1398.47,1427.47,29,31.9,,29,,0,
VEH-0054,31,Final Assembly,TRUE,1427.47,1478.21,50.74,54.3,,50.74,,0,
VEH-0054,32,Final Assembly,TRUE,1478.21,1518.26,40.05,36.8,,40.05,PASS,0,
VEH-0054,33,Final Assembly,TRUE,1518.26,1547.87,29.61,32.6,43.82,29.61,,0,
VEH-0054,34,Final Assembly,TRUE,1547.87,1619.76,71.89,68,,71.89,,0,
VEH-0054,35,Final Assembly,TRUE,1619.76,1689.08,69.32,68.6,,69.32,,0,
VEH-0054,36,Final Assembly,TRUE,1689.08,1754.28,65.2,62.3,45.81,65.2,,0,
VEH-0054,37,Final Assembly,TRUE,1754.28,1799.58,45.3,42.2,,45.3,,0,
VEH-0054,38,Final Assembly,TRUE,1799.58,1833.98,34.4,33.9,,34.4,,0,
VEH-0054,39,Final Assembly,FALSE,1833.98,1893.28,,57.4,,59.3,,0,
VEH-0054,40,Final Assembly,TRUE,1893.28,1939.16,45.88,47.6,,45.88,,0,
VEH-0055,1,Body,FALSE,0,43.35,,45,,43.35,,0,
VEH-0055,2,Body,FALSE,43.35,113.8,,68,,70.45,,0,
VEH-0055,3,Body,FALSE,113.8,169.99,,59.3,,56.19,,0,
VEH-0055,4,Body,TRUE,169.99,225.94,55.95,53.9,,55.95,,0,
VEH-0055,5,Body,TRUE,225.94,264.62,38.68,36.2,,38.68,PASS,0,
VEH-0055,6,Body,FALSE,264.62,302.08,,36.2,,37.46,,0,
VEH-0055,7,Body,FALSE,302.08,334.84,,32.3,,32.76,,0,
VEH-0055,8,Body,FALSE,334.84,396.25,,64.6,,61.41,,0,
VEH-0055,9,Body,FALSE,396.25,447.96,,54,,51.71,PASS,0,
VEH-0055,10,Body,TRUE,447.96,509.91,61.95,58.3,,61.95,,0,
VEH-0055,11,Body,TRUE,509.91,541.91,32,30.8,,32,PASS,0,
VEH-0055,12,Body,TRUE,541.91,610.58,68.67,68.8,,68.67,,0,
VEH-0055,13,Body,TRUE,610.58,672.56,61.98,63.3,41.96,61.98,PASS,0,
VEH-0055,14,Body,TRUE,672.56,708.99,36.43,38.5,47.87,36.43,,0,
VEH-0055,15,Body,FALSE,708.99,743.91,,37.3,,34.92,PASS,0,
VEH-0055,16,Paint,FALSE,743.91,781.56,,37.3,,37.65,,0,
VEH-0055,17,Paint,TRUE,781.56,825.89,44.33,42.2,,44.33,,0,
VEH-0055,18,Paint,FALSE,825.89,873.69,,51,,47.8,,0,
VEH-0055,19,Paint,TRUE,873.69,921.43,47.74,47.3,46.41,47.74,,0,
VEH-0055,20,Paint,TRUE,921.43,963.06,41.63,41.6,,41.63,,0,
VEH-0055,21,Paint,TRUE,963.06,1025.39,62.33,54.5,,62.33,,0,
VEH-0055,22,Paint,TRUE,1025.39,1058.02,32.63,35.6,,32.63,PASS,0,
VEH-0055,23,Final Assembly,TRUE,1058.02,1101.93,43.91,41.7,,43.91,,0,
VEH-0055,24,Final Assembly,TRUE,1101.93,1146.24,44.31,44.7,,44.31,,0,
VEH-0055,25,Final Assembly,TRUE,1146.24,1196.3,50.06,48.2,,50.06,,0,
VEH-0055,27,Final Assembly,TRUE,1259.05,1295.66,36.61,38,45.34,36.61,,0,
VEH-0055,28,Final Assembly,FALSE,1295.66,1341.56,,50.6,,45.9,,0,
VEH-0055,29,Final Assembly,TRUE,1341.56,1396.88,55.32,53.7,45.45,55.32,,0,
VEH-0055,30,Final Assembly,TRUE,1396.88,1429.8,32.92,31.9,,32.92,,0,
VEH-0055,31,Final Assembly,TRUE,1429.8,1486.97,57.17,54.3,,57.17,,0,
VEH-0055,32,Final Assembly,TRUE,1486.97,1524.45,37.48,36.8,,37.48,PASS,0,
VEH-0055,33,Final Assembly,TRUE,1524.45,1557.29,32.84,32.6,43.68,32.84,,0,
VEH-0055,34,Final Assembly,TRUE,1557.29,1622.87,65.58,68,,65.58,,0,
VEH-0055,35,Final Assembly,TRUE,1622.87,1695.54,72.67,68.6,,72.67,,0,
VEH-0055,36,Final Assembly,TRUE,1695.54,1762.32,66.78,62.3,44.64,66.78,,0,
VEH-0055,37,Final Assembly,TRUE,1762.32,1804.62,42.3,42.2,,42.3,,0,
VEH-0055,38,Final Assembly,TRUE,1804.62,1836.98,32.36,33.9,,32.36,,0,
VEH-0055,39,Final Assembly,FALSE,1836.98,1897.75,,57.4,,60.77,,0,
VEH-0055,40,Final Assembly,TRUE,1897.75,1946.93,49.18,47.6,,49.18,,0,
VEH-0056,1,Body,FALSE,0,49.37,,45,,49.37,,0,
VEH-0056,2,Body,FALSE,49.37,117.45,,68,,68.08,,0,
VEH-0056,3,Body,FALSE,117.45,175.86,,59.3,,58.41,,0,
VEH-0056,4,Body,TRUE,175.86,231.4,55.54,53.9,,55.54,,0,
VEH-0056,5,Body,TRUE,231.4,272.61,41.21,36.2,,41.21,PASS,0,
VEH-0056,6,Body,FALSE,272.61,308.99,,36.2,,36.38,,0,
VEH-0056,7,Body,FALSE,308.99,339.93,,32.3,,30.94,,0,
VEH-0056,8,Body,FALSE,339.93,409.11,,64.6,,69.18,,0,
VEH-0056,9,Body,FALSE,409.11,458.82,,54,,49.71,PASS,0,
VEH-0056,10,Body,TRUE,458.82,513.06,54.24,58.3,,54.24,,0,
VEH-0056,11,Body,TRUE,513.06,542.94,29.88,30.8,,29.88,PASS,0,
VEH-0056,12,Body,TRUE,542.94,610.77,67.83,68.8,,67.83,,0,
VEH-0056,13,Body,TRUE,610.77,672.11,61.34,63.3,44.95,61.34,PASS,0,
VEH-0056,14,Body,TRUE,672.11,711.14,39.03,38.5,46.6,39.03,,0,
VEH-0056,15,Body,FALSE,711.14,748.61,,37.3,,37.47,PASS,0,
VEH-0056,16,Paint,FALSE,748.61,784.86,,37.3,,36.25,,0,
VEH-0056,17,Paint,TRUE,784.86,829.2,44.34,42.2,,44.34,,0,
VEH-0056,18,Paint,FALSE,829.2,878.11,,51,,48.91,,0,
VEH-0056,19,Paint,TRUE,878.11,921.56,43.45,47.3,46.81,43.45,,0,
VEH-0056,20,Paint,TRUE,921.56,965.54,43.98,41.6,,43.98,,0,
VEH-0056,21,Paint,TRUE,965.54,1017.88,52.34,54.5,,52.34,,0,
VEH-0056,22,Paint,TRUE,1017.88,1052.77,34.89,35.6,,34.89,PASS,0,
VEH-0056,23,Final Assembly,TRUE,1052.77,1092.55,39.78,41.7,,39.78,,0,
VEH-0056,24,Final Assembly,TRUE,1092.55,1137.98,45.43,44.7,,45.43,,0,
VEH-0056,25,Final Assembly,TRUE,1137.98,1190.35,52.37,48.2,,52.37,,0,
VEH-0056,26,Final Assembly,TRUE,1190.35,1253.91,63.56,61.4,,63.56,PASS,0,
VEH-0056,27,Final Assembly,TRUE,1253.91,1293.88,39.97,38,46.23,39.97,,0,
VEH-0056,28,Final Assembly,FALSE,1293.88,1344.48,,50.6,,50.6,,0,
VEH-0056,29,Final Assembly,TRUE,1344.48,1401.09,56.61,53.7,46.12,56.61,,0,
VEH-0056,30,Final Assembly,TRUE,1401.09,1435.28,34.19,31.9,,34.19,,0,
VEH-0056,31,Final Assembly,TRUE,1435.28,1488.33,53.05,54.3,,53.05,,0,
VEH-0056,32,Final Assembly,TRUE,1488.33,1521.93,33.6,36.8,,33.6,PASS,0,
VEH-0056,33,Final Assembly,TRUE,1521.93,1556.23,34.3,32.6,45.52,34.3,,0,
VEH-0056,34,Final Assembly,TRUE,1556.23,1623.22,66.99,68,,66.99,,0,
VEH-0056,35,Final Assembly,TRUE,1623.22,1691,67.78,68.6,,67.78,,0,
VEH-0056,36,Final Assembly,TRUE,1691,1761.27,70.27,62.3,44.04,70.27,,0,
VEH-0056,37,Final Assembly,TRUE,1761.27,1801.67,40.4,42.2,,40.4,,0,
VEH-0056,38,Final Assembly,TRUE,1801.67,1835.71,34.04,33.9,,34.04,,0,
VEH-0056,39,Final Assembly,FALSE,1835.71,1896.5,,57.4,,60.79,,0,
VEH-0056,40,Final Assembly,TRUE,1896.5,1949.52,53.02,47.6,,53.02,,0,
VEH-0057,1,Body,FALSE,0,41.93,,45,,41.93,,0,
VEH-0057,2,Body,FALSE,41.93,109.42,,68,,67.49,,0,
VEH-0057,3,Body,FALSE,109.42,170.21,,59.3,,60.79,,0,
VEH-0057,4,Body,TRUE,170.21,228.96,58.75,53.9,,58.75,,0,
VEH-0057,5,Body,TRUE,228.96,266.44,37.48,36.2,,37.48,PASS,0,
VEH-0057,6,Body,FALSE,266.44,302.2,,36.2,,35.76,,0,
VEH-0057,7,Body,FALSE,302.2,332.85,,32.3,,30.65,,0,
VEH-0057,8,Body,FALSE,332.85,401.42,,64.6,,68.57,,0,
VEH-0057,9,Body,FALSE,401.42,452.82,,54,,51.4,PASS,0,
VEH-0057,10,Body,TRUE,452.82,515.88,63.06,58.3,,63.06,,0,
VEH-0057,11,Body,TRUE,515.88,546.24,30.36,30.8,,30.36,PASS,0,
VEH-0057,12,Body,TRUE,546.24,620.51,74.27,68.8,,74.27,,0,
VEH-0057,13,Body,TRUE,620.51,685.96,65.45,63.3,44.79,65.45,PASS,0,
VEH-0057,14,Body,TRUE,685.96,723.46,37.5,38.5,44.49,37.5,,0,
VEH-0057,15,Body,FALSE,723.46,761.56,,37.3,,38.1,PASS,0,
VEH-0057,16,Paint,FALSE,761.56,799,,37.3,,37.44,,0,
VEH-0057,17,Paint,TRUE,799,839.95,40.95,42.2,,40.95,,0,
VEH-0057,18,Paint,FALSE,839.95,890.53,,51,,50.58,,0,
VEH-0057,19,Paint,TRUE,890.53,938.02,47.49,47.3,41.81,47.49,,0,
VEH-0057,20,Paint,TRUE,938.02,980.57,42.55,41.6,,42.55,,0,
VEH-0057,21,Paint,TRUE,980.57,1032.4,51.83,54.5,,51.83,,0,
VEH-0057,22,Paint,TRUE,1032.4,1065.95,33.55,35.6,,33.55,PASS,0,
VEH-0057,23,Final Assembly,TRUE,1065.95,1104.12,38.17,41.7,,38.17,,0,
VEH-0057,24,Final Assembly,TRUE,1104.12,1144.8,40.68,44.7,,40.68,,0,
VEH-0057,25,Final Assembly,TRUE,1144.8,1189.73,44.93,48.2,,44.93,,0,
VEH-0057,26,Final Assembly,TRUE,1189.73,1248.95,59.22,61.4,,59.22,PASS,0,
VEH-0057,27,Final Assembly,TRUE,1248.95,1290.66,41.71,38,44.21,41.71,,0,
VEH-0057,28,Final Assembly,FALSE,1290.66,1341.71,,50.6,,51.05,,0,
VEH-0057,29,Final Assembly,TRUE,1341.71,1396.49,54.78,53.7,45.2,54.78,,0,
VEH-0057,30,Final Assembly,TRUE,1396.49,1428.27,31.78,31.9,,31.78,,0,
VEH-0057,31,Final Assembly,TRUE,1428.27,1479.33,51.06,54.3,,51.06,,0,
VEH-0057,32,Final Assembly,TRUE,1479.33,1518.8,39.47,36.8,,39.47,PASS,0,
VEH-0057,33,Final Assembly,TRUE,1518.8,1554.35,35.55,32.6,42.48,35.55,,0,
VEH-0057,34,Final Assembly,TRUE,1554.35,1618.87,64.52,68,,64.52,,0,
VEH-0057,35,Final Assembly,TRUE,1618.87,1686.51,67.64,68.6,,67.64,,0,
VEH-0057,36,Final Assembly,TRUE,1686.51,1745.8,59.29,62.3,45.76,59.29,,0,
VEH-0057,37,Final Assembly,TRUE,1745.8,1786.46,40.66,42.2,,40.66,,0,
VEH-0057,38,Final Assembly,TRUE,1786.46,1824.04,37.58,33.9,,37.58,,0,
VEH-0057,39,Final Assembly,FALSE,1824.04,1884.86,,57.4,,60.82,,0,
VEH-0057,40,Final Assembly,TRUE,1884.86,1932.97,48.11,47.6,,48.11,,0,
VEH-0058,1,Body,FALSE,0,47.31,,45,,47.31,,0,
VEH-0058,2,Body,FALSE,47.31,119.4,,68,,72.09,,0,
VEH-0058,3,Body,FALSE,119.4,179.64,,59.3,,60.24,,0,
VEH-0058,4,Body,TRUE,179.64,233.42,53.78,53.9,,53.78,,0,
VEH-0058,5,Body,TRUE,233.42,268.12,34.7,36.2,,34.7,PASS,0,
VEH-0058,6,Body,FALSE,268.12,306.3,,36.2,,38.18,,0,
VEH-0058,7,Body,FALSE,306.3,339.3,,32.3,,33,,0,
VEH-0058,8,Body,FALSE,339.3,401.62,,64.6,,62.32,,0,
VEH-0058,9,Body,FALSE,401.62,458.05,,54,,56.43,PASS,0,
VEH-0058,10,Body,TRUE,458.05,517.98,59.93,58.3,,59.93,,0,
VEH-0058,11,Body,TRUE,517.98,547.53,29.55,30.8,,29.55,PASS,0,
VEH-0058,12,Body,TRUE,547.53,615.98,68.45,68.8,,68.45,,0,
VEH-0058,13,Body,TRUE,615.98,677.72,61.74,63.3,48.95,61.74,PASS,0,
VEH-0058,14,Body,TRUE,677.72,717.25,39.53,38.5,45.28,39.53,,0,
VEH-0058,15,Body,FALSE,717.25,755.43,,37.3,,38.18,PASS,0,
VEH-0058,16,Paint,FALSE,755.43,795.3,,37.3,,39.87,,0,
VEH-0058,17,Paint,TRUE,795.3,837.32,42.02,42.2,,42.02,,0,
VEH-0058,18,Paint,FALSE,837.32,886.82,,51,,49.5,,0,
VEH-0058,19,Paint,TRUE,886.82,936.11,49.29,47.3,44.74,49.29,,0,
VEH-0058,20,Paint,TRUE,936.11,975.48,39.37,41.6,,39.37,,0,
VEH-0058,21,Paint,TRUE,975.48,1026.53,51.05,54.5,,51.05,,0,
VEH-0058,22,Paint,TRUE,1026.53,1064.85,38.32,35.6,,38.32,PASS,0,
VEH-0058,23,Final Assembly,TRUE,1064.85,1106.83,41.98,41.7,,41.98,,0,
VEH-0058,24,Final Assembly,TRUE,1106.83,1150.21,43.38,44.7,,43.38,,0,
VEH-0058,25,Final Assembly,TRUE,1150.21,1197.85,47.64,48.2,,47.64,,0,
VEH-0058,26,Final Assembly,TRUE,1197.85,1261.73,63.88,61.4,,63.88,PASS,0,
VEH-0058,27,Final Assembly,TRUE,1261.73,1299.17,37.44,38,42.83,37.44,,0,
VEH-0058,28,Final Assembly,FALSE,1299.17,1350.59,,50.6,,51.42,,0,
VEH-0058,29,Final Assembly,TRUE,1350.59,1407.54,56.95,53.7,46.71,56.95,,0,
VEH-0058,30,Final Assembly,TRUE,1407.54,1438.55,31.01,31.9,,31.01,,0,
VEH-0058,31,Final Assembly,TRUE,1438.55,1496.29,57.74,54.3,,57.74,,0,
VEH-0058,32,Final Assembly,TRUE,1496.29,1533.48,37.19,36.8,,37.19,PASS,0,
VEH-0058,33,Final Assembly,TRUE,1533.48,1568.1,34.62,32.6,45.86,34.62,,0,
VEH-0058,34,Final Assembly,TRUE,1568.1,1630.93,62.83,68,,62.83,,0,
VEH-0058,35,Final Assembly,TRUE,1630.93,1705.52,74.59,68.6,,74.59,,0,
VEH-0058,36,Final Assembly,TRUE,1705.52,1767.98,62.46,62.3,45.87,62.46,,0,
VEH-0058,37,Final Assembly,TRUE,1767.98,1807.34,39.36,42.2,,39.36,,0,
VEH-0058,38,Final Assembly,TRUE,1807.34,1842.1,34.76,33.9,,34.76,,0,
VEH-0058,39,Final Assembly,FALSE,1842.1,1902.67,,57.4,,60.57,,0,
VEH-0058,40,Final Assembly,TRUE,1902.67,1954.88,52.21,47.6,,52.21,,0,
VEH-0059,1,Body,FALSE,0,38.41,,45,,38.41,,0,
VEH-0059,2,Body,FALSE,38.41,113.39,,68,,74.98,,0,
VEH-0059,3,Body,FALSE,113.39,175.91,,59.3,,62.52,,0,
VEH-0059,4,Body,TRUE,175.91,228.79,52.88,53.9,,52.88,,0,
VEH-0059,5,Body,TRUE,228.79,265.02,36.23,36.2,,36.23,PASS,0,
VEH-0059,6,Body,FALSE,265.02,299.1,,36.2,,34.08,,0,
VEH-0059,7,Body,FALSE,299.1,334.13,,32.3,,35.03,,0,
VEH-0059,8,Body,FALSE,334.13,404.86,,64.6,,70.73,,0,
VEH-0059,9,Body,FALSE,404.86,459.28,,54,,54.42,PASS,0,
VEH-0059,10,Body,TRUE,459.28,520.57,61.29,58.3,,61.29,,0,
VEH-0059,11,Body,TRUE,520.57,551.64,31.07,30.8,,31.07,PASS,0,
VEH-0059,12,Body,TRUE,551.64,615.84,64.2,68.8,,64.2,,0,
VEH-0059,13,Body,TRUE,615.84,677.83,61.99,63.3,45.2,61.99,PASS,0,
VEH-0059,14,Body,TRUE,677.83,715.45,37.62,38.5,44.67,37.62,,0,
VEH-0059,15,Body,FALSE,715.45,752.58,,37.3,,37.13,PASS,0,
VEH-0059,16,Paint,FALSE,752.58,789.73,,37.3,,37.15,,0,
VEH-0059,17,Paint,TRUE,789.73,832.04,42.31,42.2,,42.31,,0,
VEH-0059,18,Paint,FALSE,832.04,880.34,,51,,48.3,,0,
VEH-0059,19,Paint,TRUE,880.34,925.95,45.61,47.3,43.07,45.61,,0,
VEH-0059,20,Paint,TRUE,925.95,969.58,43.63,41.6,,43.63,,0,
VEH-0059,21,Paint,TRUE,969.58,1018.33,48.75,54.5,,48.75,,0,
VEH-0059,22,Paint,TRUE,1018.33,1055.98,37.65,35.6,,37.65,PASS,0,
VEH-0059,23,Final Assembly,TRUE,1055.98,1100.58,44.6,41.7,,44.6,,0,
VEH-0059,24,Final Assembly,TRUE,1100.58,1144.6,44.02,44.7,,44.02,,0,
VEH-0059,25,Final Assembly,TRUE,1144.6,1186.53,41.93,48.2,,41.93,,0,
VEH-0059,26,Final Assembly,TRUE,1186.53,1246.82,60.29,61.4,,60.29,PASS,0,
VEH-0059,27,Final Assembly,TRUE,1246.82,1284.7,37.88,38,43.48,37.88,,0,
VEH-0059,28,Final Assembly,FALSE,1284.7,1334,,50.6,,49.3,,0,
VEH-0059,29,Final Assembly,TRUE,1334,1391.82,57.82,53.7,46,57.82,,0,
VEH-0059,30,Final Assembly,TRUE,1391.82,1422.25,30.43,31.9,,30.43,,0,
VEH-0059,31,Final Assembly,TRUE,1422.25,1472.22,49.97,54.3,,49.97,,0,
VEH-0059,32,Final Assembly,TRUE,1472.22,1508.42,36.2,36.8,,36.2,PASS,0,
VEH-0059,33,Final Assembly,TRUE,1508.42,1540.67,32.25,32.6,45.74,32.25,,0,
VEH-0059,34,Final Assembly,TRUE,1540.67,1606.85,66.18,68,,66.18,,0,
VEH-0059,35,Final Assembly,TRUE,1606.85,1677.2,70.35,68.6,,70.35,,0,
VEH-0059,36,Final Assembly,TRUE,1677.2,1745.54,68.34,62.3,46.22,68.34,,0,
VEH-0059,37,Final Assembly,TRUE,1745.54,1787.64,42.1,42.2,,42.1,,0,
VEH-0059,38,Final Assembly,TRUE,1787.64,1821.23,33.59,33.9,,33.59,,0,
VEH-0059,39,Final Assembly,FALSE,1821.23,1877.61,,57.4,,56.38,,0,
VEH-0059,40,Final Assembly,TRUE,1877.61,1928.02,50.41,47.6,,50.41,,0,
VEH-0060,1,Body,FALSE,0,43.59,,45,,43.59,,0,
VEH-0060,2,Body,FALSE,43.59,112.75,,68,,69.16,,0,
VEH-0060,3,Body,FALSE,112.75,172.88,,59.3,,60.13,,0,
VEH-0060,4,Body,TRUE,172.88,227.21,54.33,53.9,,54.33,,0,
VEH-0060,6,Body,FALSE,262.75,298.5,,36.2,,35.75,,0,
VEH-0060,7,Body,FALSE,298.5,329.08,,32.3,,30.58,,0,
VEH-0060,8,Body,FALSE,329.08,386.54,,64.6,,57.46,,0,
VEH-0060,9,Body,FALSE,386.54,443.52,,54,,56.98,PASS,0,
VEH-0060,10,Body,TRUE,443.52,502.28,58.76,58.3,,58.76,,0,
VEH-0060,11,Body,TRUE,502.28,533.09,30.81,30.8,,30.81,PASS,0,
VEH-0060,12,Body,TRUE,533.09,603.26,70.17,68.8,,70.17,,0,
VEH-0060,13,Body,TRUE,603.26,663.93,60.67,63.3,43.5,60.67,PASS,0,
VEH-0060,14,Body,TRUE,663.93,701.88,37.95,38.5,47.05,37.95,,0,
VEH-0060,15,Body,FALSE,701.88,737.01,,37.3,,35.13,PASS,0,
VEH-0060,16,Paint,FALSE,737.01,769.42,,37.3,,32.41,,0,
VEH-0060,17,Paint,TRUE,769.42,810.52,41.1,42.2,,41.1,,0,
VEH-0060,18,Paint,FALSE,810.52,864.43,,51,,53.91,,0,
VEH-0060,19,Paint,TRUE,864.43,907.64,43.21,47.3,43.23,43.21,,0,
VEH-0060,20,Paint,TRUE,907.64,949.79,42.15,41.6,,42.15,,0,
VEH-0060,21,Paint,TRUE,949.79,1011.31,61.52,54.5,,61.52,,0,
VEH-0060,22,Paint,TRUE,1011.31,1044.49,33.18,35.6,,33.18,PASS,0,
VEH-0060,23,Final Assembly,TRUE,1044.49,1083.27,38.78,41.7,,38.78,,0,
VEH-0060,24,Final Assembly,TRUE,1083.27,1128.73,45.46,44.7,,45.46,,0,
VEH-0060,25,Final Assembly,TRUE,1128.73,1179.83,51.1,48.2,,51.1,,0,
VEH-0060,26,Final Assembly,TRUE,1179.83,1239.31,59.48,61.4,,59.48,PASS,0,
VEH-0060,27,Final Assembly,TRUE,1239.31,1274.23,34.92,38,45.65,34.92,,0,
VEH-0060,28,Final Assembly,FALSE,1274.23,1326.39,,50.6,,52.16,,0,
VEH-0060,29,Final Assembly,TRUE,1326.39,1384.87,58.48,53.7,45.99,58.48,,0,
VEH-0060,30,Final Assembly,TRUE,1384.87,1418.09,33.22,31.9,,33.22,,0,
VEH-0060,31,Final Assembly,TRUE,1418.09,1471.68,53.59,54.3,,53.59,,0,
VEH-0060,32,Final Assembly,TRUE,1471.68,1512.97,41.29,36.8,,41.29,PASS,0,
VEH-0060,33,Final Assembly,TRUE,1512.97,1544.92,31.95,32.6,44.08,31.95,,0,
VEH-0060,34,Final Assembly,TRUE,1544.92,1619.07,74.15,68,,74.15,,0,
VEH-0060,35,Final Assembly,TRUE,1619.07,1682.61,63.54,68.6,,63.54,,0,
VEH-0060,36,Final Assembly,TRUE,1682.61,1739.15,56.54,62.3,45.18,56.54,,0,
VEH-0060,37,Final Assembly,TRUE,1739.15,1781.35,42.2,42.2,,42.2,,0,
VEH-0060,38,Final Assembly,TRUE,1781.35,1814.86,33.51,33.9,,33.51,,0,
VEH-0060,39,Final Assembly,FALSE,1814.86,1875.11,,57.4,,60.25,,0,
VEH-0060,40,Final Assembly,TRUE,1875.11,1920.55,45.44,47.6,,45.44,,0,
VEH-0061,1,Body,FALSE,0,45.5,,45,,45.5,,0,
VEH-0061,2,Body,FALSE,45.5,116.57,,68,,71.07,,0,
VEH-0061,3,Body,FALSE,116.57,174.99,,59.3,,58.42,,0,
VEH-0061,4,Body,TRUE,174.99,232.43,57.44,53.9,,57.44,,0,
VEH-0061,5,Body,TRUE,232.43,269.21,36.78,36.2,,36.78,PASS,0,
VEH-0061,6,Body,FALSE,269.21,305.76,,36.2,,36.55,,0,
VEH-0061,7,Body,FALSE,305.76,336.02,,32.3,,30.26,,0,
VEH-0061,8,Body,FALSE,336.02,401.55,,64.6,,65.53,,0,
VEH-0061,9,Body,FALSE,401.55,453.3,,54,,51.75,PASS,0,
VEH-0061,10,Body,TRUE,453.3,509.74,56.44,58.3,,56.44,,0,
VEH-0061,11,Body,TRUE,509.74,539.28,29.54,30.8,,29.54,PASS,0,
VEH-0061,12,Body,TRUE,539.28,604.41,65.13,68.8,,65.13,,0,
VEH-0061,13,Body,TRUE,604.41,674.45,70.04,63.3,47,70.04,PASS,0,
VEH-0061,14,Body,TRUE,674.45,716.66,42.21,38.5,43.17,42.21,,0,
VEH-0061,15,Body,FALSE,716.66,754.09,,37.3,,37.43,PASS,0,
VEH-0061,16,Paint,FALSE,754.09,788.98,,37.3,,34.89,,0,
VEH-0061,17,Paint,TRUE,788.98,829.71,40.73,42.2,,40.73,,0,
VEH-0061,18,Paint,FALSE,829.71,878.37,,51,,48.66,,0,
VEH-0061,19,Paint,TRUE,878.37,928.6,50.23,47.3,44.41,50.23,,0,
VEH-0061,20,Paint,TRUE,928.6,972.42,43.82,41.6,,43.82,,0,
VEH-0061,21,Paint,TRUE,972.42,1028.57,56.15,54.5,,56.15,,0,
VEH-0061,22,Paint,TRUE,1028.57,1068.27,39.7,35.6,,39.7,PASS,0,
VEH-0061,23,Final Assembly,TRUE,1068.27,1106.88,38.61,41.7,,38.61,,0,
VEH-0061,24,Final Assembly,TRUE,1106.88,1154.4,47.52,44.7,,47.52,,0,
VEH-0061,25,Final Assembly,TRUE,1154.4,1205.36,50.96,48.2,,50.96,,0,
VEH-0061,26,Final Assembly,TRUE,1205.36,1263.77,58.41,61.4,,58.41,PASS,0,
VEH-0061,27,Final Assembly,TRUE,1263.77,1303.68,39.91,38,45.5,39.91,,0,
VEH-0061,28,Final Assembly,FALSE,1303.68,1353.7,,50.6,,50.02,,0,
VEH-0061,29,Final Assembly,TRUE,1353.7,1405.18,51.48,53.7,43.92,51.48,,0,
VEH-0061,30,Final Assembly,TRUE,1405.18,1440.34,35.16,31.9,,35.16,,0,
VEH-0061,31,Final Assembly,TRUE,1440.34,1494.64,54.3,54.3,,54.3,,0,
VEH-0061,32,Final Assembly,TRUE,1494.64,1532.88,38.24,36.8,,38.24,PASS,0,
VEH-0061,33,Final Assembly,TRUE,1532.88,1564.19,31.31,32.6,43.83,31.31,,0,
VEH-0061,34,Final Assembly,TRUE,1564.19,1635.87,71.68,68,,71.68,,0,
VEH-0061,35,Final Assembly,TRUE,1635.87,1699.84,63.97,68.6,,63.97,,0,
VEH-0061,36,Final Assembly,TRUE,1699.84,1760.84,61,62.3,45.05,61,,0,
VEH-0061,37,Final Assembly,TRUE,1760.84,1803.27,42.43,42.2,,42.43,,0,
VEH-0061,38,Final Assembly,TRUE,1803.27,1836.87,33.6,33.9,,33.6,,0,
VEH-0061,39,Final Assembly,FALSE,1836.87,1895.41,,57.4,,58.54,,0,
VEH-0061,40,Final Assembly,TRUE,1895.41,1944.66,49.25,47.6,,49.25,,0,
VEH-0062,1,Body,FALSE,0,46.65,,45,,46.65,,0,
VEH-0062,2,Body,FALSE,46.65,111.82,,68,,65.17,,0,
VEH-0062,3,Body,FALSE,111.82,169.23,,59.3,,57.41,,0,
VEH-0062,4,Body,TRUE,169.23,223.43,54.2,53.9,,54.2,,0,
VEH-0062,5,Body,TRUE,223.43,259.77,36.34,36.2,,36.34,PASS,0,
VEH-0062,6,Body,FALSE,259.77,298.4,,36.2,,38.63,,0,
VEH-0062,7,Body,FALSE,298.4,329.58,,32.3,,31.18,,0,
VEH-0062,8,Body,FALSE,329.58,389.31,,64.6,,59.73,,0,
VEH-0062,9,Body,FALSE,389.31,440.19,,54,,50.88,PASS,0,
VEH-0062,10,Body,TRUE,440.19,498.42,58.23,58.3,,58.23,,0,
VEH-0062,11,Body,TRUE,498.42,528.1,29.68,30.8,,29.68,PASS,0,
VEH-0062,12,Body,TRUE,528.1,595.9,67.8,68.8,,67.8,,0,
VEH-0062,13,Body,TRUE,595.9,657.76,61.86,63.3,46.49,61.86,PASS,0,
VEH-0062,14,Body,TRUE,657.76,695.13,37.37,38.5,44.43,37.37,,0,
VEH-0062,15,Body,FALSE,695.13,733.76,,37.3,,38.63,PASS,0,
VEH-0062,16,Paint,FALSE,733.76,770.01,,37.3,,36.25,,0,
VEH-0062,17,Paint,TRUE,770.01,813.1,43.09,42.2,,43.09,,0,
VEH-0062,18,Paint,FALSE,813.1,864.95,,51,,51.85,,0,
VEH-0062,19,Paint,TRUE,864.95,912.58,47.63,47.3,43.3,47.63,,0,
VEH-0062,20,Paint,TRUE,912.58,956.74,44.16,41.6,,44.16,,0,
VEH-0062,21,Paint,TRUE,956.74,1017.3,60.56,54.5,,60.56,,0,
VEH-0062,22,Paint,TRUE,1017.3,1052.92,35.62,35.6,,35.62,PASS,0,
VEH-0062,23,Final Assembly,TRUE,1052.92,1092.43,39.51,41.7,,39.51,,0,
VEH-0062,24,Final Assembly,TRUE,1092.43,1137.2,44.77,44.7,,44.77,,0,
VEH-0062,25,Final Assembly,TRUE,1137.2,1187.79,50.59,48.2,,50.59,,0,
VEH-0062,26,Final Assembly,TRUE,1187.79,1247.3,59.51,61.4,,59.51,PASS,0,
VEH-0062,27,Final Assembly,TRUE,1247.3,1285.06,37.76,38,45.51,37.76,,0,
VEH-0062,28,Final Assembly,FALSE,1285.06,1338.7,,50.6,,53.64,,0,
VEH-0062,29,Final Assembly,TRUE,1338.7,1394.49,55.79,53.7,46.23,55.79,,0,
VEH-0062,30,Final Assembly,TRUE,1394.49,1425.71,31.22,31.9,,31.22,,0,
VEH-0062,31,Final Assembly,TRUE,1425.71,1481.1,55.39,54.3,,55.39,,0,
VEH-0062,32,Final Assembly,TRUE,1481.1,1516.57,35.47,36.8,,35.47,PASS,0,
VEH-0062,33,Final Assembly,TRUE,1516.57,1550.55,33.98,32.6,46.73,33.98,,0,
VEH-0062,34,Final Assembly,TRUE,1550.55,1620.43,69.88,68,,69.88,,0,
VEH-0062,35,Final Assembly,TRUE,1620.43,1687.77,67.34,68.6,,67.34,,0,
VEH-0062,36,Final Assembly,TRUE,1687.77,1749.43,61.66,62.3,47.71,61.66,,0,
VEH-0062,37,Final Assembly,TRUE,1749.43,1790.89,41.46,42.2,,41.46,,0,
VEH-0062,38,Final Assembly,TRUE,1790.89,1826.57,35.68,33.9,,35.68,,0,
VEH-0062,39,Final Assembly,FALSE,1826.57,1884.94,,57.4,,58.37,,0,
VEH-0062,40,Final Assembly,TRUE,1884.94,1931.74,46.8,47.6,,46.8,,0,
VEH-0063,1,Body,FALSE,0,43.71,,45,,43.71,,0,
VEH-0063,2,Body,FALSE,43.71,112.84,,68,,69.13,,0,
VEH-0063,3,Body,FALSE,112.84,174.9,,59.3,,62.06,,0,
VEH-0063,4,Body,TRUE,174.9,228.2,53.3,53.9,,53.3,,0,
VEH-0063,5,Body,TRUE,228.2,266.33,38.13,36.2,,38.13,PASS,0,
VEH-0063,6,Body,FALSE,266.33,305.16,,36.2,,38.83,,0,
VEH-0063,7,Body,FALSE,305.16,335.98,,32.3,,30.82,,0,
VEH-0063,8,Body,FALSE,335.98,397.88,,64.6,,61.9,,0,
VEH-0063,9,Body,FALSE,397.88,451.5,,54,,53.62,PASS,0,
VEH-0063,10,Body,TRUE,451.5,510.7,59.2,58.3,,59.2,,0,
VEH-0063,11,Body,TRUE,510.7,540.69,29.99,30.8,,29.99,PASS,0,
VEH-0063,12,Body,TRUE,540.69,614.14,73.45,68.8,,73.45,,0,
VEH-0063,13,Body,TRUE,614.14,678.78,64.64,63.3,45.06,64.64,PASS,0,
VEH-0063,14,Body,TRUE,678.78,714.51,35.73,38.5,43.03,35.73,,0,
VEH-0063,15,Body,FALSE,714.51,752.33,,37.3,,37.82,PASS,0,
VEH-0063,16,Paint,FALSE,752.33,785.66,,37.3,,33.33,,0,
VEH-0063,17,Paint,TRUE,785.66,830,44.34,42.2,,44.34,,0,
VEH-0063,18,Paint,FALSE,830,880.6,,51,,50.6,,0,
VEH-0063,19,Paint,TRUE,880.6,935.55,54.95,47.3,48.46,54.95,,0,
VEH-0063,20,Paint,TRUE,935.55,976.77,41.22,41.6,,41.22,,0,
VEH-0063,21,Paint,TRUE,976.77,1030.98,54.21,54.5,,54.21,,0,
VEH-0063,22,Paint,TRUE,1030.98,1068.35,37.37,35.6,,37.37,PASS,0,
VEH-0063,23,Final Assembly,TRUE,1068.35,1113.61,45.26,41.7,,45.26,,0,
VEH-0063,24,Final Assembly,TRUE,1113.61,1154.64,41.03,44.7,,41.03,,0,
VEH-0063,25,Final Assembly,TRUE,1154.64,1198.53,43.89,48.2,,43.89,,0,
VEH-0063,26,Final Assembly,TRUE,1198.53,1258.02,59.49,61.4,,59.49,PASS,0,
VEH-0063,27,Final Assembly,TRUE,1258.02,1297.13,39.11,38,45.75,39.11,,0,
VEH-0063,28,Final Assembly,FALSE,1297.13,1350.44,,50.6,,53.31,,0,
VEH-0063,29,Final Assembly,TRUE,1350.44,1400.91,50.47,53.7,41.53,50.47,,0,
VEH-0063,30,Final Assembly,TRUE,1400.91,1434.17,33.26,31.9,,33.26,,0,
VEH-0063,31,Final Assembly,TRUE,1434.17,1486.23,52.06,54.3,,52.06,,0,
VEH-0063,32,Final Assembly,TRUE,1486.23,1519.32,33.09,36.8,,33.09,PASS,0,
VEH-0063,33,Final Assembly,TRUE,1519.32,1552.16,32.84,32.6,46.19,32.84,,0,
VEH-0063,34,Final Assembly,TRUE,1552.16,1619.75,67.59,68,,67.59,,0,
VEH-0063,35,Final Assembly,TRUE,1619.75,1686.78,67.03,68.6,,67.03,,0,
VEH-0063,36,Final Assembly,TRUE,1686.78,1748.58,61.8,62.3,44.44,61.8,,0,
VEH-0063,37,Final Assembly,TRUE,1748.58,1787.94,39.36,42.2,,39.36,,0,
VEH-0063,38,Final Assembly,TRUE,1787.94,1820.63,32.69,33.9,,32.69,,0,
VEH-0063,39,Final Assembly,FALSE,1820.63,1879.53,,57.4,,58.9,,0,
VEH-0063,40,Final Assembly,TRUE,1879.53,1927.9,48.37,47.6,,48.37,,0,
VEH-0064,1,Body,FALSE,0,45.38,,45,,45.38,,0,
VEH-0064,2,Body,FALSE,45.38,111.43,,68,,66.05,,0,
VEH-0064,3,Body,FALSE,111.43,173.97,,59.3,,62.54,,0,
VEH-0064,4,Body,TRUE,173.97,233.01,59.04,53.9,,59.04,,0,
VEH-0064,5,Body,TRUE,233.01,268.11,35.1,36.2,,35.1,PASS,0,
VEH-0064,6,Body,FALSE,268.11,306.37,,36.2,,38.26,,0,
VEH-0064,7,Body,FALSE,306.37,338.72,,32.3,,32.35,,0,
VEH-0064,8,Body,FALSE,338.72,402.63,,64.6,,63.91,,0,
VEH-0064,9,Body,FALSE,402.63,460.69,,54,,58.06,PASS,0,
VEH-0064,10,Body,TRUE,460.69,518.96,58.27,58.3,,58.27,,0,
VEH-0064,11,Body,TRUE,518.96,550.22,31.26,30.8,,31.26,PASS,0,
VEH-0064,12,Body,TRUE,550.22,619.87,69.65,68.8,,69.65,,0,
VEH-0064,13,Body,TRUE,619.87,678.02,58.15,63.3,45.43,58.15,PASS,0,
VEH-0064,14,Body,TRUE,678.02,715.43,37.41,38.5,42.87,37.41,,0,
VEH-0064,15,Body,FALSE,715.43,751.77,,37.3,,36.34,PASS,0,
VEH-0064,16,Paint,FALSE,751.77,788.09,,37.3,,36.32,,0,
VEH-0064,17,Paint,TRUE,788.09,832.46,44.37,42.2,,44.37,,0,
VEH-0064,18,Paint,FALSE,832.46,880.75,,51,,48.29,,0,
VEH-0064,19,Paint,TRUE,880.75,926.19,45.44,47.3,45.35,45.44,,0,
VEH-0064,20,Paint,TRUE,926.19,965.03,38.84,41.6,,38.84,,0,
VEH-0064,21,Paint,TRUE,965.03,1017.73,52.7,54.5,,52.7,,0,
VEH-0064,22,Paint,TRUE,1017.73,1050.37,32.64,35.6,,32.64,PASS,0,
VEH-0064,23,Final Assembly,TRUE,1050.37,1093.99,43.62,41.7,,43.62,,0,
VEH-0064,24,Final Assembly,TRUE,1093.99,1138.01,44.02,44.7,,44.02,,0,
VEH-0064,25,Final Assembly,TRUE,1138.01,1186.17,48.16,48.2,,48.16,,0,
VEH-0064,26,Final Assembly,TRUE,1186.17,1250.38,64.21,61.4,,64.21,PASS,0,
VEH-0064,27,Final Assembly,TRUE,1250.38,1287.01,36.63,38,44.53,36.63,,0,
VEH-0064,28,Final Assembly,FALSE,1287.01,1334.94,,50.6,,47.93,,0,
VEH-0064,29,Final Assembly,TRUE,1334.94,1385.79,50.85,53.7,43.62,50.85,,0,
VEH-0064,30,Final Assembly,TRUE,1385.79,1416.91,31.12,31.9,,31.12,,0,
VEH-0064,31,Final Assembly,TRUE,1416.91,1470.17,53.26,54.3,,53.26,,0,
VEH-0064,32,Final Assembly,TRUE,1470.17,1507.5,37.33,36.8,,37.33,PASS,0,
VEH-0064,33,Final Assembly,TRUE,1507.5,1538.65,31.15,32.6,45.48,31.15,,0,
VEH-0064,34,Final Assembly,TRUE,1538.65,1608.3,69.65,68,,69.65,,0,
VEH-0064,35,Final Assembly,TRUE,1608.3,1675.3,67,68.6,,67,,0,
VEH-0064,36,Final Assembly,TRUE,1675.3,1735.09,59.79,62.3,45.13,59.79,,0,
VEH-0064,37,Final Assembly,TRUE,1735.09,1776.86,41.77,42.2,,41.77,,0,
VEH-0064,38,Final Assembly,TRUE,1776.86,1811.13,34.27,33.9,,34.27,,0,
VEH-0064,39,Final Assembly,FALSE,1811.13,1873.04,,57.4,,61.91,,0,
VEH-0064,40,Final Assembly,TRUE,1873.04,1920.8,47.76,47.6,,47.76,,0,
VEH-0065,1,Body,FALSE,0,46.47,,45,,46.47,,0,
VEH-0065,2,Body,FALSE,46.47,117.23,,68,,70.76,,0,
VEH-0065,3,Body,FALSE,117.23,173.59,,59.3,,56.36,,0,
VEH-0065,4,Body,TRUE,173.59,228.62,55.03,53.9,,55.03,,0,
VEH-0065,5,Body,TRUE,228.62,263.27,34.65,36.2,,34.65,PASS,0,
VEH-0065,6,Body,FALSE,263.27,299.65,,36.2,,36.38,,0,
VEH-0065,7,Body,FALSE,299.65,329.91,,32.3,,30.26,,0,
VEH-0065,8,Body,FALSE,329.91,388.72,,64.6,,58.81,,0,
VEH-0065,9,Body,FALSE,388.72,441.69,,54,,52.97,PASS,0,
VEH-0065,10,Body,TRUE,441.69,499.63,57.94,58.3,,57.94,,0,
VEH-0065,11,Body,TRUE,499.63,529.82,30.19,30.8,,30.19,PASS,0,
VEH-0065,12,Body,TRUE,529.82,594.55,64.73,68.8,,64.73,,0,
VEH-0065,13,Body,TRUE,594.55,656.58,62.03,63.3,45.4,62.03,PASS,0,
VEH-0065,14,Body,TRUE,656.58,694.99,38.41,38.5,45.27,38.41,,0,
VEH-0065,15,Body,FALSE,694.99,731.04,,37.3,,36.05,PASS,0,
VEH-0065,16,Paint,FALSE,731.04,770.52,,37.3,,39.48,,0,
VEH-0065,17,Paint,TRUE,770.52,810.24,39.72,42.2,,39.72,,0,
VEH-0065,18,Paint,FALSE,810.24,862.48,,51,,52.24,,0,
VEH-0065,19,Paint,TRUE,862.48,912.57,50.09,47.3,45.72,50.09,,0,
VEH-0065,20,Paint,TRUE,912.57,953.75,41.18,41.6,,41.18,,0,
VEH-0065,21,Paint,TRUE,953.75,1006.81,53.06,54.5,,53.06,,0,
VEH-0065,22,Paint,TRUE,1006.81,1044.25,37.44,35.6,,37.44,PASS,0,
VEH-0065,23,Final Assembly,TRUE,1044.25,1082.98,38.73,41.7,,38.73,,0,
VEH-0065,24,Final Assembly,TRUE,1082.98,1125.51,42.53,44.7,,42.53,,0,
VEH-0065,25,Final Assembly,TRUE,1125.51,1172.75,47.24,48.2,,47.24,,0,
VEH-0065,26,Final Assembly,TRUE,1172.75,1237.95,65.2,61.4,,65.2,PASS,0,
VEH-0065,27,Final Assembly,TRUE,1237.95,1276.67,38.72,38,43.55,38.72,,0,
VEH-0065,28,Final Assembly,FALSE,1276.67,1326.48,,50.6,,49.81,,0,
VEH-0065,29,Final Assembly,TRUE,1326.48,1378.53,52.05,53.7,43.94,52.05,,0,
VEH-0065,30,Final Assembly,TRUE,1378.53,1411.99,33.46,31.9,,33.46,,0,
VEH-0065,31,Final Assembly,TRUE,1411.99,1462.57,50.58,54.3,,50.58,,0,
VEH-0065,32,Final Assembly,TRUE,1462.57,1502.33,39.76,36.8,,39.76,PASS,0,
VEH-0065,33,Final Assembly,TRUE,1502.33,1536.28,33.95,32.6,46.64,33.95,,0,
VEH-0065,34,Final Assembly,TRUE,1536.28,1602.71,66.43,68,,66.43,,0,
VEH-0065,35,Final Assembly,TRUE,1602.71,1670.8,68.09,68.6,,68.09,,0,
VEH-0065,36,Final Assembly,TRUE,1670.8,1728.63,57.83,62.3,44.21,57.83,,0,
VEH-0065,37,Final Assembly,TRUE,1728.63,1771.87,43.24,42.2,,43.24,,0,
VEH-0065,38,Final Assembly,TRUE,1771.87,1807.97,36.1,33.9,,36.1,,0,
VEH-0065,39,Final Assembly,FALSE,1807.97,1862.19,,57.4,,54.22,,0,
VEH-0065,40,Final Assembly,TRUE,1862.19,1908.92,46.73,47.6,,46.73,,0,
VEH-0066,1,Body,FALSE,0,44.66,,45,,44.66,,0,
VEH-0066,2,Body,FALSE,44.66,114.91,,68,,70.25,,0,
VEH-0066,3,Body,FALSE,114.91,171.82,,59.3,,56.91,,0,
VEH-0066,4,Body,TRUE,171.82,228.43,56.61,53.9,,56.61,,0,
VEH-0066,5,Body,TRUE,228.43,264.85,36.42,36.2,,36.42,PASS,0,
VEH-0066,6,Body,FALSE,264.85,303.85,,36.2,,39,,0,
VEH-0066,7,Body,FALSE,303.85,340.04,,32.3,,36.19,,0,
VEH-0066,8,Body,FALSE,340.04,403.12,,64.6,,63.08,,0,
VEH-0066,9,Body,FALSE,403.12,455.96,,54,,52.84,PASS,0,
VEH-0066,10,Body,TRUE,455.96,513.54,57.58,58.3,,57.58,,0,
VEH-0066,11,Body,TRUE,513.54,545.26,31.72,30.8,,31.72,PASS,0,
VEH-0066,12,Body,TRUE,545.26,618.62,73.36,68.8,,73.36,,0,
VEH-0066,13,Body,TRUE,618.62,679.85,61.23,63.3,45.57,61.23,PASS,0,
VEH-0066,14,Body,TRUE,679.85,718.09,38.24,38.5,45.93,38.24,,0,
VEH-0066,15,Body,FALSE,718.09,758.2,,37.3,,40.11,PASS,0,
VEH-0066,16,Paint,FALSE,758.2,795.05,,37.3,,36.85,,0,
VEH-0066,17,Paint,TRUE,795.05,833.73,38.68,42.2,,38.68,,0,
VEH-0066,18,Paint,FALSE,833.73,886.63,,51,,52.9,,0,
VEH-0066,19,Paint,TRUE,886.63,931.96,45.33,47.3,44.79,45.33,,0,
VEH-0066,20,Paint,TRUE,931.96,975.2,43.24,41.6,,43.24,,0,
VEH-0066,21,Paint,TRUE,975.2,1030.51,55.31,54.5,,55.31,,0,
VEH-0066,22,Paint,TRUE,1030.51,1065.93,35.42,35.6,,35.42,PASS,0,
VEH-0066,23,Final Assembly,TRUE,1065.93,1106.43,40.5,41.7,,40.5,,0,
VEH-0066,24,Final Assembly,TRUE,1106.43,1144.63,38.2,44.7,,38.2,,0,
VEH-0066,25,Final Assembly,TRUE,1144.63,1194.51,49.88,48.2,,49.88,,0,
VEH-0066,26,Final Assembly,TRUE,1194.51,1255.13,60.62,61.4,,60.62,PASS,0,
VEH-0066,27,Final Assembly,TRUE,1255.13,1296.01,40.88,38,45.6,40.88,,0,
VEH-0066,28,Final Assembly,FALSE,1296.01,1345.24,,50.6,,49.23,,0,
VEH-0066,29,Final Assembly,TRUE,1345.24,1401.81,56.57,53.7,46.73,56.57,,0,
VEH-0066,30,Final Assembly,TRUE,1401.81,1433.36,31.55,31.9,,31.55,,0,
VEH-0066,31,Final Assembly,TRUE,1433.36,1490.89,57.53,54.3,,57.53,,0,
VEH-0066,32,Final Assembly,TRUE,1490.89,1526.67,35.78,36.8,,35.78,PASS,0,
VEH-0066,33,Final Assembly,TRUE,1526.67,1559.53,32.86,32.6,45.86,32.86,,0,
VEH-0066,34,Final Assembly,TRUE,1559.53,1630.2,70.67,68,,70.67,,0,
VEH-0066,35,Final Assembly,TRUE,1630.2,1700.93,70.73,68.6,,70.73,,0,
VEH-0066,36,Final Assembly,TRUE,1700.93,1762.19,61.26,62.3,46.64,61.26,,0,
VEH-0066,37,Final Assembly,TRUE,1762.19,1804.13,41.94,42.2,,41.94,,0,
VEH-0066,38,Final Assembly,TRUE,1804.13,1837.06,32.93,33.9,,32.93,,0,
VEH-0066,39,Final Assembly,FALSE,1837.06,1892.87,,57.4,,55.81,,0,
VEH-0066,40,Final Assembly,TRUE,1892.87,1945.09,52.22,47.6,,52.22,,0,
VEH-0067,1,Body,FALSE,0,47.14,,45,,47.14,,0,
VEH-0067,2,Body,FALSE,47.14,114.94,,68,,67.8,,0,
VEH-0067,3,Body,FALSE,114.94,179.73,,59.3,,64.79,,0,
VEH-0067,4,Body,TRUE,179.73,234.24,54.51,53.9,,54.51,,0,
VEH-0067,5,Body,TRUE,234.24,269.81,35.57,36.2,,35.57,PASS,0,
VEH-0067,6,Body,FALSE,269.81,303.09,,36.2,,33.28,,0,
VEH-0067,7,Body,FALSE,303.09,334.97,,32.3,,31.88,,0,
VEH-0067,8,Body,FALSE,334.97,398.48,,64.6,,63.51,,0,
VEH-0067,9,Body,FALSE,398.48,455.07,,54,,56.59,PASS,0,
VEH-0067,10,Body,TRUE,455.07,514.72,59.65,58.3,,59.65,,0,
VEH-0067,11,Body,TRUE,514.72,543.7,28.98,30.8,,28.98,PASS,0,
VEH-0067,12,Body,TRUE,543.7,613.09,69.39,68.8,,69.39,,0,
VEH-0067,13,Body,TRUE,613.09,678.52,65.43,63.3,47.29,65.43,PASS,0,
VEH-0067,14,Body,TRUE,678.52,718.73,40.21,38.5,46.14,40.21,,0,
VEH-0067,15,Body,FALSE,718.73,756.14,,37.3,,37.41,PASS,0,
VEH-0067,16,Paint,FALSE,756.14,794.16,,37.3,,38.02,,0,
VEH-0067,17,Paint,TRUE,794.16,839,44.84,42.2,,44.84,,0,
VEH-0067,18,Paint,FALSE,839,886.6,,51,,47.6,,0,
VEH-0067,19,Paint,TRUE,886.6,933.08,46.48,47.3,43.84,46.48,,0,
VEH-0067,20,Paint,TRUE,933.08,975.47,42.39,41.6,,42.39,,0,
VEH-0067,21,Paint,TRUE,975.47,1033.33,57.86,54.5,,57.86,,0,
VEH-0067,22,Paint,TRUE,1033.33,1067.87,34.54,35.6,,34.54,PASS,0,
VEH-0067,23,Final Assembly,TRUE,1067.87,1104.57,36.7,41.7,,36.7,,0,
VEH-0067,24,Final Assembly,TRUE,1104.57,1148.35,43.78,44.7,,43.78,,0,
VEH-0067,25,Final Assembly,TRUE,1148.35,1198.75,50.4,48.2,,50.4,,0,
VEH-0067,26,Final Assembly,TRUE,1198.75,1261.8,63.05,61.4,,63.05,PASS,0,
VEH-0067,27,Final Assembly,TRUE,1261.8,1300.61,38.81,38,44.58,38.81,,0,
VEH-0067,28,Final Assembly,FALSE,1300.61,1347.97,,50.6,,47.36,,0,
VEH-0067,29,Final Assembly,TRUE,1347.97,1403.06,55.09,53.7,43.75,55.09,,0,
VEH-0067,30,Final Assembly,TRUE,1403.06,1438.43,35.37,31.9,,35.37,,0,
VEH-0067,31,Final Assembly,TRUE,1438.43,1494.28,55.85,54.3,,55.85,,0,
VEH-0067,32,Final Assembly,TRUE,1494.28,1530.01,35.73,36.8,,35.73,PASS,0,
VEH-0067,33,Final Assembly,TRUE,1530.01,1561.61,31.6,32.6,44.86,31.6,,0,
VEH-0067,34,Final Assembly,TRUE,1561.61,1628.8,67.19,68,,67.19,,0,
VEH-0067,35,Final Assembly,TRUE,1628.8,1701.23,72.43,68.6,,72.43,,0,
VEH-0067,36,Final Assembly,TRUE,1701.23,1764.11,62.88,62.3,43.9,62.88,,0,
VEH-0067,37,Final Assembly,TRUE,1764.11,1810.3,46.19,42.2,,46.19,,0,
VEH-0067,38,Final Assembly,TRUE,1810.3,1844.28,33.98,33.9,,33.98,,0,
VEH-0067,39,Final Assembly,FALSE,1844.28,1903.89,,57.4,,59.61,,0,
VEH-0067,40,Final Assembly,TRUE,1903.89,1950.04,46.15,47.6,,46.15,,0,
VEH-0068,1,Body,FALSE,0,45.82,,45,,45.82,,0,
VEH-0068,2,Body,FALSE,45.82,112.97,,68,,67.15,,0,
VEH-0068,3,Body,FALSE,112.97,179.67,,59.3,,66.7,,0,
VEH-0068,4,Body,TRUE,179.67,228.01,48.34,53.9,,48.34,,0,
VEH-0068,5,Body,TRUE,228.01,264.85,36.84,36.2,,36.84,PASS,0,
VEH-0068,6,Body,FALSE,264.85,298.49,,36.2,,33.64,,0,
VEH-0068,7,Body,FALSE,298.49,330.94,,32.3,,32.45,,0,
VEH-0068,8,Body,FALSE,330.94,393.85,,64.6,,62.91,,0,
VEH-0068,9,Body,FALSE,393.85,449.22,,54,,55.37,PASS,0,
VEH-0068,10,Body,TRUE,449.22,507.15,57.93,58.3,,57.93,,0,
VEH-0068,11,Body,TRUE,507.15,536.68,29.53,30.8,,29.53,PASS,0,
VEH-0068,12,Body,TRUE,536.68,602.86,66.18,68.8,,66.18,,0,
VEH-0068,13,Body,TRUE,602.86,672.29,69.43,63.3,45.67,69.43,PASS,0,
VEH-0068,14,Body,TRUE,672.29,707.5,35.21,38.5,45.83,35.21,,0,
VEH-0068,15,Body,FALSE,707.5,744.44,,37.3,,36.94,PASS,0,
VEH-0068,16,Paint,FALSE,744.44,781.75,,37.3,,37.31,,0,
VEH-0068,17,Paint,TRUE,781.75,825.68,43.93,42.2,,43.93,,0,
VEH-0068,18,Paint,FALSE,825.68,879.7,,51,,54.02,,0,
VEH-0068,19,Paint,TRUE,879.7,924.97,45.27,47.3,44.96,45.27,,0,
VEH-0068,20,Paint,TRUE,924.97,965.43,40.46,41.6,,40.46,,0,
VEH-0068,21,Paint,TRUE,965.43,1021.56,56.13,54.5,,56.13,,0,
VEH-0068,22,Paint,TRUE,1021.56,1056.75,35.19,35.6,,35.19,PASS,0,
VEH-0068,23,Final Assembly,TRUE,1056.75,1098.51,41.76,41.7,,41.76,,0,
VEH-0068,24,Final Assembly,TRUE,1098.51,1142.6,44.09,44.7,,44.09,,0,
VEH-0068,25,Final Assembly,TRUE,1142.6,1190.54,47.94,48.2,,47.94,,0,
VEH-0068,26,Final Assembly,TRUE,1190.54,1257.17,66.63,61.4,,66.63,PASS,0,
VEH-0068,27,Final Assembly,TRUE,1257.17,1299.71,42.54,38,45.57,42.54,,0,
VEH-0068,28,Final Assembly,FALSE,1299.71,1350.06,,50.6,,50.35,,0,
VEH-0068,29,Final Assembly,TRUE,1350.06,1399.47,49.41,53.7,43.86,49.41,,0,
VEH-0068,30,Final Assembly,TRUE,1399.47,1431.17,31.7,31.9,,31.7,,0,
VEH-0068,31,Final Assembly,TRUE,1431.17,1483.53,52.36,54.3,,52.36,,0,
VEH-0068,32,Final Assembly,TRUE,1483.53,1519.21,35.68,36.8,,35.68,PASS,0,
VEH-0068,33,Final Assembly,TRUE,1519.21,1554.38,35.17,32.6,45.04,35.17,,0,
VEH-0068,34,Final Assembly,TRUE,1554.38,1622.78,68.4,68,,68.4,,0,
VEH-0068,35,Final Assembly,TRUE,1622.78,1689.07,66.29,68.6,,66.29,,0,
VEH-0068,36,Final Assembly,TRUE,1689.07,1755.04,65.97,62.3,44.68,65.97,,0,
VEH-0068,37,Final Assembly,TRUE,1755.04,1796.14,41.1,42.2,,41.1,,0,
VEH-0068,38,Final Assembly,TRUE,1796.14,1827.35,31.21,33.9,,31.21,,0,
VEH-0068,39,Final Assembly,FALSE,1827.35,1884.57,,57.4,,57.22,,0,
VEH-0068,40,Final Assembly,TRUE,1884.57,1930.86,46.29,47.6,,46.29,,0,
VEH-0069,1,Body,FALSE,0,42.41,,45,,42.41,,0,
VEH-0069,2,Body,FALSE,42.41,100.76,,68,,58.35,,0,
VEH-0069,3,Body,FALSE,100.76,157.66,,59.3,,56.9,,0,
VEH-0069,4,Body,TRUE,157.66,214.14,56.48,53.9,,56.48,,0,
VEH-0069,5,Body,TRUE,214.14,251.28,37.14,36.2,,37.14,PASS,0,
VEH-0069,6,Body,FALSE,251.28,287.08,,36.2,,35.8,,0,
VEH-0069,7,Body,FALSE,287.08,319.34,,32.3,,32.26,,0,
VEH-0069,8,Body,FALSE,319.34,381.71,,64.6,,62.37,,0,
VEH-0069,9,Body,FALSE,381.71,436.26,,54,,54.55,PASS,0,
VEH-0069,10,Body,TRUE,436.26,496.8,60.54,58.3,,60.54,,0,
VEH-0069,11,Body,TRUE,496.8,525.11,28.31,30.8,,28.31,PASS,0,
VEH-0069,12,Body,TRUE,525.11,594.94,69.83,68.8,,69.83,,0,
VEH-0069,13,Body,TRUE,594.94,661.2,66.26,63.3,44.38,66.26,PASS,0,
VEH-0069,14,Body,TRUE,661.2,701.05,39.85,38.5,49.22,39.85,,0,
VEH-0069,15,Body,FALSE,701.05,738.16,,37.3,,37.11,PASS,0,
VEH-0069,16,Paint,FALSE,738.16,776.19,,37.3,,38.03,,0,
VEH-0069,17,Paint,TRUE,776.19,816.83,40.64,42.2,,40.64,,0,
VEH-0069,18,Paint,FALSE,816.83,868.29,,51,,51.46,,0,
VEH-0069,19,Paint,TRUE,868.29,916.68,48.39,47.3,45.29,48.39,,0,
VEH-0069,20,Paint,TRUE,916.68,956.16,39.48,41.6,,39.48,,0,
VEH-0069,21,Paint,TRUE,956.16,1011.22,55.06,54.5,,55.06,,0,
VEH-0069,22,Paint,TRUE,1011.22,1049.42,38.2,35.6,,38.2,PASS,0,
VEH-0069,23,Final Assembly,TRUE,1049.42,1092.06,42.64,41.7,,42.64,,0,
VEH-0069,24,Final Assembly,TRUE,1092.06,1138.91,46.85,44.7,,46.85,,0,
VEH-0069,25,Final Assembly,TRUE,1138.91,1186.54,47.63,48.2,,47.63,,0,
VEH-0069,26,Final Assembly,TRUE,1186.54,1250.24,63.7,61.4,,63.7,PASS,0,
VEH-0069,27,Final Assembly,TRUE,1250.24,1288.77,38.53,38,43.57,38.53,,0,
VEH-0069,28,Final Assembly,FALSE,1288.77,1340.18,,50.6,,51.41,,0,
VEH-0069,29,Final Assembly,TRUE,1340.18,1391.21,51.03,53.7,44.05,51.03,,0,
VEH-0069,30,Final Assembly,TRUE,1391.21,1423.41,32.2,31.9,,32.2,,0,
VEH-0069,31,Final Assembly,TRUE,1423.41,1478.52,55.11,54.3,,55.11,,0,
VEH-0069,32,Final Assembly,TRUE,1478.52,1513.13,34.61,36.8,,34.61,PASS,0,
VEH-0069,33,Final Assembly,TRUE,1513.13,1547.45,34.32,32.6,45.86,34.32,,0,
VEH-0069,34,Final Assembly,TRUE,1547.45,1613.05,65.6,68,,65.6,,0,
VEH-0069,35,Final Assembly,TRUE,1613.05,1676.38,63.33,68.6,,63.33,,0,
VEH-0069,36,Final Assembly,TRUE,1676.38,1738.23,61.85,62.3,44.33,61.85,,0,
VEH-0069,37,Final Assembly,TRUE,1738.23,1780.67,42.44,42.2,,42.44,,0,
VEH-0069,38,Final Assembly,TRUE,1780.67,1813.95,33.28,33.9,,33.28,,0,
VEH-0069,39,Final Assembly,FALSE,1813.95,1865.59,,57.4,,51.64,,0,
VEH-0069,40,Final Assembly,TRUE,1865.59,1912.27,46.68,47.6,,46.68,,0,
VEH-0070,1,Body,FALSE,0,44.31,,45,,44.31,,0,
VEH-0070,2,Body,FALSE,44.31,112.88,,68,,68.57,,0,
VEH-0070,3,Body,FALSE,112.88,173.42,,59.3,,60.54,,0,
VEH-0070,4,Body,TRUE,173.42,228.83,55.41,53.9,,55.41,,0,
VEH-0070,5,Body,TRUE,228.83,264.71,35.88,36.2,,35.88,PASS,0,
VEH-0070,6,Body,FALSE,264.71,299.26,,36.2,,34.55,,0,
VEH-0070,7,Body,FALSE,299.26,329.6,,32.3,,30.34,,0,
VEH-0070,8,Body,FALSE,329.6,397.49,,64.6,,67.89,,0,
VEH-0070,9,Body,FALSE,397.49,453.57,,54,,56.08,PASS,0,
VEH-0070,10,Body,TRUE,453.57,513.77,60.2,58.3,,60.2,,0,
VEH-0070,11,Body,TRUE,513.77,545.82,32.05,30.8,,32.05,PASS,0,
VEH-0070,12,Body,TRUE,545.82,614.06,68.24,68.8,,68.24,,0,
VEH-0070,13,Body,TRUE,614.06,675.38,61.32,63.3,43.53,61.32,PASS,0,
VEH-0070,14,Body,TRUE,675.38,711.78,36.4,38.5,46.82,36.4,,0,
VEH-0070,15,Body,FALSE,711.78,748.16,,37.3,,36.38,PASS,0,
VEH-0070,16,Paint,FALSE,748.16,787.42,,37.3,,39.26,,0,
VEH-0070,17,Paint,TRUE,787.42,829.23,41.81,42.2,,41.81,,0,
VEH-0070,18,Paint,FALSE,829.23,878.51,,51,,49.28,,0,
VEH-0070,19,Paint,TRUE,878.51,923.23,44.72,47.3,44.12,44.72,,0,
VEH-0070,20,Paint,TRUE,923.23,967.78,44.55,41.6,,44.55,,0,
VEH-0070,21,Paint,TRUE,967.78,1019.32,51.54,54.5,,51.54,,0,
VEH-0070,22,Paint,TRUE,1019.32,1058.69,39.37,35.6,,39.37,PASS,0,
VEH-0070,23,Final Assembly,TRUE,1058.69,1098.63,39.94,41.7,,39.94,,0,
VEH-0070,24,Final Assembly,TRUE,1098.63,1145.01,46.38,44.7,,46.38,,0,
VEH-0070,25,Final Assembly,TRUE,1145.01,1192.86,47.85,48.2,,47.85,,0,
VEH-0070,26,Final Assembly,TRUE,1192.86,1253.28,60.42,61.4,,60.42,PASS,0,
VEH-0070,27,Final Assembly,TRUE,1253.28,1288.86,35.58,38,44.85,35.58,,0,
VEH-0070,28,Final Assembly,FALSE,1288.86,1336.53,,50.6,,47.67,,0,
VEH-0070,29,Final Assembly,TRUE,1336.53,1385.71,49.18,53.7,45.18,49.18,,0,
VEH-0070,30,Final Assembly,TRUE,1385.71,1416.6,30.89,31.9,,30.89,,0,
VEH-0070,31,Final Assembly,TRUE,1416.6,1475.46,58.86,54.3,,58.86,,0,
VEH-0070,32,Final Assembly,TRUE,1475.46,1514.1,38.64,36.8,,38.64,PASS,0,
VEH-0070,33,Final Assembly,TRUE,1514.1,1549.47,35.37,32.6,43.98,35.37,,0,
VEH-0070,34,Final Assembly,TRUE,1549.47,1617.93,68.46,68,,68.46,,0,
VEH-0070,35,Final Assembly,TRUE,1617.93,1677.54,59.61,68.6,,59.61,,0,
VEH-0070,36,Final Assembly,TRUE,1677.54,1738.96,61.42,62.3,45.15,61.42,,0,
VEH-0070,37,Final Assembly,TRUE,1738.96,1781.49,42.53,42.2,,42.53,,0,
VEH-0070,38,Final Assembly,TRUE,1781.49,1815.32,33.83,33.9,,33.83,,0,
VEH-0070,39,Final Assembly,FALSE,1815.32,1872.91,,57.4,,57.59,,0,
VEH-0070,40,Final Assembly,TRUE,1872.91,1914.05,41.14,47.6,,41.14,,0,
VEH-0071,1,Body,FALSE,0,47.23,,45,,47.23,,0,
VEH-0071,2,Body,FALSE,47.23,114.49,,68,,67.26,,0,
VEH-0071,3,Body,FALSE,114.49,175.35,,59.3,,60.86,,0,
VEH-0071,4,Body,TRUE,175.35,227.96,52.61,53.9,,52.61,,0,
VEH-0071,5,Body,TRUE,227.96,262.98,35.02,36.2,,35.02,PASS,0,
VEH-0071,6,Body,FALSE,262.98,299.33,,36.2,,36.35,,0,
VEH-0071,7,Body,FALSE,299.33,331.65,,32.3,,32.32,,0,
VEH-0071,8,Body,FALSE,331.65,397.8,,64.6,,66.15,,0,
VEH-0071,9,Body,FALSE,397.8,451.07,,54,,53.27,PASS,0,
VEH-0071,10,Body,TRUE,451.07,504.01,52.94,58.3,,52.94,,0,
VEH-0071,11,Body,TRUE,504.01,534.14,30.13,30.8,,30.13,PASS,0,
VEH-0071,12,Body,TRUE,534.14,605.67,71.53,68.8,,71.53,,0,
VEH-0071,13,Body,TRUE,605.67,668.03,62.36,63.3,44.63,62.36,PASS,0,
VEH-0071,14,Body,TRUE,668.03,708.43,40.4,38.5,43.93,40.4,,0,
VEH-0071,15,Body,FALSE,708.43,742.86,,37.3,,34.43,PASS,0,
VEH-0071,16,Paint,FALSE,742.86,779.86,,37.3,,37,,0,
VEH-0071,17,Paint,TRUE,779.86,821.04,41.18,42.2,,41.18,,0,
VEH-0071,18,Paint,FALSE,821.04,869.58,,51,,48.54,,0,
VEH-0071,19,Paint,TRUE,869.58,916.47,46.89,47.3,45.74,46.89,,0,
VEH-0071,20,Paint,TRUE,916.47,958.05,41.58,41.6,,41.58,,0,
VEH-0071,21,Paint,TRUE,958.05,1013.39,55.34,54.5,,55.34,,0,
VEH-0071,22,Paint,TRUE,1013.39,1052.22,38.83,35.6,,38.83,PASS,0,
VEH-0071,23,Final Assembly,TRUE,1052.22,1093.2,40.98,41.7,,40.98,,0,
VEH-0071,24,Final Assembly,TRUE,1093.2,1138.52,45.32,44.7,,45.32,,0,
VEH-0071,25,Final Assembly,TRUE,1138.52,1185.49,46.97,48.2,,46.97,,0,
VEH-0071,26,Final Assembly,TRUE,1185.49,1244.29,58.8,61.4,,58.8,PASS,0,
VEH-0071,27,Final Assembly,TRUE,1244.29,1281.18,36.89,38,44.28,36.89,,0,
VEH-0071,28,Final Assembly,FALSE,1281.18,1332.69,,50.6,,51.51,,0,
VEH-0071,29,Final Assembly,TRUE,1332.69,1392.71,60.02,53.7,43.93,60.02,,0,
VEH-0071,30,Final Assembly,TRUE,1392.71,1423.95,31.24,31.9,,31.24,,0,
VEH-0071,31,Final Assembly,TRUE,1423.95,1478.08,54.13,54.3,,54.13,,0,
VEH-0071,32,Final Assembly,TRUE,1478.08,1515.61,37.53,36.8,,37.53,PASS,0,
VEH-0071,33,Final Assembly,TRUE,1515.61,1548.64,33.03,32.6,46.93,33.03,,0,
VEH-0071,34,Final Assembly,TRUE,1548.64,1608.39,59.75,68,,59.75,,0,
VEH-0071,35,Final Assembly,TRUE,1608.39,1668.8,60.41,68.6,,60.41,,0,
VEH-0071,36,Final Assembly,TRUE,1668.8,1729.55,60.75,62.3,46.65,60.75,,0,
VEH-0071,37,Final Assembly,TRUE,1729.55,1768.45,38.9,42.2,,38.9,,0,
VEH-0071,38,Final Assembly,TRUE,1768.45,1797.24,28.79,33.9,,28.79,,0,
VEH-0071,39,Final Assembly,FALSE,1797.24,1856.28,,57.4,,59.04,,0,
VEH-0071,40,Final Assembly,TRUE,1856.28,1904.46,48.18,47.6,,48.18,,0,
VEH-0072,1,Body,FALSE,0,42.55,,45,,42.55,,0,
VEH-0072,2,Body,FALSE,42.55,110.01,,68,,67.46,,0,
VEH-0072,3,Body,FALSE,110.01,170.58,,59.3,,60.57,,0,
VEH-0072,4,Body,TRUE,170.58,226.77,56.19,53.9,,56.19,,0,
VEH-0072,5,Body,TRUE,226.77,263.24,36.47,36.2,,36.47,PASS,0,
VEH-0072,6,Body,FALSE,263.24,298.86,,36.2,,35.62,,0,
VEH-0072,7,Body,FALSE,298.86,331.2,,32.3,,32.34,,0,
VEH-0072,8,Body,FALSE,331.2,394.7,,64.6,,63.5,,0,
VEH-0072,9,Body,FALSE,394.7,444.27,,54,,49.57,PASS,0,
VEH-0072,10,Body,TRUE,444.27,505.76,61.49,58.3,,61.49,,0,
VEH-0072,11,Body,TRUE,505.76,537.95,32.19,30.8,,32.19,PASS,0,
VEH-0072,12,Body,TRUE,537.95,613.59,75.64,68.8,,75.64,,0,
VEH-0072,13,Body,TRUE,613.59,684.12,70.53,63.3,43.24,70.53,PASS,0,
VEH-0072,14,Body,TRUE,684.12,721.97,37.85,38.5,48.77,37.85,,0,
VEH-0072,15,Body,FALSE,721.97,759.19,,37.3,,37.22,PASS,0,
VEH-0072,16,Paint,FALSE,759.19,796.94,,37.3,,37.75,,0,
VEH-0072,17,Paint,TRUE,796.94,835.93,38.99,42.2,,38.99,,0,
VEH-0072,18,Paint,FALSE,835.93,887.31,,51,,51.38,,0,
VEH-0072,19,Paint,TRUE,887.31,939.17,51.86,47.3,46.93,51.86,,0,
VEH-0072,20,Paint,TRUE,939.17,979.5,40.33,41.6,,40.33,,0,
VEH-0072,21,Paint,TRUE,979.5,1032.92,53.42,54.5,,53.42,,0,
VEH-0072,22,Paint,TRUE,1032.92,1066.51,33.59,35.6,,33.59,PASS,0,
VEH-0072,23,Final Assembly,TRUE,1066.51,1106.43,39.92,41.7,,39.92,,0,
VEH-0072,24,Final Assembly,TRUE,1106.43,1146.85,40.42,44.7,,40.42,,0,
VEH-0072,25,Final Assembly,TRUE,1146.85,1194.85,48,48.2,,48,,0,
VEH-0072,26,Final Assembly,TRUE,1194.85,1260.89,66.04,61.4,,66.04,PASS,0,
VEH-0072,27,Final Assembly,TRUE,1260.89,1299.57,38.68,38,47.05,38.68,,0,
VEH-0072,28,Final Assembly,FALSE,1299.57,1352.89,,50.6,,53.32,,0,
VEH-0072,29,Final Assembly,TRUE,1352.89,1405.12,52.23,53.7,43.86,52.23,,0,
VEH-0072,30,Final Assembly,TRUE,1405.12,1435.87,30.75,31.9,,30.75,,0,
VEH-0072,31,Final Assembly,TRUE,1435.87,1485.52,49.65,54.3,,49.65,,0,
VEH-0072,32,Final Assembly,TRUE,1485.52,1522.38,36.86,36.8,,36.86,PASS,0,
VEH-0072,33,Final Assembly,TRUE,1522.38,1550.25,27.87,32.6,45.89,27.87,,0,
VEH-0072,34,Final Assembly,TRUE,1550.25,1618.49,68.24,68,,68.24,,0,
VEH-0072,35,Final Assembly,TRUE,1618.49,1688.71,70.22,68.6,,70.22,,0,
VEH-0072,36,Final Assembly,TRUE,1688.71,1754.31,65.6,62.3,45.3,65.6,,0,
VEH-0072,37,Final Assembly,TRUE,1754.31,1799.95,45.64,42.2,,45.64,,0,
VEH-0072,38,Final Assembly,TRUE,1799.95,1834.91,34.96,33.9,,34.96,,0,
VEH-0072,39,Final Assembly,FALSE,1834.91,1890.14,,57.4,,55.23,,0,
VEH-0072,40,Final Assembly,TRUE,1890.14,1937.17,47.03,47.6,,47.03,,0,
VEH-0073,1,Body,FALSE,0,44.7,,45,,44.7,,0,
VEH-0073,2,Body,FALSE,44.7,110.92,,68,,66.22,,0,
VEH-0073,3,Body,FALSE,110.92,166.2,,59.3,,55.28,,0,
VEH-0073,4,Body,TRUE,166.2,217.18,50.98,53.9,,50.98,,0,
VEH-0073,5,Body,TRUE,217.18,249.72,32.54,36.2,,32.54,PASS,0,
VEH-0073,6,Body,FALSE,249.72,285.74,,36.2,,36.02,,0,
VEH-0073,7,Body,FALSE,285.74,317.08,,32.3,,31.34,,0,
VEH-0073,8,Body,FALSE,317.08,378.56,,64.6,,61.48,,0,
VEH-0073,9,Body,FALSE,378.56,432.38,,54,,53.82,PASS,0,
VEH-0073,10,Body,TRUE,432.38,491.74,59.36,58.3,,59.36,,0,
VEH-0073,11,Body,TRUE,491.74,525.76,34.02,30.8,,34.02,PASS,0,
VEH-0073,12,Body,TRUE,525.76,589.36,63.6,68.8,,63.6,,0,
VEH-0073,13,Body,TRUE,589.36,656.34,66.98,63.3,46.46,66.98,PASS,0,
VEH-0073,14,Body,TRUE,656.34,693.34,37,38.5,45.3,37,,0,
VEH-0073,15,Body,FALSE,693.34,729.79,,37.3,,36.45,PASS,0,
VEH-0073,16,Paint,FALSE,729.79,767.44,,37.3,,37.65,,0,
VEH-0073,17,Paint,TRUE,767.44,812.82,45.38,42.2,,45.38,,0,
VEH-0073,18,Paint,FALSE,812.82,865.36,,51,,52.54,,0,
VEH-0073,19,Paint,TRUE,865.36,913.86,48.5,47.3,44.35,48.5,,0,
VEH-0073,20,Paint,TRUE,913.86,952.37,38.51,41.6,,38.51,,0,
VEH-0073,21,Paint,TRUE,952.37,1006.3,53.93,54.5,,53.93,,0,
VEH-0073,22,Paint,TRUE,1006.3,1044.05,37.75,35.6,,37.75,PASS,0,
VEH-0073,23,Final Assembly,TRUE,1044.05,1082.56,38.51,41.7,,38.51,,0,
VEH-0073,24,Final Assembly,TRUE,1082.56,1124.9,42.34,44.7,,42.34,,0,
VEH-0073,25,Final Assembly,TRUE,1124.9,1173.4,48.5,48.2,,48.5,,0,
VEH-0073,26,Final Assembly,TRUE,1173.4,1231.78,58.38,61.4,,58.38,PASS,0,
VEH-0073,27,Final Assembly,TRUE,1231.78,1268.27,36.49,38,44.36,36.49,,0,
VEH-0073,28,Final Assembly,FALSE,1268.27,1315.41,,50.6,,47.14,,0,
VEH-0073,29,Final Assembly,TRUE,1315.41,1366.49,51.08,53.7,46.06,51.08,,0,
VEH-0073,30,Final Assembly,TRUE,1366.49,1396.31,29.82,31.9,,29.82,,0,
VEH-0073,31,Final Assembly,TRUE,1396.31,1446.28,49.97,54.3,,49.97,,0,
VEH-0073,32,Final Assembly,TRUE,1446.28,1481.92,35.64,36.8,,35.64,PASS,0,
VEH-0073,33,Final Assembly,TRUE,1481.92,1515.71,33.79,32.6,44.7,33.79,,0,
VEH-0073,34,Final Assembly,TRUE,1515.71,1582.13,66.42,68,,66.42,,0,
VEH-0073,35,Final Assembly,TRUE,1582.13,1650.88,68.75,68.6,,68.75,,0,
VEH-0073,36,Final Assembly,TRUE,1650.88,1707.73,56.85,62.3,45.74,56.85,,0,
VEH-0073,37,Final Assembly,TRUE,1707.73,1750.74,43.01,42.2,,43.01,,0,
VEH-0073,38,Final Assembly,TRUE,1750.74,1783.94,33.2,33.9,,33.2,,0,
VEH-0073,39,Final Assembly,FALSE,1783.94,1844.23,,57.4,,60.29,,0,
VEH-0073,40,Final Assembly,TRUE,1844.23,1889.15,44.92,47.6,,44.92,,0,
VEH-0074,1,Body,FALSE,0,47.54,,45,,47.54,,0,
VEH-0074,2,Body,FALSE,47.54,119.23,,68,,71.69,,0,
VEH-0074,3,Body,FALSE,119.23,183.28,,59.3,,64.05,,0,
VEH-0074,4,Body,TRUE,183.28,238.32,55.04,53.9,,55.04,,0,
VEH-0074,5,Body,TRUE,238.32,277.34,39.02,36.2,,39.02,PASS,0,
VEH-0074,6,Body,FALSE,277.34,313.18,,36.2,,35.84,,0,
VEH-0074,7,Body,FALSE,313.18,342.64,,32.3,,29.46,,0,
VEH-0074,8,Body,FALSE,342.64,410.02,,64.6,,67.38,,0,
VEH-0074,9,Body,FALSE,410.02,459.15,,54,,49.13,PASS,0,
VEH-0074,10,Body,TRUE,459.15,517.95,58.8,58.3,,58.8,,0,
VEH-0074,11,Body,TRUE,517.95,550.22,32.27,30.8,,32.27,PASS,0,
VEH-0074,12,Body,TRUE,550.22,620.14,69.92,68.8,,69.92,,0,
VEH-0074,13,Body,TRUE,620.14,690.66,70.52,63.3,42.05,70.52,PASS,0,
VEH-0074,14,Body,TRUE,690.66,729,38.34,38.5,45.03,38.34,,0,
VEH-0074,15,Body,FALSE,729,763.8,,37.3,,34.8,PASS,0,
VEH-0074,16,Paint,FALSE,763.8,798.95,,37.3,,35.15,,0,
VEH-0074,17,Paint,TRUE,798.95,839.37,40.42,42.2,,40.42,,0,
VEH-0074,18,Paint,FALSE,839.37,887.57,,51,,48.2,,0,
VEH-0074,19,Paint,TRUE,887.57,934.62,47.05,47.3,44.1,47.05,,0,
VEH-0074,20,Paint,TRUE,934.62,976.88,42.26,41.6,,42.26,,0,
VEH-0074,21,Paint,TRUE,976.88,1033.15,56.27,54.5,,56.27,,0,
VEH-0074,22,Paint,TRUE,1033.15,1069.79,36.64,35.6,,36.64,PASS,0,
VEH-0074,23,Final Assembly,TRUE,1069.79,1110.63,40.84,41.7,,40.84,,0,
VEH-0074,24,Final Assembly,TRUE,1110.63,1155.97,45.34,44.7,,45.34,,0,
VEH-0074,25,Final Assembly,TRUE,1155.97,1206.66,50.69,48.2,,50.69,,0,
VEH-0074,26,Final Assembly,TRUE,1206.66,1269.43,62.77,61.4,,62.77,PASS,0,
VEH-0074,27,Final Assembly,TRUE,1269.43,1310.96,41.53,38,46.47,41.53,,0,
VEH-0074,28,Final Assembly,FALSE,1310.96,1365.91,,50.6,,54.95,,0,
VEH-0074,29,Final Assembly,TRUE,1365.91,1412.91,47,53.7,45.15,47,,0,
VEH-0074,30,Final Assembly,TRUE,1412.91,1444.29,31.38,31.9,,31.38,,0,
VEH-0074,31,Final Assembly,TRUE,1444.29,1498.25,53.96,54.3,,53.96,,0,
VEH-0074,32,Final Assembly,TRUE,1498.25,1533.57,35.32,36.8,,35.32,PASS,0,
VEH-0074,33,Final Assembly,TRUE,1533.57,1566.82,33.25,32.6,42.29,33.25,,0,
VEH-0074,34,Final Assembly,TRUE,1566.82,1636.19,69.37,68,,69.37,,0,
VEH-0074,35,Final Assembly,TRUE,1636.19,1702.14,65.95,68.6,,65.95,,0,
VEH-0074,36,Final Assembly,TRUE,1702.14,1762.88,60.74,62.3,45.66,60.74,,0,
VEH-0074,37,Final Assembly,TRUE,1762.88,1805.25,42.37,42.2,,42.37,,0,
VEH-0074,38,Final Assembly,TRUE,1805.25,1840.94,35.69,33.9,,35.69,,0,
VEH-0074,39,Final Assembly,FALSE,1840.94,1895.56,,57.4,,54.62,,0,
VEH-0074,40,Final Assembly,TRUE,1895.56,1942.97,47.41,47.6,,47.41,,0,
VEH-0075,1,Body,FALSE,0,45.73,,45,,45.73,,0,
VEH-0075,2,Body,FALSE,45.73,111.92,,68,,66.19,,0,
VEH-0075,3,Body,FALSE,111.92,173.71,,59.3,,61.79,,0,
VEH-0075,4,Body,TRUE,173.71,223.94,50.23,53.9,,50.23,,0,
VEH-0075,5,Body,TRUE,223.94,258.51,34.57,36.2,,34.57,PASS,0,
VEH-0075,6,Body,FALSE,258.51,292.96,,36.2,,34.45,,0,
VEH-0075,7,Body,FALSE,292.96,327,,32.3,,34.04,,0,
VEH-0075,8,Body,FALSE,327,394.65,,64.6,,67.65,,0,
VEH-0075,9,Body,FALSE,394.65,449.97,,54,,55.32,PASS,0,
VEH-0075,10,Body,TRUE,449.97,511.4,61.43,58.3,,61.43,,0,
VEH-0075,11,Body,TRUE,511.4,540.85,29.45,30.8,,29.45,PASS,0,
VEH-0075,12,Body,TRUE,540.85,610.85,70,68.8,,70,,0,
VEH-0075,13,Body,TRUE,610.85,673.75,62.9,63.3,46.27,62.9,PASS,0,
VEH-0075,14,Body,TRUE,673.75,712.03,38.28,38.5,44.42,38.28,,0,
VEH-0075,15,Body,FALSE,712.03,750.34,,37.3,,38.31,PASS,0,
VEH-0075,16,Paint,FALSE,750.34,789.27,,37.3,,38.93,,0,
VEH-0075,17,Paint,TRUE,789.27,830.06,40.79,42.2,,40.79,,0,
VEH-0075,18,Paint,FALSE,830.06,880.9,,51,,50.84,,0,
VEH-0075,19,Paint,TRUE,880.9,925.7,44.8,47.3,41.25,44.8,,0,
VEH-0075,20,Paint,TRUE,925.7,967.72,42.02,41.6,,42.02,,0,
VEH-0075,21,Paint,TRUE,967.72,1023.88,56.16,54.5,,56.16,,0,
VEH-0075,22,Paint,TRUE,1023.88,1059.95,36.07,35.6,,36.07,PASS,0,
VEH-0075,23,Final Assembly,TRUE,1059.95,1097.58,37.63,41.7,,37.63,,0,
VEH-0075,24,Final Assembly,TRUE,1097.58,1141.49,43.91,44.7,,43.91,,0,
VEH-0075,25,Final Assembly,TRUE,1141.49,1184.34,42.85,48.2,,42.85,,0,
VEH-0075,26,Final Assembly,TRUE,1184.34,1249.94,65.6,61.4,,65.6,PASS,0,
VEH-0075,27,Final Assembly,TRUE,1249.94,1285.88,35.94,38,46.88,35.94,,0,
VEH-0075,28,Final Assembly,FALSE,1285.88,1338.87,,50.6,,52.99,,0,
VEH-0075,29,Final Assembly,TRUE,1338.87,1390.15,51.28,53.7,43.3,51.28,,0,
VEH-0075,30,Final Assembly,TRUE,1390.15,1422.61,32.46,31.9,,32.46,,0,
VEH-0075,31,Final Assembly,TRUE,1422.61,1474.62,52.01,54.3,,52.01,,0,
VEH-0075,32,Final Assembly,TRUE,1474.62,1511.61,36.99,36.8,,36.99,PASS,0,
VEH-0075,33,Final Assembly,TRUE,1511.61,1543.42,31.81,32.6,42.33,31.81,,0,
VEH-0075,34,Final Assembly,TRUE,1543.42,1603.84,60.42,68,,60.42,,0,
VEH-0075,35,Final Assembly,TRUE,1603.84,1673.22,69.38,68.6,,69.38,,0,
VEH-0075,36,Final Assembly,TRUE,1673.22,1733.77,60.55,62.3,44.17,60.55,,0,
VEH-0075,37,Final Assembly,TRUE,1733.77,1777.44,43.67,42.2,,43.67,,0,
VEH-0075,38,Final Assembly,TRUE,1777.44,1813.33,35.89,33.9,,35.89,,0,
VEH-0075,39,Final Assembly,FALSE,1813.33,1869.95,,57.4,,56.62,,0,
VEH-0075,40,Final Assembly,TRUE,1869.95,1916.74,46.79,47.6,,46.79,,0,
VEH-0076,1,Body,FALSE,0,46.13,,45,,46.13,,0,
VEH-0076,2,Body,FALSE,46.13,112.46,,68,,66.33,,0,
VEH-0076,3,Body,FALSE,112.46,170.32,,59.3,,57.86,,0,
VEH-0076,4,Body,TRUE,170.32,224.55,54.23,53.9,,54.23,,0,
VEH-0076,5,Body,TRUE,224.55,259.62,35.07,36.2,,35.07,PASS,0,
VEH-0076,6,Body,FALSE,259.62,295.99,,36.2,,36.37,,0,
VEH-0076,7,Body,FALSE,295.99,327.33,,32.3,,31.34,,0,
VEH-0076,8,Body,FALSE,327.33,390.19,,64.6,,62.86,,0,
VEH-0076,9,Body,FALSE,390.19,446.87,,54,,56.68,PASS,0,
VEH-0076,10,Body,TRUE,446.87,508.37,61.5,58.3,,61.5,,0,
VEH-0076,11,Body,TRUE,508.37,536.54,28.17,30.8,,28.17,PASS,0,
VEH-0076,12,Body,TRUE,536.54,607.91,71.37,68.8,,71.37,,0,
VEH-0076,13,Body,TRUE,607.91,675.64,67.73,63.3,47.34,67.73,PASS,0,
VEH-0076,14,Body,TRUE,675.64,715.14,39.5,38.5,43.41,39.5,,0,
VEH-0076,15,Body,FALSE,715.14,753.61,,37.3,,38.47,PASS,0,
VEH-0076,16,Paint,FALSE,753.61,789.29,,37.3,,35.68,,0,
VEH-0076,17,Paint,TRUE,789.29,830.77,41.48,42.2,,41.48,,0,
VEH-0076,18,Paint,FALSE,830.77,882.75,,51,,51.98,,0,
VEH-0076,19,Paint,TRUE,882.75,928.15,45.4,47.3,43.28,45.4,,0,
VEH-0076,20,Paint,TRUE,928.15,970.72,42.57,41.6,,42.57,,0,
VEH-0076,21,Paint,TRUE,970.72,1030.32,59.6,54.5,,59.6,,0,
VEH-0076,22,Paint,TRUE,1030.32,1068.13,37.81,35.6,,37.81,PASS,0,
VEH-0076,23,Final Assembly,TRUE,1068.13,1111.31,43.18,41.7,,43.18,,0,
VEH-0076,24,Final Assembly,TRUE,1111.31,1158.2,46.89,44.7,,46.89,,0,
VEH-0076,25,Final Assembly,TRUE,1158.2,1207.94,49.74,48.2,,49.74,,0,
VEH-0076,26,Final Assembly,TRUE,1207.94,1270.72,62.78,61.4,,62.78,PASS,0,
VEH-0076,27,Final Assembly,TRUE,1270.72,1310.43,39.71,38,42.95,39.71,,0,
VEH-0076,28,Final Assembly,FALSE,1310.43,1361.53,,50.6,,51.1,,0,
VEH-0076,29,Final Assembly,TRUE,1361.53,1415.01,53.48,53.7,45.12,53.48,,0,
VEH-0076,30,Final Assembly,TRUE,1415.01,1446.18,31.17,31.9,,31.17,,0,
VEH-0076,31,Final Assembly,TRUE,1446.18,1501.89,55.71,54.3,,55.71,,0,
VEH-0076,32,Final Assembly,TRUE,1501.89,1537.19,35.3,36.8,,35.3,PASS,0,
VEH-0076,33,Final Assembly,TRUE,1537.19,1568.92,31.73,32.6,44.02,31.73,,0,
VEH-0076,34,Final Assembly,TRUE,1568.92,1639.86,70.94,68,,70.94,,0,
VEH-0076,35,Final Assembly,TRUE,1639.86,1708.42,68.56,68.6,,68.56,,0,
VEH-0076,36,Final Assembly,TRUE,1708.42,1769.28,60.86,62.3,44.44,60.86,,0,
VEH-0076,37,Final Assembly,TRUE,1769.28,1811.49,42.21,42.2,,42.21,,0,
VEH-0076,38,Final Assembly,TRUE,1811.49,1848.15,36.66,33.9,,36.66,,0,
VEH-0076,39,Final Assembly,FALSE,1848.15,1902,,57.4,,53.85,,0,
VEH-0076,40,Final Assembly,TRUE,1902,1951.21,49.21,47.6,,49.21,,0,
VEH-0077,1,Body,FALSE,0,46.55,,45,,46.55,,0,
VEH-0077,2,Body,FALSE,46.55,115.45,,68,,68.9,,0,
VEH-0077,3,Body,FALSE,115.45,176.7,,59.3,,61.25,,0,
VEH-0077,4,Body,TRUE,176.7,230.41,53.71,53.9,,53.71,,0,
VEH-0077,6,Body,FALSE,264.46,302.57,,36.2,,38.11,,0,
VEH-0077,7,Body,FALSE,302.57,333.92,,32.3,,31.35,,0,
VEH-0077,8,Body,FALSE,333.92,395.5,,64.6,,61.58,,0,
VEH-0077,9,Body,FALSE,395.5,449.02,,54,,53.52,PASS,0,
VEH-0077,10,Body,TRUE,449.02,504.65,55.63,58.3,,55.63,,0,
VEH-0077,11,Body,TRUE,504.65,534.81,30.16,30.8,,30.16,PASS,0,
VEH-0077,12,Body,TRUE,534.81,604.79,69.98,68.8,,69.98,,0,
VEH-0077,13,Body,TRUE,604.79,669.19,64.4,63.3,43.65,64.4,PASS,0,
VEH-0077,14,Body,TRUE,669.19,706.75,37.56,38.5,46.61,37.56,,0,
VEH-0077,15,Body,FALSE,706.75,744.97,,37.3,,38.22,PASS,0,
VEH-0077,16,Paint,FALSE,744.97,786.13,,37.3,,41.16,,0,
VEH-0077,17,Paint,TRUE,786.13,830.82,44.69,42.2,,44.69,,0,
VEH-0077,18,Paint,FALSE,830.82,884.74,,51,,53.92,,0,
VEH-0077,19,Paint,TRUE,884.74,928.76,44.02,47.3,46.15,44.02,,0,
VEH-0077,20,Paint,TRUE,928.76,970.25,41.49,41.6,,41.49,,0,
VEH-0077,21,Paint,TRUE,970.25,1023.25,53,54.5,,53,,0,
VEH-0077,22,Paint,TRUE,1023.25,1059.15,35.9,35.6,,35.9,PASS,0,
VEH-0077,23,Final Assembly,TRUE,1059.15,1102.83,43.68,41.7,,43.68,,0,
VEH-0077,24,Final Assembly,TRUE,1102.83,1148.65,45.82,44.7,,45.82,,0,
VEH-0077,25,Final Assembly,TRUE,1148.65,1194.73,46.08,48.2,,46.08,,0,
VEH-0077,26,Final Assembly,TRUE,1194.73,1258.41,63.68,61.4,,63.68,PASS,0,
VEH-0077,27,Final Assembly,TRUE,1258.41,1295.2,36.79,38,45.33,36.79,,0,
VEH-0077,28,Final Assembly,FALSE,1295.2,1345.03,,50.6,,49.83,,0,
VEH-0077,29,Final Assembly,TRUE,1345.03,1398.14,53.11,53.7,46.15,53.11,,0,
VEH-0077,30,Final Assembly,TRUE,1398.14,1428.39,30.25,31.9,,30.25,,0,
VEH-0077,31,Final Assembly,TRUE,1428.39,1487.96,59.57,54.3,,59.57,,0,
VEH-0077,32,Final Assembly,TRUE,1487.96,1521.41,33.45,36.8,,33.45,PASS,0,
VEH-0077,33,Final Assembly,TRUE,1521.41,1553.04,31.63,32.6,45.56,31.63,,0,
VEH-0077,34,Final Assembly,TRUE,1553.04,1623.03,69.99,68,,69.99,,0,
VEH-0077,35,Final Assembly,TRUE,1623.03,1691.29,68.26,68.6,,68.26,,0,
VEH-0077,36,Final Assembly,TRUE,1691.29,1753.41,62.12,62.3,45.62,62.12,,0,
VEH-0077,37,Final Assembly,TRUE,1753.41,1795.12,41.71,42.2,,41.71,,0,
VEH-0077,38,Final Assembly,TRUE,1795.12,1831.39,36.27,33.9,,36.27,,0,
VEH-0077,39,Final Assembly,FALSE,1831.39,1891.2,,57.4,,59.81,,0,
VEH-0077,40,Final Assembly,TRUE,1891.2,1940.88,49.68,47.6,,49.68,,0,
VEH-0078,1,Body,FALSE,0,42.83,,45,,42.83,,0,
VEH-0078,2,Body,FALSE,42.83,108.5,,68,,65.67,,0,
VEH-0078,3,Body,FALSE,108.5,165.3,,59.3,,56.8,,0,
VEH-0078,4,Body,TRUE,165.3,219.8,54.5,53.9,,54.5,,0,
VEH-0078,5,Body,TRUE,219.8,256.14,36.34,36.2,,36.34,PASS,0,
VEH-0078,6,Body,FALSE,256.14,292.35,,36.2,,36.21,,0,
VEH-0078,7,Body,FALSE,292.35,326.03,,32.3,,33.68,,0,
VEH-0078,8,Body,FALSE,326.03,389.36,,64.6,,63.33,,0,
VEH-0078,9,Body,FALSE,389.36,444.22,,54,,54.86,PASS,0,
VEH-0078,10,Body,TRUE,444.22,501.04,56.82,58.3,,56.82,,0,
VEH-0078,11,Body,TRUE,501.04,530.53,29.49,30.8,,29.49,PASS,0,
VEH-0078,12,Body,TRUE,530.53,598.35,67.82,68.8,,67.82,,0,
VEH-0078,13,Body,TRUE,598.35,660.07,61.72,63.3,44.33,61.72,PASS,0,
VEH-0078,14,Body,TRUE,660.07,700.82,40.75,38.5,44.62,40.75,,0,
VEH-0078,15,Body,FALSE,700.82,736.89,,37.3,,36.07,PASS,0,
VEH-0078,16,Paint,FALSE,736.89,774.24,,37.3,,37.35,,0,
VEH-0078,17,Paint,TRUE,774.24,816.66,42.42,42.2,,42.42,,0,
VEH-0078,18,Paint,FALSE,816.66,864.63,,51,,47.97,,0,
VEH-0078,19,Paint,TRUE,864.63,911.23,46.6,47.3,44.49,46.6,,0,
VEH-0078,20,Paint,TRUE,911.23,952.47,41.24,41.6,,41.24,,0,
VEH-0078,21,Paint,TRUE,952.47,1008.95,56.48,54.5,,56.48,,0,
VEH-0078,22,Paint,TRUE,1008.95,1044.79,35.84,35.6,,35.84,PASS,0,
VEH-0078,23,Final Assembly,TRUE,1044.79,1089.06,44.27,41.7,,44.27,,0,
VEH-0078,24,Final Assembly,TRUE,1089.06,1133.73,44.67,44.7,,44.67,,0,
VEH-0078,25,Final Assembly,TRUE,1133.73,1186.21,52.48,48.2,,52.48,,0,
VEH-0078,26,Final Assembly,TRUE,1186.21,1246.2,59.99,61.4,,59.99,PASS,0,
VEH-0078,27,Final Assembly,TRUE,1246.2,1282.74,36.54,38,45.82,36.54,,0,
VEH-0078,28,Final Assembly,FALSE,1282.74,1336.79,,50.6,,54.05,,0,
VEH-0078,29,Final Assembly,TRUE,1336.79,1386.78,49.99,53.7,44.7,49.99,,0,
VEH-0078,30,Final Assembly,TRUE,1386.78,1417.71,30.93,31.9,,30.93,,0,
VEH-0078,31,Final Assembly,TRUE,1417.71,1472.4,54.69,54.3,,54.69,,0,
VEH-0078,32,Final Assembly,TRUE,1472.4,1509.22,36.82,36.8,,36.82,PASS,0,
VEH-0078,33,Final Assembly,TRUE,1509.22,1544.01,34.79,32.6,44.84,34.79,,0,
VEH-0078,34,Final Assembly,TRUE,1544.01,1616.68,72.67,68,,72.67,,0,
VEH-0078,35,Final Assembly,TRUE,1616.68,1684.2,67.52,68.6,,67.52,,0,
VEH-0078,36,Final Assembly,TRUE,1684.2,1749.39,65.19,62.3,45.34,65.19,,0,
VEH-0078,37,Final Assembly,TRUE,1749.39,1795.24,45.85,42.2,,45.85,,0,
VEH-0078,38,Final Assembly,TRUE,1795.24,1826.63,31.39,33.9,,31.39,,0,
VEH-0078,39,Final Assembly,FALSE,1826.63,1880.69,,57.4,,54.06,,0,
VEH-0078,40,Final Assembly,TRUE,1880.69,1932.65,51.96,47.6,,51.96,,0,
VEH-0079,1,Body,FALSE,0,45.13,,45,,45.13,,0,
VEH-0079,2,Body,FALSE,45.13,112.08,,68,,66.95,,0,
VEH-0079,3,Body,FALSE,112.08,174.77,,59.3,,62.69,,0,
VEH-0079,4,Body,TRUE,174.77,221.01,46.24,53.9,,46.24,,0,
VEH-0079,5,Body,TRUE,221.01,257.18,36.17,36.2,,36.17,PASS,0,
VEH-0079,6,Body,FALSE,257.18,293.19,,36.2,,36.01,,0,
VEH-0079,7,Body,FALSE,293.19,324.76,,32.3,,31.57,,0,
VEH-0079,8,Body,FALSE,324.76,394.94,,64.6,,70.18,,0,
VEH-0079,9,Body,FALSE,394.94,446.54,,54,,51.6,PASS,0,
VEH-0079,10,Body,TRUE,446.54,507.09,60.55,58.3,,60.55,,0,
VEH-0079,11,Body,TRUE,507.09,538.44,31.35,30.8,,31.35,PASS,0,
VEH-0079,12,Body,TRUE,538.44,611.58,73.14,68.8,,73.14,,0,
VEH-0079,13,Body,TRUE,611.58,672.77,61.19,63.3,43.9,61.19,PASS,0,
VEH-0079,14,Body,TRUE,672.77,713.39,40.62,38.5,45.64,40.62,,0,
VEH-0079,15,Body,FALSE,713.39,747.82,,37.3,,34.43,PASS,0,
VEH-0079,16,Paint,FALSE,747.82,784.12,,37.3,,36.3,,0,
VEH-0079,17,Paint,TRUE,784.12,827.14,43.02,42.2,,43.02,,0,
VEH-0079,18,Paint,FALSE,827.14,880.28,,51,,53.14,,0,
VEH-0079,19,Paint,TRUE,880.28,925.98,45.7,47.3,40.63,45.7,,0,
VEH-0079,20,Paint,TRUE,925.98,968.67,42.69,41.6,,42.69,,0,
VEH-0079,21,Paint,TRUE,968.67,1019.84,51.17,54.5,,51.17,,0,
VEH-0079,22,Paint,TRUE,1019.84,1051.85,32.01,35.6,,32.01,PASS,0,
VEH-0079,23,Final Assembly,TRUE,1051.85,1087.63,35.78,41.7,,35.78,,0,
VEH-0079,24,Final Assembly,TRUE,1087.63,1134.15,46.52,44.7,,46.52,,0,
VEH-0079,25,Final Assembly,TRUE,1134.15,1182.66,48.51,48.2,,48.51,,0,
VEH-0079,26,Final Assembly,TRUE,1182.66,1243.37,60.71,61.4,,60.71,PASS,0,
VEH-0079,27,Final Assembly,TRUE,1243.37,1284.01,40.64,38,45.96,40.64,,0,
VEH-0079,28,Final Assembly,FALSE,1284.01,1338.7,,50.6,,54.69,,0,
VEH-0079,29,Final Assembly,TRUE,1338.7,1388.65,49.95,53.7,44.95,49.95,,0,
VEH-0079,30,Final Assembly,TRUE,1388.65,1417.98,29.33,31.9,,29.33,,0,
VEH-0079,31,Final Assembly,TRUE,1417.98,1471.66,53.68,54.3,,53.68,,0,
VEH-0079,32,Final Assembly,TRUE,1471.66,1508,36.34,36.8,,36.34,PASS,0,
VEH-0079,33,Final Assembly,TRUE,1508,1541.62,33.62,32.6,45.07,33.62,,0,
VEH-0079,34,Final Assembly,TRUE,1541.62,1611.74,70.12,68,,70.12,,0,
VEH-0079,35,Final Assembly,TRUE,1611.74,1682.75,71.01,68.6,,71.01,,0,
VEH-0079,36,Final Assembly,TRUE,1682.75,1751.77,69.02,62.3,44.53,69.02,,0,
VEH-0079,37,Final Assembly,TRUE,1751.77,1791.98,40.21,42.2,,40.21,,0,
VEH-0079,38,Final Assembly,TRUE,1791.98,1826.3,34.32,33.9,,34.32,,0,
VEH-0079,39,Final Assembly,FALSE,1826.3,1881.4,,57.4,,55.1,,0,
VEH-0079,40,Final Assembly,TRUE,1881.4,1932.53,51.13,47.6,,51.13,,0,
VEH-0080,1,Body,FALSE,0,44.36,,45,,44.36,,0,
VEH-0080,2,Body,FALSE,44.36,108.08,,68,,63.72,,0,
VEH-0080,3,Body,FALSE,108.08,169.55,,59.3,,61.47,,0,
VEH-0080,4,Body,TRUE,169.55,225.96,56.41,53.9,,56.41,,0,
VEH-0080,5,Body,TRUE,225.96,263.48,37.52,36.2,,37.52,PASS,0,
VEH-0080,6,Body,FALSE,263.48,301.55,,36.2,,38.07,,0,
VEH-0080,7,Body,FALSE,301.55,336.37,,32.3,,34.82,,0,
VEH-0080,8,Body,FALSE,336.37,397.18,,64.6,,60.81,,0,
VEH-0080,10,Body,TRUE,449.05,509.97,60.92,58.3,,60.92,,0,
VEH-0080,11,Body,TRUE,509.97,542.51,32.54,30.8,,32.54,PASS,0,
VEH-0080,12,Body,TRUE,542.51,608.99,66.48,68.8,,66.48,,0,
VEH-0080,13,Body,TRUE,608.99,669.93,60.94,63.3,44.02,60.94,PASS,0,
VEH-0080,14,Body,TRUE,669.93,705.33,35.4,38.5,43.09,35.4,,0,
VEH-0080,15,Body,FALSE,705.33,740.31,,37.3,,34.98,PASS,0,
VEH-0080,16,Paint,FALSE,740.31,777.06,,37.3,,36.75,,0,
VEH-0080,17,Paint,TRUE,777.06,819.83,42.77,42.2,,42.77,,0,
VEH-0080,18,Paint,FALSE,819.83,871.94,,51,,52.11,,0,
VEH-0080,19,Paint,TRUE,871.94,918.04,46.1,47.3,44.27,46.1,,0,
VEH-0080,20,Paint,TRUE,918.04,959.9,41.86,41.6,,41.86,,0,
VEH-0080,21,Paint,TRUE,959.9,1010.32,50.42,54.5,,50.42,,0,
VEH-0080,22,Paint,TRUE,1010.32,1047.63,37.31,35.6,,37.31,PASS,0,
VEH-0080,23,Final Assembly,TRUE,1047.63,1092.02,44.39,41.7,,44.39,,0,
VEH-0080,24,Final Assembly,TRUE,1092.02,1135.32,43.3,44.7,,43.3,,0,
VEH-0080,25,Final Assembly,TRUE,1135.32,1182.56,47.24,48.2,,47.24,,0,
VEH-0080,26,Final Assembly,TRUE,1182.56,1247.78,65.22,61.4,,65.22,PASS,0,
VEH-0080,27,Final Assembly,TRUE,1247.78,1285.55,37.77,38,45.88,37.77,,0,
VEH-0080,28,Final Assembly,FALSE,1285.55,1335.92,,50.6,,50.37,,0,
VEH-0080,29,Final Assembly,TRUE,1335.92,1393.81,57.89,53.7,45.74,57.89,,0,
VEH-0080,30,Final Assembly,TRUE,1393.81,1426.58,32.77,31.9,,32.77,,0,
VEH-0080,31,Final Assembly,TRUE,1426.58,1482.41,55.83,54.3,,55.83,,0,
VEH-0080,32,Final Assembly,TRUE,1482.41,1518.19,35.78,36.8,,35.78,PASS,0,
VEH-0080,33,Final Assembly,TRUE,1518.19,1550.03,31.84,32.6,46.15,31.84,,0,
VEH-0080,34,Final Assembly,TRUE,1550.03,1618.46,68.43,68,,68.43,,0,
VEH-0080,35,Final Assembly,TRUE,1618.46,1683.02,64.56,68.6,,64.56,,0,
VEH-0080,36,Final Assembly,TRUE,1683.02,1751.16,68.14,62.3,46.47,68.14,,0,
VEH-0080,37,Final Assembly,TRUE,1751.16,1793.44,42.28,42.2,,42.28,,0,
VEH-0080,38,Final Assembly,TRUE,1793.44,1826.88,33.44,33.9,,33.44,,0,
VEH-0080,39,Final Assembly,FALSE,1826.88,1884.85,,57.4,,57.97,,0,
VEH-0080,40,Final Assembly,TRUE,1884.85,1933.68,48.83,47.6,,48.83,,0,
VEH-0081,1,Body,FALSE,0,43.22,,45,,43.22,,0,
VEH-0081,2,Body,FALSE,43.22,111.34,,68,,68.12,,0,
VEH-0081,3,Body,FALSE,111.34,166.6,,59.3,,55.26,,0,
VEH-0081,4,Body,TRUE,166.6,222.39,55.79,53.9,,55.79,,0,
VEH-0081,5,Body,TRUE,222.39,259.53,37.14,36.2,,37.14,PASS,0,
VEH-0081,6,Body,FALSE,259.53,296.63,,36.2,,37.1,,0,
VEH-0081,7,Body,FALSE,296.63,328.93,,32.3,,32.3,,0,
VEH-0081,8,Body,FALSE,328.93,394.87,,64.6,,65.94,,0,
VEH-0081,9,Body,FALSE,394.87,453.2,,54,,58.33,PASS,0,
VEH-0081,10,Body,TRUE,453.2,510.67,57.47,58.3,,57.47,,0,
VEH-0081,11,Body,TRUE,510.67,541.68,31.01,30.8,,31.01,PASS,0,
VEH-0081,12,Body,TRUE,541.68,606.74,65.06,68.8,,65.06,,0,
VEH-0081,13,Body,TRUE,606.74,667.29,60.55,63.3,45.15,60.55,PASS,0,
VEH-0081,14,Body,TRUE,667.29,707.92,40.63,38.5,44.62,40.63,,0,
VEH-0081,15,Body,FALSE,707.92,744.78,,37.3,,36.86,PASS,0,
VEH-0081,16,Paint,FALSE,744.78,781.32,,37.3,,36.54,,0,
VEH-0081,17,Paint,TRUE,781.32,822.39,41.07,42.2,,41.07,,0,
VEH-0081,18,Paint,FALSE,822.39,874.14,,51,,51.75,,0,
VEH-0081,19,Paint,TRUE,874.14,917.91,43.77,47.3,46.92,43.77,,0,
VEH-0081,20,Paint,TRUE,917.91,958.13,40.22,41.6,,40.22,,0,
VEH-0081,21,Paint,TRUE,958.13,1014.6,56.47,54.5,,56.47,,0,
VEH-0081,22,Paint,TRUE,1014.6,1047.94,33.34,35.6,,33.34,PASS,0,
VEH-0081,23,Final Assembly,TRUE,1047.94,1091.04,43.1,41.7,,43.1,,0,
VEH-0081,24,Final Assembly,TRUE,1091.04,1137.25,46.21,44.7,,46.21,,0,
VEH-0081,25,Final Assembly,TRUE,1137.25,1186.38,49.13,48.2,,49.13,,0,
VEH-0081,26,Final Assembly,TRUE,1186.38,1244.73,58.35,61.4,,58.35,PASS,0,
VEH-0081,27,Final Assembly,TRUE,1244.73,1283.2,38.47,38,43.23,38.47,,0,
VEH-0081,28,Final Assembly,FALSE,1283.2,1333.16,,50.6,,49.96,,0,
VEH-0081,29,Final Assembly,TRUE,1333.16,1389.63,56.47,53.7,46.2,56.47,,0,
VEH-0081,30,Final Assembly,TRUE,1389.63,1421.55,31.92,31.9,,31.92,,0,
VEH-0081,31,Final Assembly,TRUE,1421.55,1473.21,51.66,54.3,,51.66,,0,
VEH-0081,32,Final Assembly,TRUE,1473.21,1511.2,37.99,36.8,,37.99,PASS,0,
VEH-0081,33,Final Assembly,TRUE,1511.2,1543.83,32.63,32.6,41.52,32.63,,0,
VEH-0081,34,Final Assembly,TRUE,1543.83,1614.49,70.66,68,,70.66,,0,
VEH-0081,35,Final Assembly,TRUE,1614.49,1683.01,68.52,68.6,,68.52,,0,
VEH-0081,36,Final Assembly,TRUE,1683.01,1749.06,66.05,62.3,43.36,66.05,,0,
VEH-0081,37,Final Assembly,TRUE,1749.06,1784.56,35.5,42.2,,35.5,,0,
VEH-0081,38,Final Assembly,TRUE,1784.56,1818.93,34.37,33.9,,34.37,,0,
VEH-0081,39,Final Assembly,FALSE,1818.93,1877.17,,57.4,,58.24,,0,
VEH-0081,40,Final Assembly,TRUE,1877.17,1920.75,43.58,47.6,,43.58,,0,
VEH-0082,1,Body,FALSE,0,42.8,,45,,42.8,,0,
VEH-0082,2,Body,FALSE,42.8,118.11,,68,,75.31,,0,
VEH-0082,3,Body,FALSE,118.11,182.84,,59.3,,64.73,,0,
VEH-0082,4,Body,TRUE,182.84,234.71,51.87,53.9,,51.87,,0,
VEH-0082,5,Body,TRUE,234.71,267.21,32.5,36.2,,32.5,PASS,0,
VEH-0082,6,Body,FALSE,267.21,303.23,,36.2,,36.02,,0,
VEH-0082,7,Body,FALSE,303.23,336.14,,32.3,,32.91,,0,
VEH-0082,8,Body,FALSE,336.14,397.96,,64.6,,61.82,,0,
VEH-0082,9,Body,FALSE,397.96,449.77,,54,,51.81,PASS,0,
VEH-0082,10,Body,TRUE,449.77,512.69,62.92,58.3,,62.92,,0,
VEH-0082,11,Body,TRUE,512.69,543.09,30.4,30.8,,30.4,PASS,0,
VEH-0082,12,Body,TRUE,543.09,614.17,71.08,68.8,,71.08,,0,
VEH-0082,13,Body,TRUE,614.17,674.52,60.35,63.3,44.91,60.35,PASS,0,
VEH-0082,14,Body,TRUE,674.52,712.37,37.85,38.5,43.99,37.85,,0,
VEH-0082,15,Body,FALSE,712.37,751.82,,37.3,,39.45,PASS,0,
VEH-0082,16,Paint,FALSE,751.82,786.54,,37.3,,34.72,,0,
VEH-0082,17,Paint,TRUE,786.54,829.37,42.83,42.2,,42.83,,0,
VEH-0082,18,Paint,FALSE,829.37,879.46,,51,,50.09,,0,
VEH-0082,19,Paint,TRUE,879.46,927.74,48.28,47.3,44.49,48.28,,0,
VEH-0082,20,Paint,TRUE,927.74,971.14,43.4,41.6,,43.4,,0,
VEH-0082,21,Paint,TRUE,971.14,1023.07,51.93,54.5,,51.93,,0,
VEH-0082,22,Paint,TRUE,1023.07,1060.73,37.66,35.6,,37.66,PASS,0,
VEH-0082,23,Final Assembly,TRUE,1060.73,1102.37,41.64,41.7,,41.64,,0,
VEH-0082,24,Final Assembly,TRUE,1102.37,1144.09,41.72,44.7,,41.72,,0,
VEH-0082,25,Final Assembly,TRUE,1144.09,1193.93,49.84,48.2,,49.84,,0,
VEH-0082,26,Final Assembly,TRUE,1193.93,1254.72,60.79,61.4,,60.79,PASS,0,
VEH-0082,27,Final Assembly,TRUE,1254.72,1289.48,34.76,38,45.5,34.76,,0,
VEH-0082,28,Final Assembly,FALSE,1289.48,1342.63,,50.6,,53.15,,0,
VEH-0082,29,Final Assembly,TRUE,1342.63,1399.78,57.15,53.7,44.43,57.15,,0,
VEH-0082,30,Final Assembly,TRUE,1399.78,1431.91,32.13,31.9,,32.13,,0,
VEH-0082,31,Final Assembly,TRUE,1431.91,1486.35,54.44,54.3,,54.44,,0,
VEH-0082,32,Final Assembly,TRUE,1486.35,1525.89,39.54,36.8,,39.54,PASS,0,
VEH-0082,33,Final Assembly,TRUE,1525.89,1557.17,31.28,32.6,44.3,31.28,,0,
VEH-0082,34,Final Assembly,TRUE,1557.17,1622.33,65.16,68,,65.16,,0,
VEH-0082,35,Final Assembly,TRUE,1622.33,1685.96,63.63,68.6,,63.63,,0,
VEH-0082,36,Final Assembly,TRUE,1685.96,1749.03,63.07,62.3,47.4,63.07,,0,
VEH-0082,37,Final Assembly,TRUE,1749.03,1790.81,41.78,42.2,,41.78,,0,
VEH-0082,38,Final Assembly,TRUE,1790.81,1823.21,32.4,33.9,,32.4,,0,
VEH-0082,39,Final Assembly,FALSE,1823.21,1881.15,,57.4,,57.94,,0,
VEH-0082,40,Final Assembly,TRUE,1881.15,1930.15,49,47.6,,49,,0,
VEH-0083,1,Body,FALSE,0,46.96,,45,,46.96,,0,
VEH-0083,2,Body,FALSE,46.96,118.19,,68,,71.23,,0,
VEH-0083,3,Body,FALSE,118.19,177.88,,59.3,,59.69,,0,
VEH-0083,4,Body,TRUE,177.88,231.4,53.52,53.9,,53.52,,0,
VEH-0083,5,Body,TRUE,231.4,266.74,35.34,36.2,,35.34,PASS,0,
VEH-0083,6,Body,FALSE,266.74,301.44,,36.2,,34.7,,0,
VEH-0083,7,Body,FALSE,301.44,332.63,,32.3,,31.19,,0,
VEH-0083,8,Body,FALSE,332.63,392.87,,64.6,,60.24,,0,
VEH-0083,9,Body,FALSE,392.87,446.67,,54,,53.8,PASS,0,
VEH-0083,10,Body,TRUE,446.67,500.05,53.38,58.3,,53.38,,0,
VEH-0083,11,Body,TRUE,500.05,531.14,31.09,30.8,,31.09,PASS,0,
VEH-0083,12,Body,TRUE,531.14,599.82,68.68,68.8,,68.68,,0,
VEH-0083,13,Body,TRUE,599.82,663.59,63.77,63.3,44.22,63.77,PASS,0,
VEH-0083,14,Body,TRUE,663.59,708.03,44.44,38.5,47.04,44.44,,0,
VEH-0083,15,Body,FALSE,708.03,743.02,,37.3,,34.99,PASS,0,
VEH-0083,16,Paint,FALSE,743.02,780.75,,37.3,,37.73,,0,
VEH-0083,17,Paint,TRUE,780.75,821.67,40.92,42.2,,40.92,,0,
VEH-0083,18,Paint,FALSE,821.67,870.08,,51,,48.41,,0,
VEH-0083,19,Paint,TRUE,870.08,914.22,44.14,47.3,45.65,44.14,,0,
VEH-0083,20,Paint,TRUE,914.22,954.4,40.18,41.6,,40.18,,0,
VEH-0083,21,Paint,TRUE,954.4,1011.54,57.14,54.5,,57.14,,0,
VEH-0083,22,Paint,TRUE,1011.54,1048.91,37.37,35.6,,37.37,PASS,0,
VEH-0083,23,Final Assembly,TRUE,1048.91,1093.48,44.57,41.7,,44.57,,0,
VEH-0083,24,Final Assembly,TRUE,1093.48,1136.27,42.79,44.7,,42.79,,0,
VEH-0083,25,Final Assembly,TRUE,1136.27,1185.62,49.35,48.2,,49.35,,0,
VEH-0083,26,Final Assembly,TRUE,1185.62,1248.96,63.34,61.4,,63.34,PASS,0,
VEH-0083,27,Final Assembly,TRUE,1248.96,1286.06,37.1,38,43.84,37.1,,0,
VEH-0083,28,Final Assembly,FALSE,1286.06,1340.73,,50.6,,54.67,,0,
VEH-0083,29,Final Assembly,TRUE,1340.73,1395.04,54.31,53.7,45.95,54.31,,0,
VEH-0083,30,Final Assembly,TRUE,1395.04,1425.63,30.59,31.9,,30.59,,0,
VEH-0083,31,Final Assembly,TRUE,1425.63,1476.63,51,54.3,,51,,0,
VEH-0083,32,Final Assembly,TRUE,1476.63,1512.38,35.75,36.8,,35.75,PASS,0,
VEH-0083,33,Final Assembly,TRUE,1512.38,1544.78,32.4,32.6,43.4,32.4,,0,
VEH-0083,34,Final Assembly,TRUE,1544.78,1612.75,67.97,68,,67.97,,0,
VEH-0083,35,Final Assembly,TRUE,1612.75,1675.56,62.81,68.6,,62.81,,0,
VEH-0083,36,Final Assembly,TRUE,1675.56,1734.37,58.81,62.3,46.01,58.81,,0,
VEH-0083,37,Final Assembly,TRUE,1734.37,1777.84,43.47,42.2,,43.47,,0,
VEH-0083,38,Final Assembly,TRUE,1777.84,1811.07,33.23,33.9,,33.23,,0,
VEH-0083,39,Final Assembly,FALSE,1811.07,1865.55,,57.4,,54.48,,0,
VEH-0083,40,Final Assembly,TRUE,1865.55,1910.7,45.15,47.6,,45.15,,0,
VEH-0084,1,Body,FALSE,0,44.16,,45,,44.16,,0,
VEH-0084,2,Body,FALSE,44.16,113.59,,68,,69.43,,0,
VEH-0084,3,Body,FALSE,113.59,175.85,,59.3,,62.26,,0,
VEH-0084,4,Body,TRUE,175.85,232.15,56.3,53.9,,56.3,,0,
VEH-0084,5,Body,TRUE,232.15,269.01,36.86,36.2,,36.86,PASS,0,
VEH-0084,6,Body,FALSE,269.01,305.39,,36.2,,36.38,,0,
VEH-0084,7,Body,FALSE,305.39,336.24,,32.3,,30.85,,0,
VEH-0084,8,Body,FALSE,336.24,403.63,,64.6,,67.39,,0,
VEH-0084,9,Body,FALSE,403.63,459.82,,54,,56.19,PASS,0,
VEH-0084,10,Body,TRUE,459.82,514.8,54.98,58.3,,54.98,,0,
VEH-0084,11,Body,TRUE,514.8,546.16,31.36,30.8,,31.36,PASS,0,
VEH-0084,12,Body,TRUE,546.16,617.21,71.05,68.8,,71.05,,0,
VEH-0084,13,Body,TRUE,617.21,683.31,66.1,63.3,44.89,66.1,PASS,0,
VEH-0084,14,Body,TRUE,683.31,720.15,36.84,38.5,44.25,36.84,,0,
VEH-0084,15,Body,FALSE,720.15,755.58,,37.3,,35.43,PASS,0,
VEH-0084,16,Paint,FALSE,755.58,792.79,,37.3,,37.21,,0,
VEH-0084,17,Paint,TRUE,792.79,834.47,41.68,42.2,,41.68,,0,
VEH-0084,18,Paint,FALSE,834.47,890.94,,51,,56.47,,0,
VEH-0084,19,Paint,TRUE,890.94,940.35,49.41,47.3,46.45,49.41,,0,
VEH-0084,20,Paint,TRUE,940.35,982.93,42.58,41.6,,42.58,,0,
VEH-0084,21,Paint,TRUE,982.93,1036.43,53.5,54.5,,53.5,,0,
VEH-0084,22,Paint,TRUE,1036.43,1071.54,35.11,35.6,,35.11,PASS,0,
VEH-0084,23,Final Assembly,TRUE,1071.54,1112.86,41.32,41.7,,41.32,,0,
VEH-0084,24,Final Assembly,TRUE,1112.86,1157.98,45.12,44.7,,45.12,,0,
VEH-0084,25,Final Assembly,TRUE,1157.98,1207.12,49.14,48.2,,49.14,,0,
VEH-0084,26,Final Assembly,TRUE,1207.12,1268.52,61.4,61.4,,61.4,PASS,0,
VEH-0084,27,Final Assembly,TRUE,1268.52,1305.97,37.45,38,44.11,37.45,,0,
VEH-0084,28,Final Assembly,FALSE,1305.97,1353.05,,50.6,,47.08,,0,
VEH-0084,29,Final Assembly,TRUE,1353.05,1410.2,57.15,53.7,48.31,57.15,,0,
VEH-0084,30,Final Assembly,TRUE,1410.2,1444.01,33.81,31.9,,33.81,,0,
VEH-0084,31,Final Assembly,TRUE,1444.01,1494.9,50.89,54.3,,50.89,,0,
VEH-0084,32,Final Assembly,TRUE,1494.9,1533.15,38.25,36.8,,38.25,PASS,0,
VEH-0084,33,Final Assembly,TRUE,1533.15,1567.42,34.27,32.6,44.39,34.27,,0,
VEH-0084,34,Final Assembly,TRUE,1567.42,1637.08,69.66,68,,69.66,,0,
VEH-0084,35,Final Assembly,TRUE,1637.08,1704.11,67.03,68.6,,67.03,,0,
VEH-0084,36,Final Assembly,TRUE,1704.11,1771.18,67.07,62.3,45.55,67.07,,0,
VEH-0084,37,Final Assembly,TRUE,1771.18,1811.44,40.26,42.2,,40.26,,0,
VEH-0084,38,Final Assembly,TRUE,1811.44,1846.48,35.04,33.9,,35.04,,0,
VEH-0084,39,Final Assembly,FALSE,1846.48,1906.92,,57.4,,60.44,,0,
VEH-0084,40,Final Assembly,TRUE,1906.92,1954.99,48.07,47.6,,48.07,,0,
VEH-0085,1,Body,FALSE,0,48.44,,45,,48.44,,0,
VEH-0085,2,Body,FALSE,48.44,116.16,,68,,67.72,,0,
VEH-0085,3,Body,FALSE,116.16,172.47,,59.3,,56.31,,0,
VEH-0085,4,Body,TRUE,172.47,220.74,48.27,53.9,,48.27,,0,
VEH-0085,5,Body,TRUE,220.74,254.28,33.54,36.2,,33.54,PASS,0,
VEH-0085,6,Body,FALSE,254.28,287.99,,36.2,,33.71,,0,
VEH-0085,7,Body,FALSE,287.99,322.51,,32.3,,34.52,,0,
VEH-0085,8,Body,FALSE,322.51,387.48,,64.6,,64.97,,0,
VEH-0085,9,Body,FALSE,387.48,442.53,,54,,55.05,PASS,0,
VEH-0085,10,Body,TRUE,442.53,494.35,51.82,58.3,,51.82,,0,
VEH-0085,11,Body,TRUE,494.35,523.31,28.96,30.8,,28.96,PASS,0,
VEH-0085,12,Body,TRUE,523.31,595.16,71.85,68.8,,71.85,,0,
VEH-0085,13,Body,TRUE,595.16,659.37,64.21,63.3,44.78,64.21,PASS,0,
VEH-0085,14,Body,TRUE,659.37,698.96,39.59,38.5,47.45,39.59,,0,
VEH-0085,15,Body,FALSE,698.96,735.85,,37.3,,36.89,PASS,0,
VEH-0085,16,Paint,FALSE,735.85,773.28,,37.3,,37.43,,0,
VEH-0085,17,Paint,TRUE,773.28,815.89,42.61,42.2,,42.61,,0,
VEH-0085,18,Paint,FALSE,815.89,872.99,,51,,57.1,,0,
VEH-0085,19,Paint,TRUE,872.99,915.34,42.35,47.3,46.02,42.35,,0,
VEH-0085,20,Paint,TRUE,915.34,956.7,41.36,41.6,,41.36,,0,
VEH-0085,21,Paint,TRUE,956.7,1012.75,56.05,54.5,,56.05,,0,
VEH-0085,22,Paint,TRUE,1012.75,1047.18,34.43,35.6,,34.43,PASS,0,
VEH-0085,23,Final Assembly,TRUE,1047.18,1088.78,41.6,41.7,,41.6,,0,
VEH-0085,24,Final Assembly,TRUE,1088.78,1135.07,46.29,44.7,,46.29,,0,
VEH-0085,25,Final Assembly,TRUE,1135.07,1190.77,55.7,48.2,,55.7,,0,
VEH-0085,26,Final Assembly,TRUE,1190.77,1254.65,63.88,61.4,,63.88,PASS,0,
VEH-0085,27,Final Assembly,TRUE,1254.65,1291.04,36.39,38,44.36,36.39,,0,
VEH-0085,28,Final Assembly,FALSE,1291.04,1340.49,,50.6,,49.45,,0,
VEH-0085,29,Final Assembly,TRUE,1340.49,1389.36,48.87,53.7,44.5,48.87,,0,
VEH-0085,30,Final Assembly,TRUE,1389.36,1422.43,33.07,31.9,,33.07,,0,
VEH-0085,31,Final Assembly,TRUE,1422.43,1473.28,50.85,54.3,,50.85,,0,
VEH-0085,32,Final Assembly,TRUE,1473.28,1512.01,38.73,36.8,,38.73,PASS,0,
VEH-0085,33,Final Assembly,TRUE,1512.01,1545.41,33.4,32.6,43.9,33.4,,0,
VEH-0085,34,Final Assembly,TRUE,1545.41,1612.93,67.52,68,,67.52,,0,
VEH-0085,35,Final Assembly,TRUE,1612.93,1687.01,74.08,68.6,,74.08,,0,
VEH-0085,36,Final Assembly,TRUE,1687.01,1751.6,64.59,62.3,45.01,64.59,,0,
VEH-0085,37,Final Assembly,TRUE,1751.6,1793.3,41.7,42.2,,41.7,,0,
VEH-0085,38,Final Assembly,TRUE,1793.3,1827.33,34.03,33.9,,34.03,,0,
VEH-0085,39,Final Assembly,FALSE,1827.33,1883.26,,57.4,,55.93,,0,
VEH-0085,40,Final Assembly,TRUE,1883.26,1925.85,42.59,47.6,,42.59,,0,
VEH-0086,1,Body,FALSE,0,49.59,,45,,49.59,,0,
VEH-0086,2,Body,FALSE,49.59,118.38,,68,,68.79,,0,
VEH-0086,3,Body,FALSE,118.38,180.35,,59.3,,61.97,,0,
VEH-0086,4,Body,TRUE,180.35,232.98,52.63,53.9,,52.63,,0,
VEH-0086,5,Body,TRUE,232.98,269.23,36.25,36.2,,36.25,PASS,0,
VEH-0086,6,Body,FALSE,269.23,304.96,,36.2,,35.73,,0,
VEH-0086,7,Body,FALSE,304.96,334.66,,32.3,,29.7,,0,
VEH-0086,8,Body,FALSE,334.66,402.22,,64.6,,67.56,,0,
VEH-0086,9,Body,FALSE,402.22,461.77,,54,,59.55,PASS,0,
VEH-0086,10,Body,TRUE,461.77,517.52,55.75,58.3,,55.75,,0,
VEH-0086,11,Body,TRUE,517.52,549.8,32.28,30.8,,32.28,PASS,0,
VEH-0086,12,Body,TRUE,549.8,615.7,65.9,68.8,,65.9,,0,
VEH-0086,13,Body,TRUE,615.7,679.42,63.72,63.3,47.26,63.72,PASS,0,
VEH-0086,14,Body,TRUE,679.42,716.92,37.5,38.5,44.98,37.5,,0,
VEH-0086,15,Body,FALSE,716.92,750.87,,37.3,,33.95,PASS,0,
VEH-0086,16,Paint,FALSE,750.87,786.93,,37.3,,36.06,,0,
VEH-0086,17,Paint,TRUE,786.93,825.11,38.18,42.2,,38.18,,0,
VEH-0086,18,Paint,FALSE,825.11,877.2,,51,,52.09,,0,
VEH-0086,19,Paint,TRUE,877.2,926.46,49.26,47.3,44.67,49.26,,0,
VEH-0086,20,Paint,TRUE,926.46,968.65,42.19,41.6,,42.19,,0,
VEH-0086,21,Paint,TRUE,968.65,1022.26,53.61,54.5,,53.61,,0,
VEH-0086,22,Paint,TRUE,1022.26,1059.18,36.92,35.6,,36.92,PASS,0,
VEH-0086,23,Final Assembly,TRUE,1059.18,1101.15,41.97,41.7,,41.97,,0,
VEH-0086,24,Final Assembly,TRUE,1101.15,1141.4,40.25,44.7,,40.25,,0,
VEH-0086,25,Final Assembly,TRUE,1141.4,1191.87,50.47,48.2,,50.47,,0,
VEH-0086,26,Final Assembly,TRUE,1191.87,1252.07,60.2,61.4,,60.2,PASS,0,
VEH-0086,27,Final Assembly,TRUE,1252.07,1287.66,35.59,38,44.34,35.59,,0,
VEH-0086,28,Final Assembly,FALSE,1287.66,1333.45,,50.6,,45.79,,0,
VEH-0086,29,Final Assembly,TRUE,1333.45,1383.79,50.34,53.7,45.21,50.34,,0,
VEH-0086,30,Final Assembly,TRUE,1383.79,1416.05,32.26,31.9,,32.26,,0,
VEH-0086,31,Final Assembly,TRUE,1416.05,1471.18,55.13,54.3,,55.13,,0,
VEH-0086,32,Final Assembly,TRUE,1471.18,1507.99,36.81,36.8,,36.81,PASS,0,
VEH-0086,33,Final Assembly,TRUE,1507.99,1539.46,31.47,32.6,44.92,31.47,,0,
VEH-0086,34,Final Assembly,TRUE,1539.46,1605.97,66.51,68,,66.51,,0,
VEH-0086,35,Final Assembly,TRUE,1605.97,1668.99,63.02,68.6,,63.02,,0,
VEH-0086,36,Final Assembly,TRUE,1668.99,1728.88,59.89,62.3,46.33,59.89,,0,
VEH-0086,37,Final Assembly,TRUE,1728.88,1774.43,45.55,42.2,,45.55,,0,
VEH-0086,38,Final Assembly,TRUE,1774.43,1809.44,35.01,33.9,,35.01,,0,
VEH-0086,39,Final Assembly,FALSE,1809.44,1871.27,,57.4,,61.83,,0,
VEH-0086,40,Final Assembly,TRUE,1871.27,1919.07,47.8,47.6,,47.8,,0,
VEH-0087,1,Body,FALSE,0,40.9,,45,,40.9,,0,
VEH-0087,2,Body,FALSE,40.9,106.5,,68,,65.6,,0,
VEH-0087,3,Body,FALSE,106.5,161.68,,59.3,,55.18,,0,
VEH-0087,4,Body,TRUE,161.68,220.18,58.5,53.9,,58.5,,0,
VEH-0087,5,Body,TRUE,220.18,256.17,35.99,36.2,,35.99,PASS,0,
VEH-0087,6,Body,FALSE,256.17,291.74,,36.2,,35.57,,0,
VEH-0087,7,Body,FALSE,291.74,325.47,,32.3,,33.73,,0,
VEH-0087,8,Body,FALSE,325.47,386.45,,64.6,,60.98,,0,
VEH-0087,9,Body,FALSE,386.45,438.38,,54,,51.93,PASS,0,
VEH-0087,10,Body,TRUE,438.38,496.88,58.5,58.3,,58.5,,0,
VEH-0087,11,Body,TRUE,496.88,529.26,32.38,30.8,,32.38,PASS,0,
VEH-0087,12,Body,TRUE,529.26,599.79,70.53,68.8,,70.53,,0,
VEH-0087,13,Body,TRUE,599.79,663.88,64.09,63.3,45.12,64.09,PASS,0,
VEH-0087,14,Body,TRUE,663.88,703.15,39.27,38.5,45.3,39.27,,0,
VEH-0087,15,Body,FALSE,703.15,738.53,,37.3,,35.38,PASS,0,
VEH-0087,16,Paint,FALSE,738.53,775.92,,37.3,,37.39,,0,
VEH-0087,17,Paint,TRUE,775.92,815.85,39.93,42.2,,39.93,,0,
VEH-0087,18,Paint,FALSE,815.85,867.06,,51,,51.21,,0,
VEH-0087,19,Paint,TRUE,867.06,913.23,46.17,47.3,48.81,46.17,,0,
VEH-0087,20,Paint,TRUE,913.23,954.75,41.52,41.6,,41.52,,0,
VEH-0087,21,Paint,TRUE,954.75,1005.42,50.67,54.5,,50.67,,0,
VEH-0087,22,Paint,TRUE,1005.42,1040.78,35.36,35.6,,35.36,PASS,0,
VEH-0087,23,Final Assembly,TRUE,1040.78,1083.57,42.79,41.7,,42.79,,0,
VEH-0087,24,Final Assembly,TRUE,1083.57,1132.02,48.45,44.7,,48.45,,0,
VEH-0087,25,Final Assembly,TRUE,1132.02,1178.8,46.78,48.2,,46.78,,0,
VEH-0087,26,Final Assembly,TRUE,1178.8,1235.34,56.54,61.4,,56.54,PASS,0,
VEH-0087,27,Final Assembly,TRUE,1235.34,1274.89,39.55,38,42.93,39.55,,0,
VEH-0087,28,Final Assembly,FALSE,1274.89,1324.39,,50.6,,49.5,,0,
VEH-0087,29,Final Assembly,TRUE,1324.39,1377.4,53.01,53.7,44.9,53.01,,0,
VEH-0087,30,Final Assembly,TRUE,1377.4,1410.4,33,31.9,,33,,0,
VEH-0087,31,Final Assembly,TRUE,1410.4,1462.85,52.45,54.3,,52.45,,0,
VEH-0087,32,Final Assembly,TRUE,1462.85,1499.15,36.3,36.8,,36.3,PASS,0,
VEH-0087,33,Final Assembly,TRUE,1499.15,1531.73,32.58,32.6,45.22,32.58,,0,
VEH-0087,34,Final Assembly,TRUE,1531.73,1600.06,68.33,68,,68.33,,0,
VEH-0087,35,Final Assembly,TRUE,1600.06,1670.16,70.1,68.6,,70.1,,0,
VEH-0087,36,Final Assembly,TRUE,1670.16,1735.09,64.93,62.3,45.59,64.93,,0,
VEH-0087,37,Final Assembly,TRUE,1735.09,1778.25,43.16,42.2,,43.16,,0,
VEH-0087,38,Final Assembly,TRUE,1778.25,1809.46,31.21,33.9,,31.21,,0,
VEH-0087,39,Final Assembly,FALSE,1809.46,1867,,57.4,,57.54,,0,
VEH-0087,40,Final Assembly,TRUE,1867,1915.74,48.74,47.6,,48.74,,0,
VEH-0088,1,Body,FALSE,0,46.64,,45,,46.64,,0,
VEH-0088,2,Body,FALSE,46.64,117.35,,68,,70.71,,0,
VEH-0088,3,Body,FALSE,117.35,173.17,,59.3,,55.82,,0,
VEH-0088,4,Body,TRUE,173.17,226.79,53.62,53.9,,53.62,,0,
VEH-0088,5,Body,TRUE,226.79,264.78,37.99,36.2,,37.99,PASS,0,
VEH-0088,6,Body,FALSE,264.78,298.77,,36.2,,33.99,,0,
VEH-0088,7,Body,FALSE,298.77,331.75,,32.3,,32.98,,0,
VEH-0088,8,Body,FALSE,331.75,396.22,,64.6,,64.47,,0,
VEH-0088,9,Body,FALSE,396.22,445.48,,54,,49.26,PASS,0,
VEH-0088,10,Body,TRUE,445.48,504.13,58.65,58.3,,58.65,,0,
VEH-0088,11,Body,TRUE,504.13,533.64,29.51,30.8,,29.51,PASS,0,
VEH-0088,12,Body,TRUE,533.64,598.42,64.78,68.8,,64.78,,0,
VEH-0088,13,Body,TRUE,598.42,661.75,63.33,63.3,42.1,63.33,PASS,0,
VEH-0088,14,Body,TRUE,661.75,698.95,37.2,38.5,48.83,37.2,,0,
VEH-0088,15,Body,FALSE,698.95,737.46,,37.3,,38.51,PASS,0,
VEH-0088,16,Paint,FALSE,737.46,773.12,,37.3,,35.66,,0,
VEH-0088,17,Paint,TRUE,773.12,818.28,45.16,42.2,,45.16,,0,
VEH-0088,18,Paint,FALSE,818.28,866.75,,51,,48.47,,0,
VEH-0088,19,Paint,TRUE,866.75,912.74,45.99,47.3,43.28,45.99,,0,
VEH-0088,20,Paint,TRUE,912.74,954.87,42.13,41.6,,42.13,,0,
VEH-0088,21,Paint,TRUE,954.87,1013.11,58.24,54.5,,58.24,,0,
VEH-0088,22,Paint,TRUE,1013.11,1046.93,33.82,35.6,,33.82,PASS,0,
VEH-0088,23,Final Assembly,TRUE,1046.93,1084.32,37.39,41.7,,37.39,,0,
VEH-0088,24,Final Assembly,TRUE,1084.32,1131.46,47.14,44.7,,47.14,,0,
VEH-0088,25,Final Assembly,TRUE,1131.46,1183.4,51.94,48.2,,51.94,,0,
VEH-0088,26,Final Assembly,TRUE,1183.4,1238.68,55.28,61.4,,55.28,PASS,0,
VEH-0088,27,Final Assembly,TRUE,1238.68,1277.55,38.87,38,45.34,38.87,,0,
VEH-0088,28,Final Assembly,FALSE,1277.55,1326.16,,50.6,,48.61,,0,
VEH-0088,29,Final Assembly,TRUE,1326.16,1376.11,49.95,53.7,46.49,49.95,,0,
VEH-0088,30,Final Assembly,TRUE,1376.11,1408.29,32.18,31.9,,32.18,,0,
VEH-0088,31,Final Assembly,TRUE,1408.29,1463.28,54.99,54.3,,54.99,,0,
VEH-0088,32,Final Assembly,TRUE,1463.28,1498.94,35.66,36.8,,35.66,PASS,0,
VEH-0088,33,Final Assembly,TRUE,1498.94,1530.23,31.29,32.6,41.32,31.29,,0,
VEH-0088,34,Final Assembly,TRUE,1530.23,1597.45,67.22,68,,67.22,,0,
VEH-0088,35,Final Assembly,TRUE,1597.45,1670.99,73.54,68.6,,73.54,,0,
VEH-0088,36,Final Assembly,TRUE,1670.99,1730.51,59.52,62.3,42.72,59.52,,0,
VEH-0088,37,Final Assembly,TRUE,1730.51,1773.63,43.12,42.2,,43.12,,0,
VEH-0088,38,Final Assembly,TRUE,1773.63,1808.58,34.95,33.9,,34.95,,0,
VEH-0088,39,Final Assembly,FALSE,1808.58,1864.3,,57.4,,55.72,,0,
VEH-0088,40,Final Assembly,TRUE,1864.3,1911.07,46.77,47.6,,46.77,,0,
VEH-0089,1,Body,FALSE,0,45.65,,45,,45.65,,0,
VEH-0089,2,Body,FALSE,45.65,111.93,,68,,66.28,,0,
VEH-0089,3,Body,FALSE,111.93,169.71,,59.3,,57.78,,0,
VEH-0089,4,Body,TRUE,169.71,220.37,50.66,53.9,,50.66,,0,
VEH-0089,5,Body,TRUE,220.37,259.8,39.43,36.2,,39.43,PASS,0,
VEH-0089,6,Body,FALSE,259.8,296.02,,36.2,,36.22,,0,
VEH-0089,7,Body,FALSE,296.02,327.96,,32.3,,31.94,,0,
VEH-0089,8,Body,FALSE,327.96,389.56,,64.6,,61.6,,0,
VEH-0089,9,Body,FALSE,389.56,451.49,,54,,61.93,PASS,0,
VEH-0089,10,Body,TRUE,451.49,506.66,55.17,58.3,,55.17,,0,
VEH-0089,11,Body,TRUE,506.66,536.8,30.14,30.8,,30.14,PASS,0,
VEH-0089,12,Body,TRUE,536.8,607.03,70.23,68.8,,70.23,,0,
VEH-0089,13,Body,TRUE,607.03,672.23,65.2,63.3,46.44,65.2,PASS,0,
VEH-0089,14,Body,TRUE,672.23,714.22,41.99,38.5,45.76,41.99,,0,
VEH-0089,15,Body,FALSE,714.22,749.56,,37.3,,35.34,PASS,0,
VEH-0089,16,Paint,FALSE,749.56,786.38,,37.3,,36.82,,0,
VEH-0089,17,Paint,TRUE,786.38,829.23,42.85,42.2,,42.85,,0,
VEH-0089,18,Paint,FALSE,829.23,885.5,,51,,56.27,,0,
VEH-0089,19,Paint,TRUE,885.5,929.5,44,47.3,46.8,44,,0,
VEH-0089,20,Paint,TRUE,929.5,971.47,41.97,41.6,,41.97,,0,
VEH-0089,21,Paint,TRUE,971.47,1028.26,56.79,54.5,,56.79,,0,
VEH-0089,22,Paint,TRUE,1028.26,1063.68,35.42,35.6,,35.42,PASS,0,
VEH-0089,23,Final Assembly,TRUE,1063.68,1103.62,39.94,41.7,,39.94,,0,
VEH-0089,24,Final Assembly,TRUE,1103.62,1150,46.38,44.7,,46.38,,0,
VEH-0089,25,Final Assembly,TRUE,1150,1199.78,49.78,48.2,,49.78,,0,
VEH-0089,26,Final Assembly,TRUE,1199.78,1264.16,64.38,61.4,,64.38,PASS,0,
VEH-0089,27,Final Assembly,TRUE,1264.16,1302.13,37.97,38,44.1,37.97,,0,
VEH-0089,28,Final Assembly,FALSE,1302.13,1348.79,,50.6,,46.66,,0,
VEH-0089,29,Final Assembly,TRUE,1348.79,1404.69,55.9,53.7,45.64,55.9,,0,
VEH-0089,30,Final Assembly,TRUE,1404.69,1435.05,30.36,31.9,,30.36,,0,
VEH-0089,31,Final Assembly,TRUE,1435.05,1487.89,52.84,54.3,,52.84,,0,
VEH-0089,32,Final Assembly,TRUE,1487.89,1523.83,35.94,36.8,,35.94,PASS,0,
VEH-0089,33,Final Assembly,TRUE,1523.83,1554.01,30.18,32.6,43.77,30.18,,0,
VEH-0089,34,Final Assembly,TRUE,1554.01,1618.15,64.14,68,,64.14,,0,
VEH-0089,35,Final Assembly,TRUE,1618.15,1685.34,67.19,68.6,,67.19,,0,
VEH-0089,36,Final Assembly,TRUE,1685.34,1745.34,60,62.3,42.56,60,,0,
VEH-0089,37,Final Assembly,TRUE,1745.34,1791.81,46.47,42.2,,46.47,,0,
VEH-0089,38,Final Assembly,TRUE,1791.81,1827.84,36.03,33.9,,36.03,,0,
VEH-0089,39,Final Assembly,FALSE,1827.84,1883,,57.4,,55.16,,0,
VEH-0089,40,Final Assembly,TRUE,1883,1931.25,48.25,47.6,,48.25,,0,
VEH-0090,1,Body,FALSE,0,45.94,,45,,45.94,,0,
VEH-0090,2,Body,FALSE,45.94,115.69,,68,,69.75,,0,
VEH-0090,3,Body,FALSE,115.69,173.87,,59.3,,58.18,,0,
VEH-0090,4,Body,TRUE,173.87,230.78,56.91,53.9,,56.91,,0,
VEH-0090,5,Body,TRUE,230.78,265,34.22,36.2,,34.22,PASS,0,
VEH-0090,6,Body,FALSE,265,302.3,,36.2,,37.3,,0,
VEH-0090,7,Body,FALSE,302.3,331.25,,32.3,,28.95,,0,
VEH-0090,8,Body,FALSE,331.25,398.04,,64.6,,66.79,,0,
VEH-0090,9,Body,FALSE,398.04,449.13,,54,,51.09,PASS,0,
VEH-0090,10,Body,TRUE,449.13,508.24,59.11,58.3,,59.11,,0,
VEH-0090,11,Body,TRUE,508.24,541.13,32.89,30.8,,32.89,PASS,0,
VEH-0090,12,Body,TRUE,541.13,612.76,71.63,68.8,,71.63,,0,
VEH-0090,13,Body,TRUE,612.76,679.94,67.18,63.3,46.68,67.18,PASS,0,
VEH-0090,14,Body,TRUE,679.94,717.43,37.49,38.5,45.9,37.49,,0,
VEH-0090,15,Body,FALSE,717.43,751.52,,37.3,,34.09,PASS,0,
VEH-0090,16,Paint,FALSE,751.52,787.54,,37.3,,36.02,,0,
VEH-0090,17,Paint,TRUE,787.54,832.68,45.14,42.2,,45.14,,0,
VEH-0090,18,Paint,FALSE,832.68,882.7,,51,,50.02,,0,
VEH-0090,19,Paint,TRUE,882.7,925.59,42.89,47.3,48.02,42.89,,0,
VEH-0090,20,Paint,TRUE,925.59,968.36,42.77,41.6,,42.77,,0,
VEH-0090,21,Paint,TRUE,968.36,1024.95,56.59,54.5,,56.59,,0,
VEH-0090,23,Final Assembly,TRUE,1058.8,1101.09,42.29,41.7,,42.29,,0,
VEH-0090,24,Final Assembly,TRUE,1101.09,1146.37,45.28,44.7,,45.28,,0,
VEH-0090,25,Final Assembly,TRUE,1146.37,1192.59,46.22,48.2,,46.22,,0,
VEH-0090,26,Final Assembly,TRUE,1192.59,1253.47,60.88,61.4,,60.88,PASS,0,
VEH-0090,27,Final Assembly,TRUE,1253.47,1288.62,35.15,38,44.48,35.15,,0,
VEH-0090,28,Final Assembly,FALSE,1288.62,1341.68,,50.6,,53.06,,0,
VEH-0090,29,Final Assembly,TRUE,1341.68,1393.37,51.69,53.7,47.86,51.69,,0,
VEH-0090,30,Final Assembly,TRUE,1393.37,1422.99,29.62,31.9,,29.62,,0,
VEH-0090,31,Final Assembly,TRUE,1422.99,1476.58,53.59,54.3,,53.59,,0,
VEH-0090,32,Final Assembly,TRUE,1476.58,1512.17,35.59,36.8,,35.59,PASS,0,
VEH-0090,33,Final Assembly,TRUE,1512.17,1544.48,32.31,32.6,47.06,32.31,,0,
VEH-0090,34,Final Assembly,TRUE,1544.48,1609.13,64.65,68,,64.65,,0,
VEH-0090,35,Final Assembly,TRUE,1609.13,1676.18,67.05,68.6,,67.05,,0,
VEH-0090,36,Final Assembly,TRUE,1676.18,1740.52,64.34,62.3,45.14,64.34,,0,
VEH-0090,37,Final Assembly,TRUE,1740.52,1783.09,42.57,42.2,,42.57,,0,
VEH-0090,38,Final Assembly,TRUE,1783.09,1815.35,32.26,33.9,,32.26,,0,
VEH-0090,39,Final Assembly,FALSE,1815.35,1872.54,,57.4,,57.19,,0,
VEH-0090,40,Final Assembly,TRUE,1872.54,1922.83,50.29,47.6,,50.29,,0,
VEH-0091,1,Body,FALSE,0,43.26,,45,,43.26,,0,
VEH-0091,2,Body,FALSE,43.26,109.57,,68,,66.31,,0,
VEH-0091,3,Body,FALSE,109.57,167.35,,59.3,,57.78,,0,
VEH-0091,4,Body,TRUE,167.35,219.09,51.74,53.9,,51.74,,0,
VEH-0091,5,Body,TRUE,219.09,254.66,35.57,36.2,,35.57,PASS,0,
VEH-0091,6,Body,FALSE,254.66,292.26,,36.2,,37.6,,0,
VEH-0091,7,Body,FALSE,292.26,322.86,,32.3,,30.6,,0,
VEH-0091,8,Body,FALSE,322.86,388.84,,64.6,,65.98,,0,
VEH-0091,9,Body,FALSE,388.84,438.24,,54,,49.4,PASS,0,
VEH-0091,10,Body,TRUE,438.24,494.9,56.66,58.3,,56.66,,0,
VEH-0091,11,Body,TRUE,494.9,525.19,30.29,30.8,,30.29,PASS,0,
VEH-0091,12,Body,TRUE,525.19,599.75,74.56,68.8,,74.56,,0,
VEH-0091,13,Body,TRUE,599.75,662.18,62.43,63.3,41.7,62.43,PASS,0,
VEH-0091,14,Body,TRUE,662.18,696.82,34.64,38.5,45.05,34.64,,0,
VEH-0091,15,Body,FALSE,696.82,735.26,,37.3,,38.44,PASS,0,
VEH-0091,16,Paint,FALSE,735.26,773.26,,37.3,,38,,0,
VEH-0091,17,Paint,TRUE,773.26,815.81,42.55,42.2,,42.55,,0,
VEH-0091,18,Paint,FALSE,815.81,869.77,,51,,53.96,,0,
VEH-0091,19,Paint,TRUE,869.77,915.8,46.03,47.3,46.34,46.03,,0,
VEH-0091,20,Paint,TRUE,915.8,954.01,38.21,41.6,,38.21,,0,
VEH-0091,21,Paint,TRUE,954.01,1006.04,52.03,54.5,,52.03,,0,
VEH-0091,22,Paint,TRUE,1006.04,1038.42,32.38,35.6,,32.38,PASS,0,
VEH-0091,23,Final Assembly,TRUE,1038.42,1079.55,41.13,41.7,,41.13,,0,
VEH-0091,24,Final Assembly,TRUE,1079.55,1124.15,44.6,44.7,,44.6,,0,
VEH-0091,25,Final Assembly,TRUE,1124.15,1172.62,48.47,48.2,,48.47,,0,
VEH-0091,26,Final Assembly,TRUE,1172.62,1234.21,61.59,61.4,,61.59,PASS,0,
VEH-0091,27,Final Assembly,TRUE,1234.21,1270.45,36.24,38,44.71,36.24,,0,
VEH-0091,28,Final Assembly,FALSE,1270.45,1317.26,,50.6,,46.81,,0,
VEH-0091,29,Final Assembly,TRUE,1317.26,1374.63,57.37,53.7,44.54,57.37,,0,
VEH-0091,30,Final Assembly,TRUE,1374.63,1405.75,31.12,31.9,,31.12,,0,
VEH-0091,31,Final Assembly,TRUE,1405.75,1464.36,58.61,54.3,,58.61,,0,
VEH-0091,32,Final Assembly,TRUE,1464.36,1498.87,34.51,36.8,,34.51,PASS,0,
VEH-0091,33,Final Assembly,TRUE,1498.87,1529.64,30.77,32.6,43.36,30.77,,0,
VEH-0091,34,Final Assembly,TRUE,1529.64,1597.41,67.77,68,,67.77,,0,
VEH-0091,35,Final Assembly,TRUE,1597.41,1667.49,70.08,68.6,,70.08,,0,
VEH-0091,36,Final Assembly,TRUE,1667.49,1732.1,64.61,62.3,48.86,64.61,,0,
VEH-0091,37,Final Assembly,TRUE,1732.1,1769.55,37.45,42.2,,37.45,,0,
VEH-0091,38,Final Assembly,TRUE,1769.55,1804.48,34.93,33.9,,34.93,,0,
VEH-0091,39,Final Assembly,FALSE,1804.48,1860.28,,57.4,,55.8,,0,
VEH-0091,40,Final Assembly,TRUE,1860.28,1906.48,46.2,47.6,,46.2,,0,
VEH-0092,1,Body,FALSE,0,43.61,,45,,43.61,,0,
VEH-0092,2,Body,FALSE,43.61,110.4,,68,,66.79,,0,
VEH-0092,3,Body,FALSE,110.4,165.85,,59.3,,55.45,,0,
VEH-0092,4,Body,TRUE,165.85,225.63,59.78,53.9,,59.78,,0,
VEH-0092,5,Body,TRUE,225.63,259.79,34.16,36.2,,34.16,PASS,0,
VEH-0092,6,Body,FALSE,259.79,297.97,,36.2,,38.18,,0,
VEH-0092,7,Body,FALSE,297.97,327.89,,32.3,,29.92,,0,
VEH-0092,8,Body,FALSE,327.89,393.96,,64.6,,66.07,,0,
VEH-0092,9,Body,FALSE,393.96,447.28,,54,,53.32,PASS,0,
VEH-0092,10,Body,TRUE,447.28,503.74,56.46,58.3,,56.46,,0,
VEH-0092,11,Body,TRUE,503.74,534.84,31.1,30.8,,31.1,PASS,0,
VEH-0092,12,Body,TRUE,534.84,603.85,69.01,68.8,,69.01,,0,
VEH-0092,13,Body,TRUE,603.85,664.57,60.72,63.3,43.71,60.72,PASS,0,
VEH-0092,14,Body,TRUE,664.57,700.03,35.46,38.5,45.46,35.46,,0,
VEH-0092,15,Body,FALSE,700.03,735,,37.3,,34.97,PASS,0,
VEH-0092,16,Paint,FALSE,735,772.31,,37.3,,37.31,,0,
VEH-0092,17,Paint,TRUE,772.31,815.76,43.45,42.2,,43.45,,0,
VEH-0092,18,Paint,FALSE,815.76,867.29,,51,,51.53,,0,
VEH-0092,19,Paint,TRUE,867.29,912.88,45.59,47.3,46.36,45.59,,0,
VEH-0092,20,Paint,TRUE,912.88,953.63,40.75,41.6,,40.75,,0,
VEH-0092,21,Paint,TRUE,953.63,1004.49,50.86,54.5,,50.86,,0,
VEH-0092,22,Paint,TRUE,1004.49,1039.58,35.09,35.6,,35.09,PASS,0,
VEH-0092,23,Final Assembly,TRUE,1039.58,1082.51,42.93,41.7,,42.93,,0,
VEH-0092,24,Final Assembly,TRUE,1082.51,1125.7,43.19,44.7,,43.19,,0,
VEH-0092,25,Final Assembly,TRUE,1125.7,1176.02,50.32,48.2,,50.32,,0,
VEH-0092,26,Final Assembly,TRUE,1176.02,1235.06,59.04,61.4,,59.04,PASS,0,
VEH-0092,27,Final Assembly,TRUE,1235.06,1271.85,36.79,38,43.43,36.79,,0,
VEH-0092,28,Final Assembly,FALSE,1271.85,1324.18,,50.6,,52.33,,0,
VEH-0092,29,Final Assembly,TRUE,1324.18,1377.74,53.56,53.7,43.53,53.56,,0,
VEH-0092,30,Final Assembly,TRUE,1377.74,1409.01,31.27,31.9,,31.27,,0,
VEH-0092,31,Final Assembly,TRUE,1409.01,1454.99,45.98,54.3,,45.98,,0,
VEH-0092,32,Final Assembly,TRUE,1454.99,1493.22,38.23,36.8,,38.23,PASS,0,
VEH-0092,33,Final Assembly,TRUE,1493.22,1525.54,32.32,32.6,41.39,32.32,,0,
VEH-0092,34,Final Assembly,TRUE,1525.54,1588.59,63.05,68,,63.05,,0,
VEH-0092,35,Final Assembly,TRUE,1588.59,1655.74,67.15,68.6,,67.15,,0,
VEH-0092,36,Final Assembly,TRUE,1655.74,1713.94,58.2,62.3,46.19,58.2,,0,
VEH-0092,37,Final Assembly,TRUE,1713.94,1757.02,43.08,42.2,,43.08,,0,
VEH-0092,38,Final Assembly,TRUE,1757.02,1791.53,34.51,33.9,,34.51,,0,
VEH-0092,39,Final Assembly,FALSE,1791.53,1841.46,,57.4,,49.93,,0,
VEH-0092,40,Final Assembly,TRUE,1841.46,1887.81,46.35,47.6,,46.35,,0,
VEH-0093,1,Body,FALSE,0,48.84,,45,,48.84,,0,
VEH-0093,2,Body,FALSE,48.84,113.07,,68,,64.23,,0,
VEH-0093,3,Body,FALSE,113.07,175.26,,59.3,,62.19,,0,
VEH-0093,4,Body,TRUE,175.26,232.94,57.68,53.9,,57.68,,0,
VEH-0093,5,Body,TRUE,232.94,268,35.06,36.2,,35.06,PASS,0,
VEH-0093,6,Body,FALSE,268,303.7,,36.2,,35.7,,0,
VEH-0093,7,Body,FALSE,303.7,334.33,,32.3,,30.63,,0,
VEH-0093,8,Body,FALSE,334.33,398.27,,64.6,,63.94,,0,
VEH-0093,9,Body,FALSE,398.27,452.17,,54,,53.9,PASS,0,
VEH-0093,10,Body,TRUE,452.17,512.4,60.23,58.3,,60.23,,0,
VEH-0093,11,Body,TRUE,512.4,544.88,32.48,30.8,,32.48,PASS,0,
VEH-0093,12,Body,TRUE,544.88,611.11,66.23,68.8,,66.23,,0,
VEH-0093,13,Body,TRUE,611.11,668.17,57.06,63.3,44.97,57.06,PASS,0,
VEH-0093,14,Body,TRUE,668.17,707.24,39.07,38.5,45.37,39.07,,0,
VEH-0093,15,Body,FALSE,707.24,743.93,,37.3,,36.69,PASS,0,
VEH-0093,16,Paint,FALSE,743.93,781.46,,37.3,,37.53,,0,
VEH-0093,17,Paint,TRUE,781.46,826.86,45.4,42.2,,45.4,,0,
VEH-0093,18,Paint,FALSE,826.86,878.83,,51,,51.97,,0,
VEH-0093,19,Paint,TRUE,878.83,925.25,46.42,47.3,44.25,46.42,,0,
VEH-0093,20,Paint,TRUE,925.25,966.5,41.25,41.6,,41.25,,0,
VEH-0093,21,Paint,TRUE,966.5,1025.47,58.97,54.5,,58.97,,0,
VEH-0093,22,Paint,TRUE,1025.47,1060.74,35.27,35.6,,35.27,PASS,0,
VEH-0093,23,Final Assembly,TRUE,1060.74,1102.4,41.66,41.7,,41.66,,0,
VEH-0093,24,Final Assembly,TRUE,1102.4,1146.02,43.62,44.7,,43.62,,0,
VEH-0093,25,Final Assembly,TRUE,1146.02,1196.87,50.85,48.2,,50.85,,0,
VEH-0093,26,Final Assembly,TRUE,1196.87,1264.29,67.42,61.4,,67.42,PASS,0,
VEH-0093,27,Final Assembly,TRUE,1264.29,1303.15,38.86,38,45.12,38.86,,0,
VEH-0093,28,Final Assembly,FALSE,1303.15,1353.84,,50.6,,50.69,,0,
VEH-0093,29,Final Assembly,TRUE,1353.84,1401.13,47.29,53.7,46.12,47.29,,0,
VEH-0093,30,Final Assembly,TRUE,1401.13,1433.24,32.11,31.9,,32.11,,0,
VEH-0093,31,Final Assembly,TRUE,1433.24,1488.7,55.46,54.3,,55.46,,0,
VEH-0093,32,Final Assembly,TRUE,1488.7,1524.19,35.49,36.8,,35.49,PASS,0,
VEH-0093,33,Final Assembly,TRUE,1524.19,1556.16,31.97,32.6,44.38,31.97,,0,
VEH-0093,34,Final Assembly,TRUE,1556.16,1627.63,71.47,68,,71.47,,0,
VEH-0093,35,Final Assembly,TRUE,1627.63,1694.93,67.3,68.6,,67.3,,0,
VEH-0093,36,Final Assembly,TRUE,1694.93,1763.73,68.8,62.3,45.65,68.8,,0,
VEH-0093,37,Final Assembly,TRUE,1763.73,1803.24,39.51,42.2,,39.51,,0,
VEH-0093,38,Final Assembly,TRUE,1803.24,1836.92,33.68,33.9,,33.68,,0,
VEH-0093,39,Final Assembly,FALSE,1836.92,1892.45,,57.4,,55.53,,0,
VEH-0093,40,Final Assembly,TRUE,1892.45,1934.83,42.38,47.6,,42.38,,0,
VEH-0094,1,Body,FALSE,0,48.6,,45,,48.6,,0,
VEH-0094,2,Body,FALSE,48.6,113.92,,68,,65.32,,0,
VEH-0094,3,Body,FALSE,113.92,170.9,,59.3,,56.98,,0,
VEH-0094,4,Body,TRUE,170.9,229.66,58.76,53.9,,58.76,,0,
VEH-0094,5,Body,TRUE,229.66,267.41,37.75,36.2,,37.75,PASS,0,
VEH-0094,6,Body,FALSE,267.41,303.15,,36.2,,35.74,,0,
VEH-0094,7,Body,FALSE,303.15,336.53,,32.3,,33.38,,0,
VEH-0094,8,Body,FALSE,336.53,399.77,,64.6,,63.24,,0,
VEH-0094,9,Body,FALSE,399.77,454.07,,54,,54.3,PASS,0,
VEH-0094,10,Body,TRUE,454.07,513.66,59.59,58.3,,59.59,,0,
VEH-0094,11,Body,TRUE,513.66,543.82,30.16,30.8,,30.16,PASS,0,
VEH-0094,12,Body,TRUE,543.82,610.26,66.44,68.8,,66.44,,0,
VEH-0094,13,Body,TRUE,610.26,677.44,67.18,63.3,45.92,67.18,PASS,0,
VEH-0094,14,Body,TRUE,677.44,711.59,34.15,38.5,44,34.15,,0,
VEH-0094,15,Body,FALSE,711.59,747.44,,37.3,,35.85,PASS,0,
VEH-0094,16,Paint,FALSE,747.44,783.58,,37.3,,36.14,,0,
VEH-0094,17,Paint,TRUE,783.58,827.6,44.02,42.2,,44.02,,0,
VEH-0094,18,Paint,FALSE,827.6,878.65,,51,,51.05,,0,
VEH-0094,19,Paint,TRUE,878.65,922.67,44.02,47.3,44.43,44.02,,0,
VEH-0094,20,Paint,TRUE,922.67,965.4,42.73,41.6,,42.73,,0,
VEH-0094,21,Paint,TRUE,965.4,1019.3,53.9,54.5,,53.9,,0,
VEH-0094,22,Paint,TRUE,1019.3,1053.75,34.45,35.6,,34.45,PASS,0,
VEH-0094,23,Final Assembly,TRUE,1053.75,1096.14,42.39,41.7,,42.39,,0,
VEH-0094,24,Final Assembly,TRUE,1096.14,1144.46,48.32,44.7,,48.32,,0,
VEH-0094,25,Final Assembly,TRUE,1144.46,1193.77,49.31,48.2,,49.31,,0,
VEH-0094,26,Final Assembly,TRUE,1193.77,1259.16,65.39,61.4,,65.39,PASS,0,
VEH-0094,27,Final Assembly,TRUE,1259.16,1296.06,36.9,38,44.99,36.9,,0,
VEH-0094,28,Final Assembly,FALSE,1296.06,1346.59,,50.6,,50.53,,0,
VEH-0094,29,Final Assembly,TRUE,1346.59,1400.61,54.02,53.7,45.66,54.02,,0,
VEH-0094,30,Final Assembly,TRUE,1400.61,1431.05,30.44,31.9,,30.44,,0,
VEH-0094,31,Final Assembly,TRUE,1431.05,1487.1,56.05,54.3,,56.05,,0,
VEH-0094,32,Final Assembly,TRUE,1487.1,1520.9,33.8,36.8,,33.8,PASS,0,
VEH-0094,33,Final Assembly,TRUE,1520.9,1551.32,30.42,32.6,48.2,30.42,,0,
VEH-0094,34,Final Assembly,TRUE,1551.32,1617.59,66.27,68,,66.27,,0,
VEH-0094,35,Final Assembly,TRUE,1617.59,1688.69,71.1,68.6,,71.1,,0,
VEH-0094,36,Final Assembly,TRUE,1688.69,1756.29,67.6,62.3,41.53,67.6,,0,
VEH-0094,37,Final Assembly,TRUE,1756.29,1800.87,44.58,42.2,,44.58,,0,
VEH-0094,38,Final Assembly,TRUE,1800.87,1835.87,35,33.9,,35,,0,
VEH-0094,39,Final Assembly,FALSE,1835.87,1897.98,,57.4,,62.11,,0,
VEH-0094,40,Final Assembly,TRUE,1897.98,1942.77,44.79,47.6,,44.79,,0,
VEH-0095,1,Body,FALSE,0,45.07,,45,,45.07,,0,
VEH-0095,2,Body,FALSE,45.07,115.42,,68,,70.35,,0,
VEH-0095,3,Body,FALSE,115.42,177.94,,59.3,,62.52,,0,
VEH-0095,4,Body,TRUE,177.94,233.71,55.77,53.9,,55.77,,0,
VEH-0095,5,Body,TRUE,233.71,270.4,36.69,36.2,,36.69,PASS,0,
VEH-0095,6,Body,FALSE,270.4,304.79,,36.2,,34.39,,0,
VEH-0095,7,Body,FALSE,304.79,337.09,,32.3,,32.3,,0,
VEH-0095,8,Body,FALSE,337.09,399.97,,64.6,,62.88,,0,
VEH-0095,9,Body,FALSE,399.97,453.04,,54,,53.07,PASS,0,
VEH-0095,10,Body,TRUE,453.04,510.25,57.21,58.3,,57.21,,0,
VEH-0095,11,Body,TRUE,510.25,539.54,29.29,30.8,,29.29,PASS,0,
VEH-0095,12,Body,TRUE,539.54,601.61,62.07,68.8,,62.07,,0,
VEH-0095,13,Body,TRUE,601.61,662.79,61.18,63.3,45.29,61.18,PASS,0,
VEH-0095,14,Body,TRUE,662.79,698.69,35.9,38.5,45.02,35.9,,0,
VEH-0095,15,Body,FALSE,698.69,739.52,,37.3,,40.83,PASS,0,
VEH-0095,16,Paint,FALSE,739.52,778.72,,37.3,,39.2,,0,
VEH-0095,17,Paint,TRUE,778.72,824.39,45.67,42.2,,45.67,,0,
VEH-0095,18,Paint,FALSE,824.39,876.39,,51,,52,,0,
VEH-0095,19,Paint,TRUE,876.39,926.45,50.06,47.3,43.91,50.06,,0,
VEH-0095,20,Paint,TRUE,926.45,966.71,40.26,41.6,,40.26,,0,
VEH-0095,21,Paint,TRUE,966.71,1013.73,47.02,54.5,,47.02,,0,
VEH-0095,22,Paint,TRUE,1013.73,1051.44,37.71,35.6,,37.71,PASS,0,
VEH-0095,23,Final Assembly,TRUE,1051.44,1096.36,44.92,41.7,,44.92,,0,
VEH-0095,24,Final Assembly,TRUE,1096.36,1139.82,43.46,44.7,,43.46,,0,
VEH-0095,25,Final Assembly,TRUE,1139.82,1187.41,47.59,48.2,,47.59,,0,
VEH-0095,26,Final Assembly,TRUE,1187.41,1246.5,59.09,61.4,,59.09,PASS,0,
VEH-0095,27,Final Assembly,TRUE,1246.5,1285.23,38.73,38,46.69,38.73,,0,
VEH-0095,28,Final Assembly,FALSE,1285.23,1331.42,,50.6,,46.19,,0,
VEH-0095,29,Final Assembly,TRUE,1331.42,1386.22,54.8,53.7,44.58,54.8,,0,
VEH-0095,30,Final Assembly,TRUE,1386.22,1418.3,32.08,31.9,,32.08,,0,
VEH-0095,31,Final Assembly,TRUE,1418.3,1473.84,55.54,54.3,,55.54,,0,
VEH-0095,32,Final Assembly,TRUE,1473.84,1510.29,36.45,36.8,,36.45,PASS,0,
VEH-0095,33,Final Assembly,TRUE,1510.29,1542.72,32.43,32.6,44.68,32.43,,0,
VEH-0095,34,Final Assembly,TRUE,1542.72,1614.02,71.3,68,,71.3,,0,
VEH-0095,35,Final Assembly,TRUE,1614.02,1684.06,70.04,68.6,,70.04,,0,
VEH-0095,36,Final Assembly,TRUE,1684.06,1747.05,62.99,62.3,43.09,62.99,,0,
VEH-0095,37,Final Assembly,TRUE,1747.05,1788.45,41.4,42.2,,41.4,,0,
VEH-0095,38,Final Assembly,TRUE,1788.45,1823.88,35.43,33.9,,35.43,,0,
VEH-0095,39,Final Assembly,FALSE,1823.88,1881.39,,57.4,,57.51,,0,
VEH-0095,40,Final Assembly,TRUE,1881.39,1930.56,49.17,47.6,,49.17,,0,
VEH-0096,1,Body,FALSE,0,48.97,,45,,48.97,,0,
VEH-0096,2,Body,FALSE,48.97,119.05,,68,,70.08,,0,
VEH-0096,3,Body,FALSE,119.05,179.53,,59.3,,60.48,,0,
VEH-0096,4,Body,TRUE,179.53,237.45,57.92,53.9,,57.92,,0,
VEH-0096,5,Body,TRUE,237.45,275.66,38.21,36.2,,38.21,PASS,0,
VEH-0096,6,Body,FALSE,275.66,312.5,,36.2,,36.84,,0,
VEH-0096,7,Body,FALSE,312.5,344.04,,32.3,,31.54,,0,
VEH-0096,8,Body,FALSE,344.04,409.3,,64.6,,65.26,,0,
VEH-0096,9,Body,FALSE,409.3,463,,54,,53.7,PASS,0,
VEH-0096,10,Body,TRUE,463,524.08,61.08,58.3,,61.08,,0,
VEH-0096,11,Body,TRUE,524.08,556.15,32.07,30.8,,32.07,PASS,0,
VEH-0096,12,Body,TRUE,556.15,623.93,67.78,68.8,,67.78,,0,
VEH-0096,13,Body,TRUE,623.93,682.6,58.67,63.3,47,58.67,PASS,0,
VEH-0096,14,Body,TRUE,682.6,722.22,39.62,38.5,44.52,39.62,,0,
VEH-0096,15,Body,FALSE,722.22,760.53,,37.3,,38.31,PASS,0,
VEH-0096,16,Paint,FALSE,760.53,797.97,,37.3,,37.44,,0,
VEH-0096,17,Paint,TRUE,797.97,842.95,44.98,42.2,,44.98,,0,
VEH-0096,18,Paint,FALSE,842.95,889.03,,51,,46.08,,0,
VEH-0096,19,Paint,TRUE,889.03,935.39,46.36,47.3,47.4,46.36,,0,
VEH-0096,20,Paint,TRUE,935.39,978.16,42.77,41.6,,42.77,,0,
VEH-0096,21,Paint,TRUE,978.16,1037.5,59.34,54.5,,59.34,,0,
VEH-0096,22,Paint,TRUE,1037.5,1070.93,33.43,35.6,,33.43,PASS,0,
VEH-0096,23,Final Assembly,TRUE,1070.93,1114.87,43.94,41.7,,43.94,,0,
VEH-0096,24,Final Assembly,TRUE,1114.87,1161.84,46.97,44.7,,46.97,,0,
VEH-0096,25,Final Assembly,TRUE,1161.84,1205.99,44.15,48.2,,44.15,,0,
VEH-0096,26,Final Assembly,TRUE,1205.99,1266.48,60.49,61.4,,60.49,PASS,0,
VEH-0096,27,Final Assembly,TRUE,1266.48,1304.28,37.8,38,42.57,37.8,,0,
VEH-0096,28,Final Assembly,FALSE,1304.28,1354.19,,50.6,,49.91,,0,
VEH-0096,29,Final Assembly,TRUE,1354.19,1410.24,56.05,53.7,44.41,56.05,,0,
VEH-0096,30,Final Assembly,TRUE,1410.24,1442.52,32.28,31.9,,32.28,,0,
VEH-0096,31,Final Assembly,TRUE,1442.52,1497.5,54.98,54.3,,54.98,,0,
VEH-0096,32,Final Assembly,TRUE,1497.5,1534.28,36.78,36.8,,36.78,PASS,0,
VEH-0096,33,Final Assembly,TRUE,1534.28,1565.73,31.45,32.6,45.99,31.45,,0,
VEH-0096,34,Final Assembly,TRUE,1565.73,1628.33,62.6,68,,62.6,,0,
VEH-0096,35,Final Assembly,TRUE,1628.33,1696.96,68.63,68.6,,68.63,,0,
VEH-0096,36,Final Assembly,TRUE,1696.96,1763.58,66.62,62.3,44.33,66.62,,0,
VEH-0096,37,Final Assembly,TRUE,1763.58,1804.25,40.67,42.2,,40.67,,0,
VEH-0096,38,Final Assembly,TRUE,1804.25,1839.38,35.13,33.9,,35.13,,0,
VEH-0096,39,Final Assembly,FALSE,1839.38,1897.25,,57.4,,57.87,,0,
VEH-0096,40,Final Assembly,TRUE,1897.25,1946.62,49.37,47.6,,49.37,,0,
VEH-0097,1,Body,FALSE,0,42.73,,45,,42.73,,0,
VEH-0097,2,Body,FALSE,42.73,110.89,,68,,68.16,,0,
VEH-0097,3,Body,FALSE,110.89,168.52,,59.3,,57.63,,0,
VEH-0097,4,Body,TRUE,168.52,218.39,49.87,53.9,,49.87,,0,
VEH-0097,5,Body,TRUE,218.39,256.86,38.47,36.2,,38.47,PASS,0,
VEH-0097,6,Body,FALSE,256.86,292.16,,36.2,,35.3,,0,
VEH-0097,7,Body,FALSE,292.16,322.42,,32.3,,30.26,,0,
VEH-0097,8,Body,FALSE,322.42,386.48,,64.6,,64.06,,0,
VEH-0097,10,Body,TRUE,440.66,493.86,53.2,58.3,,53.2,,0,
VEH-0097,11,Body,TRUE,493.86,525.17,31.31,30.8,,31.31,PASS,0,
VEH-0097,12,Body,TRUE,525.17,590.37,65.2,68.8,,65.2,,0,
VEH-0097,13,Body,TRUE,590.37,659.09,68.72,63.3,45.79,68.72,PASS,0,
VEH-0097,14,Body,TRUE,659.09,696.82,37.73,38.5,43.88,37.73,,0,
VEH-0097,15,Body,FALSE,696.82,733.92,,37.3,,37.1,PASS,0,
VEH-0097,16,Paint,FALSE,733.92,772.36,,37.3,,38.44,,0,
VEH-0097,17,Paint,TRUE,772.36,814.51,42.15,42.2,,42.15,,0,
VEH-0097,18,Paint,FALSE,814.51,864.96,,51,,50.45,,0,
VEH-0097,19,Paint,TRUE,864.96,912.4,47.44,47.3,44.09,47.44,,0,
VEH-0097,20,Paint,TRUE,912.4,953.29,40.89,41.6,,40.89,,0,
VEH-0097,21,Paint,TRUE,953.29,1002.1,48.81,54.5,,48.81,,0,
VEH-0097,22,Paint,TRUE,1002.1,1039.43,37.33,35.6,,37.33,PASS,0,
VEH-0097,23,Final Assembly,TRUE,1039.43,1081.75,42.32,41.7,,42.32,,0,
VEH-0097,24,Final Assembly,TRUE,1081.75,1124.72,42.97,44.7,,42.97,,0,
VEH-0097,25,Final Assembly,TRUE,1124.72,1177.5,52.78,48.2,,52.78,,0,
VEH-0097,26,Final Assembly,TRUE,1177.5,1239.17,61.67,61.4,,61.67,PASS,0,
VEH-0097,27,Final Assembly,TRUE,1239.17,1275.2,36.03,38,46.29,36.03,,0,
VEH-0097,28,Final Assembly,FALSE,1275.2,1326.81,,50.6,,51.61,,0,
VEH-0097,29,Final Assembly,TRUE,1326.81,1381.57,54.76,53.7,44.36,54.76,,0,
VEH-0097,30,Final Assembly,TRUE,1381.57,1414.19,32.62,31.9,,32.62,,0,
VEH-0097,31,Final Assembly,TRUE,1414.19,1467.78,53.59,54.3,,53.59,,0,
VEH-0097,32,Final Assembly,TRUE,1467.78,1505.6,37.82,36.8,,37.82,PASS,0,
VEH-0097,33,Final Assembly,TRUE,1505.6,1535.09,29.49,32.6,44.35,29.49,,0,
VEH-0097,34,Final Assembly,TRUE,1535.09,1608.95,73.86,68,,73.86,,0,
VEH-0097,35,Final Assembly,TRUE,1608.95,1674.92,65.97,68.6,,65.97,,0,
VEH-0097,36,Final Assembly,TRUE,1674.92,1735.34,60.42,62.3,44.33,60.42,,0,
VEH-0097,37,Final Assembly,TRUE,1735.34,1774.98,39.64,42.2,,39.64,,0,
VEH-0097,38,Final Assembly,TRUE,1774.98,1805.13,30.15,33.9,,30.15,,0,
VEH-0097,39,Final Assembly,FALSE,1805.13,1861.87,,57.4,,56.74,,0,
VEH-0097,40,Final Assembly,TRUE,1861.87,1909.79,47.92,47.6,,47.92,,0,
VEH-0098,1,Body,FALSE,0,44.88,,45,,44.88,,0,
VEH-0098,2,Body,FALSE,44.88,113.27,,68,,68.39,,0,
VEH-0098,3,Body,FALSE,113.27,172.41,,59.3,,59.14,,0,
VEH-0098,4,Body,TRUE,172.41,227.63,55.22,53.9,,55.22,,0,
VEH-0098,5,Body,TRUE,227.63,265.2,37.57,36.2,,37.57,PASS,0,
VEH-0098,6,Body,FALSE,265.2,299.15,,36.2,,33.95,,0,
VEH-0098,7,Body,FALSE,299.15,331.41,,32.3,,32.26,,0,
VEH-0098,8,Body,FALSE,331.41,388.68,,64.6,,57.27,,0,
VEH-0098,9,Body,FALSE,388.68,442.11,,54,,53.43,PASS,0,
VEH-0098,10,Body,TRUE,442.11,497.77,55.66,58.3,,55.66,,0,
VEH-0098,11,Body,TRUE,497.77,529.09,31.32,30.8,,31.32,PASS,0,
VEH-0098,12,Body,TRUE,529.09,592.19,63.1,68.8,,63.1,,0,
VEH-0098,13,Body,TRUE,592.19,653.87,61.68,63.3,46.45,61.68,PASS,0,
VEH-0098,14,Body,TRUE,653.87,691.06,37.19,38.5,42.14,37.19,,0,
VEH-0098,15,Body,FALSE,691.06,728.84,,37.3,,37.78,PASS,0,
VEH-0098,16,Paint,FALSE,728.84,765.05,,37.3,,36.21,,0,
VEH-0098,17,Paint,TRUE,765.05,806.86,41.81,42.2,,41.81,,0,
VEH-0098,18,Paint,FALSE,806.86,856,,51,,49.14,,0,
VEH-0098,19,Paint,TRUE,856,907.96,51.96,47.3,42.66,51.96,,0,
VEH-0098,20,Paint,TRUE,907.96,955.45,47.49,41.6,,47.49,,0,
VEH-0098,21,Paint,TRUE,955.45,1008.88,53.43,54.5,,53.43,,0,
VEH-0098,22,Paint,TRUE,1008.88,1044.81,35.93,35.6,,35.93,PASS,0,
VEH-0098,23,Final Assembly,TRUE,1044.81,1085.31,40.5,41.7,,40.5,,0,
VEH-0098,24,Final Assembly,TRUE,1085.31,1128.63,43.32,44.7,,43.32,,0,
VEH-0098,25,Final Assembly,TRUE,1128.63,1174.94,46.31,48.2,,46.31,,0,
VEH-0098,26,Final Assembly,TRUE,1174.94,1238.19,63.25,61.4,,63.25,PASS,0,
VEH-0098,27,Final Assembly,TRUE,1238.19,1273.51,35.32,38,45.55,35.32,,0,
VEH-0098,28,Final Assembly,FALSE,1273.51,1318.58,,50.6,,45.07,,0,
VEH-0098,29,Final Assembly,TRUE,1318.58,1373.02,54.44,53.7,46.27,54.44,,0,
VEH-0098,30,Final Assembly,TRUE,1373.02,1402.89,29.87,31.9,,29.87,,0,
VEH-0098,31,Final Assembly,TRUE,1402.89,1459.03,56.14,54.3,,56.14,,0,
VEH-0098,32,Final Assembly,TRUE,1459.03,1495.92,36.89,36.8,,36.89,PASS,0,
VEH-0098,33,Final Assembly,TRUE,1495.92,1531.13,35.21,32.6,43.72,35.21,,0,
VEH-0098,34,Final Assembly,TRUE,1531.13,1608.7,77.57,68,,77.57,,0,
VEH-0098,35,Final Assembly,TRUE,1608.7,1669.1,60.4,68.6,,60.4,,0,
VEH-0098,36,Final Assembly,TRUE,1669.1,1730.37,61.27,62.3,42.45,61.27,,0,
VEH-0098,37,Final Assembly,TRUE,1730.37,1776.48,46.11,42.2,,46.11,,0,
VEH-0098,38,Final Assembly,TRUE,1776.48,1809.94,33.46,33.9,,33.46,,0,
VEH-0098,39,Final Assembly,FALSE,1809.94,1866.85,,57.4,,56.91,,0,
VEH-0098,40,Final Assembly,TRUE,1866.85,1915.5,48.65,47.6,,48.65,,0,
VEH-0099,1,Body,FALSE,0,51.08,,45,,51.08,,0,
VEH-0099,2,Body,FALSE,51.08,118.3,,68,,67.22,,0,
VEH-0099,3,Body,FALSE,118.3,180.87,,59.3,,62.57,,0,
VEH-0099,4,Body,TRUE,180.87,238.66,57.79,53.9,,57.79,,0,
VEH-0099,5,Body,TRUE,238.66,275.26,36.6,36.2,,36.6,PASS,0,
VEH-0099,6,Body,FALSE,275.26,309.94,,36.2,,34.68,,0,
VEH-0099,7,Body,FALSE,309.94,338.32,,32.3,,28.38,,0,
VEH-0099,8,Body,FALSE,338.32,405.13,,64.6,,66.81,,0,
VEH-0099,9,Body,FALSE,405.13,456.93,,54,,51.8,PASS,0,
VEH-0099,10,Body,TRUE,456.93,515.74,58.81,58.3,,58.81,,0,
VEH-0099,11,Body,TRUE,515.74,544.62,28.88,30.8,,28.88,PASS,0,
VEH-0099,12,Body,TRUE,544.62,612.51,67.89,68.8,,67.89,,0,
VEH-0099,13,Body,TRUE,612.51,675.92,63.41,63.3,45.4,63.41,PASS,0,
VEH-0099,14,Body,TRUE,675.92,712.27,36.35,38.5,46.8,36.35,,0,
VEH-0099,15,Body,FALSE,712.27,748.46,,37.3,,36.19,PASS,0,
VEH-0099,16,Paint,FALSE,748.46,782.65,,37.3,,34.19,,0,
VEH-0099,17,Paint,TRUE,782.65,824.62,41.97,42.2,,41.97,,0,
VEH-0099,18,Paint,FALSE,824.62,875.71,,51,,51.09,,0,
VEH-0099,19,Paint,TRUE,875.71,923.39,47.68,47.3,47.04,47.68,,0,
VEH-0099,20,Paint,TRUE,923.39,964.5,41.11,41.6,,41.11,,0,
VEH-0099,21,Paint,TRUE,964.5,1018.67,54.17,54.5,,54.17,,0,
VEH-0099,22,Paint,TRUE,1018.67,1052.31,33.64,35.6,,33.64,PASS,0,
VEH-0099,23,Final Assembly,TRUE,1052.31,1095.72,43.41,41.7,,43.41,,0,
VEH-0099,24,Final Assembly,TRUE,1095.72,1140.83,45.11,44.7,,45.11,,0,
VEH-0099,25,Final Assembly,TRUE,1140.83,1188.02,47.19,48.2,,47.19,,0,
VEH-0099,26,Final Assembly,TRUE,1188.02,1243.57,55.55,61.4,,55.55,PASS,0,
VEH-0099,27,Final Assembly,TRUE,1243.57,1284.31,40.74,38,43.16,40.74,,0,
VEH-0099,28,Final Assembly,FALSE,1284.31,1333.41,,50.6,,49.1,,0,
VEH-0099,29,Final Assembly,TRUE,1333.41,1388.07,54.66,53.7,43.21,54.66,,0,
VEH-0099,30,Final Assembly,TRUE,1388.07,1417.6,29.53,31.9,,29.53,,0,
VEH-0099,31,Final Assembly,TRUE,1417.6,1466.14,48.54,54.3,,48.54,,0,
VEH-0099,32,Final Assembly,TRUE,1466.14,1504.27,38.13,36.8,,38.13,PASS,0,
VEH-0099,33,Final Assembly,TRUE,1504.27,1535.98,31.71,32.6,49.39,31.71,,0,
VEH-0099,34,Final Assembly,TRUE,1535.98,1600.6,64.62,68,,64.62,,0,
VEH-0099,35,Final Assembly,TRUE,1600.6,1666.04,65.44,68.6,,65.44,,0,
VEH-0099,36,Final Assembly,TRUE,1666.04,1726.58,60.54,62.3,45.36,60.54,,0,
VEH-0099,37,Final Assembly,TRUE,1726.58,1767.79,41.21,42.2,,41.21,,0,
VEH-0099,38,Final Assembly,TRUE,1767.79,1802.73,34.94,33.9,,34.94,,0,
VEH-0099,39,Final Assembly,FALSE,1802.73,1857.32,,57.4,,54.59,,0,
VEH-0099,40,Final Assembly,TRUE,1857.32,1901.63,44.31,47.6,,44.31,,0,
VEH-0100,1,Body,FALSE,0,40.95,,45,,40.95,,0,
VEH-0100,2,Body,FALSE,40.95,110.09,,68,,69.14,,0,
VEH-0100,3,Body,FALSE,110.09,166.74,,59.3,,56.65,,0,
VEH-0100,4,Body,TRUE,166.74,216.97,50.23,53.9,,50.23,,0,
VEH-0100,5,Body,TRUE,216.97,255.39,38.42,36.2,,38.42,PASS,0,
VEH-0100,6,Body,FALSE,255.39,292.47,,36.2,,37.08,,0,
VEH-0100,7,Body,FALSE,292.47,327.62,,32.3,,35.15,,0,
VEH-0100,8,Body,FALSE,327.62,394.75,,64.6,,67.13,,0,
VEH-0100,9,Body,FALSE,394.75,445.33,,54,,50.58,PASS,0,
VEH-0100,10,Body,TRUE,445.33,503.91,58.58,58.3,,58.58,,0,
VEH-0100,11,Body,TRUE,503.91,533.15,29.24,30.8,,29.24,PASS,0,
VEH-0100,12,Body,TRUE,533.15,596.27,63.12,68.8,,63.12,,0,
VEH-0100,13,Body,TRUE,596.27,658.15,61.88,63.3,46.47,61.88,PASS,0,
VEH-0100,14,Body,TRUE,658.15,697.18,39.03,38.5,42.91,39.03,,0,
VEH-0100,15,Body,FALSE,697.18,733.58,,37.3,,36.4,PASS,0,
VEH-0100,16,Paint,FALSE,733.58,770.61,,37.3,,37.03,,0,
VEH-0100,17,Paint,TRUE,770.61,809.25,38.64,42.2,,38.64,,0,
VEH-0100,18,Paint,FALSE,809.25,862.07,,51,,52.82,,0,
VEH-0100,19,Paint,TRUE,862.07,908.83,46.76,47.3,42.91,46.76,,0,
VEH-0100,20,Paint,TRUE,908.83,947.42,38.59,41.6,,38.59,,0,
VEH-0100,21,Paint,TRUE,947.42,1004.92,57.5,54.5,,57.5,,0,
VEH-0100,22,Paint,TRUE,1004.92,1039.84,34.92,35.6,,34.92,PASS,0,
VEH-0100,23,Final Assembly,TRUE,1039.84,1084.03,44.19,41.7,,44.19,,0,
VEH-0100,24,Final Assembly,TRUE,1084.03,1132.25,48.22,44.7,,48.22,,0,
VEH-0100,25,Final Assembly,TRUE,1132.25,1182.91,50.66,48.2,,50.66,,0,
VEH-0100,26,Final Assembly,TRUE,1182.91,1242.67,59.76,61.4,,59.76,PASS,0,
VEH-0100,27,Final Assembly,TRUE,1242.67,1275.92,33.25,38,45.47,33.25,,0,
VEH-0100,28,Final Assembly,FALSE,1275.92,1331.81,,50.6,,55.89,,0,
VEH-0100,29,Final Assembly,TRUE,1331.81,1385.41,53.6,53.7,42.02,53.6,,0,
VEH-0100,30,Final Assembly,TRUE,1385.41,1416.24,30.83,31.9,,30.83,,0,
VEH-0100,31,Final Assembly,TRUE,1416.24,1470.04,53.8,54.3,,53.8,,0,
VEH-0100,32,Final Assembly,TRUE,1470.04,1504.82,34.78,36.8,,34.78,PASS,0,
VEH-0100,33,Final Assembly,TRUE,1504.82,1533.24,28.42,32.6,44.85,28.42,,0,
VEH-0100,34,Final Assembly,TRUE,1533.24,1598.57,65.33,68,,65.33,,0,
VEH-0100,35,Final Assembly,TRUE,1598.57,1673.25,74.68,68.6,,74.68,,0,
VEH-0100,36,Final Assembly,TRUE,1673.25,1735.87,62.62,62.3,45.7,62.62,,0,
VEH-0100,37,Final Assembly,TRUE,1735.87,1777.82,41.95,42.2,,41.95,,0,
VEH-0100,38,Final Assembly,TRUE,1777.82,1811.88,34.06,33.9,,34.06,,0,
VEH-0100,39,Final Assembly,FALSE,1811.88,1864.54,,57.4,,52.66,,0,
VEH-0100,40,Final Assembly,TRUE,1864.54,1909.66,45.12,47.6,,45.12,,0,
VEH-0101,1,Body,FALSE,0,46.51,,45,,46.51,,0,
VEH-0101,2,Body,FALSE,46.51,115.08,,68,,68.57,,0,
VEH-0101,3,Body,FALSE,115.08,177.88,,59.3,,62.8,,0,
VEH-0101,4,Body,TRUE,177.88,232.87,54.99,53.9,,54.99,,0,
VEH-0101,5,Body,TRUE,232.87,267.32,34.45,36.2,,34.45,PASS,0,
VEH-0101,6,Body,FALSE,267.32,302.08,,36.2,,34.76,,0,
VEH-0101,7,Body,FALSE,302.08,334.55,,32.3,,32.47,,0,
VEH-0101,8,Body,FALSE,334.55,391.68,,64.6,,57.13,,0,
VEH-0101,9,Body,FALSE,391.68,450.2,,54,,58.52,PASS,0,
VEH-0101,10,Body,TRUE,450.2,509.79,59.59,58.3,,59.59,,0,
VEH-0101,11,Body,TRUE,509.79,542.48,32.69,30.8,,32.69,PASS,0,
VEH-0101,12,Body,TRUE,542.48,605.84,63.36,68.8,,63.36,,0,
VEH-0101,13,Body,TRUE,605.84,673.09,67.25,63.3,48.35,67.25,PASS,0,
VEH-0101,14,Body,TRUE,673.09,709.04,35.95,38.5,46.16,35.95,,0,
VEH-0101,15,Body,FALSE,709.04,746.34,,37.3,,37.3,PASS,0,
VEH-0101,16,Paint,FALSE,746.34,780.77,,37.3,,34.43,,0,
VEH-0101,17,Paint,TRUE,780.77,824.01,43.24,42.2,,43.24,,0,
VEH-0101,18,Paint,FALSE,824.01,877.14,,51,,53.13,,0,
VEH-0101,19,Paint,TRUE,877.14,923.02,45.88,47.3,46.75,45.88,,0,
VEH-0101,20,Paint,TRUE,923.02,961.15,38.13,41.6,,38.13,,0,
VEH-0101,21,Paint,TRUE,961.15,1011.57,50.42,54.5,,50.42,,0,
VEH-0101,22,Paint,TRUE,1011.57,1047.41,35.84,35.6,,35.84,PASS,0,
VEH-0101,23,Final Assembly,TRUE,1047.41,1089.16,41.75,41.7,,41.75,,0,
VEH-0101,24,Final Assembly,TRUE,1089.16,1132.25,43.09,44.7,,43.09,,0,
VEH-0101,25,Final Assembly,TRUE,1132.25,1182.4,50.15,48.2,,50.15,,0,
VEH-0101,26,Final Assembly,TRUE,1182.4,1245.43,63.03,61.4,,63.03,PASS,0,
VEH-0101,27,Final Assembly,TRUE,1245.43,1285.06,39.63,38,44.82,39.63,,0,
VEH-0101,28,Final Assembly,FALSE,1285.06,1337.18,,50.6,,52.12,,0,
VEH-0101,29,Final Assembly,TRUE,1337.18,1389.68,52.5,53.7,48.08,52.5,,0,
VEH-0101,30,Final Assembly,TRUE,1389.68,1420.29,30.61,31.9,,30.61,,0,
VEH-0101,31,Final Assembly,TRUE,1420.29,1480.3,60.01,54.3,,60.01,,0,
VEH-0101,32,Final Assembly,TRUE,1480.3,1517.16,36.86,36.8,,36.86,PASS,0,
VEH-0101,33,Final Assembly,TRUE,1517.16,1547.52,30.36,32.6,47.05,30.36,,0,
VEH-0101,34,Final Assembly,TRUE,1547.52,1615.95,68.43,68,,68.43,,0,
VEH-0101,35,Final Assembly,TRUE,1615.95,1687.47,71.52,68.6,,71.52,,0,
VEH-0101,36,Final Assembly,TRUE,1687.47,1753.59,66.12,62.3,45.51,66.12,,0,
VEH-0101,37,Final Assembly,TRUE,1753.59,1794.54,40.95,42.2,,40.95,,0,
VEH-0101,38,Final Assembly,TRUE,1794.54,1830.1,35.56,33.9,,35.56,,0,
VEH-0101,39,Final Assembly,FALSE,1830.1,1887.5,,57.4,,57.4,,0,
VEH-0101,40,Final Assembly,TRUE,1887.5,1936.73,49.23,47.6,,49.23,,0,
VEH-0102,1,Body,FALSE,0,40.15,,45,,40.15,,0,
VEH-0102,2,Body,FALSE,40.15,108.71,,68,,68.56,,0,
VEH-0102,3,Body,FALSE,108.71,173.18,,59.3,,64.47,,0,
VEH-0102,4,Body,TRUE,173.18,228.43,55.25,53.9,,55.25,,0,
VEH-0102,5,Body,TRUE,228.43,265.99,37.56,36.2,,37.56,PASS,0,
VEH-0102,6,Body,FALSE,265.99,303.89,,36.2,,37.9,,0,
VEH-0102,7,Body,FALSE,303.89,334.22,,32.3,,30.33,,0,
VEH-0102,8,Body,FALSE,334.22,399.81,,64.6,,65.59,,0,
VEH-0102,9,Body,FALSE,399.81,450.47,,54,,50.66,PASS,0,
VEH-0102,10,Body,TRUE,450.47,507.94,57.47,58.3,,57.47,,0,
VEH-0102,11,Body,TRUE,507.94,539.73,31.79,30.8,,31.79,PASS,0,
VEH-0102,12,Body,TRUE,539.73,605,65.27,68.8,,65.27,,0,
VEH-0102,13,Body,TRUE,605,670.07,65.07,63.3,42.75,65.07,PASS,0,
VEH-0102,14,Body,TRUE,670.07,710.78,40.71,38.5,44,40.71,,0,
VEH-0102,15,Body,FALSE,710.78,746.17,,37.3,,35.39,PASS,0,
VEH-0102,16,Paint,FALSE,746.17,780.8,,37.3,,34.63,,0,
VEH-0102,17,Paint,TRUE,780.8,821.78,40.98,42.2,,40.98,,0,
VEH-0102,18,Paint,FALSE,821.78,867.92,,51,,46.14,,0,
VEH-0102,19,Paint,TRUE,867.92,913.93,46.01,47.3,46.65,46.01,,0,
VEH-0102,20,Paint,TRUE,913.93,955.14,41.21,41.6,,41.21,,0,
VEH-0102,21,Paint,TRUE,955.14,1006.43,51.29,54.5,,51.29,,0,
VEH-0102,22,Paint,TRUE,1006.43,1042.43,36,35.6,,36,PASS,0,
VEH-0102,23,Final Assembly,TRUE,1042.43,1084.42,41.99,41.7,,41.99,,0,
VEH-0102,24,Final Assembly,TRUE,1084.42,1133.5,49.08,44.7,,49.08,,0,
VEH-0102,25,Final Assembly,TRUE,1133.5,1183.61,50.11,48.2,,50.11,,0,
VEH-0102,26,Final Assembly,TRUE,1183.61,1245.95,62.34,61.4,,62.34,PASS,0,
VEH-0102,27,Final Assembly,TRUE,1245.95,1285.67,39.72,38,44.8,39.72,,0,
VEH-0102,28,Final Assembly,FALSE,1285.67,1336.08,,50.6,,50.41,,0,
VEH-0102,29,Final Assembly,TRUE,1336.08,1394.24,58.16,53.7,42.55,58.16,,0,
VEH-0102,30,Final Assembly,TRUE,1394.24,1427.68,33.44,31.9,,33.44,,0,
VEH-0102,31,Final Assembly,TRUE,1427.68,1481.68,54,54.3,,54,,0,
VEH-0102,32,Final Assembly,TRUE,1481.68,1517.94,36.26,36.8,,36.26,PASS,0,
VEH-0102,33,Final Assembly,TRUE,1517.94,1549.64,31.7,32.6,45.23,31.7,,0,
VEH-0102,34,Final Assembly,TRUE,1549.64,1617.49,67.85,68,,67.85,,0,
VEH-0102,35,Final Assembly,TRUE,1617.49,1684.67,67.18,68.6,,67.18,,0,
VEH-0102,36,Final Assembly,TRUE,1684.67,1744.78,60.11,62.3,42.14,60.11,,0,
VEH-0102,37,Final Assembly,TRUE,1744.78,1785.45,40.67,42.2,,40.67,,0,
VEH-0102,38,Final Assembly,TRUE,1785.45,1818.48,33.03,33.9,,33.03,,0,
VEH-0102,39,Final Assembly,FALSE,1818.48,1876.31,,57.4,,57.83,,0,
VEH-0102,40,Final Assembly,TRUE,1876.31,1928.58,52.27,47.6,,52.27,,0,
VEH-0103,1,Body,FALSE,0,45,,45,,45,,0,
VEH-0103,2,Body,FALSE,45,118.21,,68,,73.21,,0,
VEH-0103,3,Body,FALSE,118.21,173.53,,59.3,,55.32,,0,
VEH-0103,4,Body,TRUE,173.53,225.11,51.58,53.9,,51.58,,0,
VEH-0103,5,Body,TRUE,225.11,263.8,38.69,36.2,,38.69,PASS,0,
VEH-0103,6,Body,FALSE,263.8,301.85,,36.2,,38.05,,0,
VEH-0103,7,Body,FALSE,301.85,333.57,,32.3,,31.72,,0,
VEH-0103,8,Body,FALSE,333.57,400.93,,64.6,,67.36,,0,
VEH-0103,9,Body,FALSE,400.93,455.85,,54,,54.92,PASS,0,
VEH-0103,10,Body,TRUE,455.85,518.53,62.68,58.3,,62.68,,0,
VEH-0103,11,Body,TRUE,518.53,549.44,30.91,30.8,,30.91,PASS,0,
VEH-0103,12,Body,TRUE,549.44,621.77,72.33,68.8,,72.33,,0,
VEH-0103,13,Body,TRUE,621.77,693.45,71.68,63.3,45.9,71.68,PASS,0,
VEH-0103,14,Body,TRUE,693.45,732.05,38.6,38.5,46.08,38.6,,0,
VEH-0103,15,Body,FALSE,732.05,768.67,,37.3,,36.62,PASS,0,
VEH-0103,16,Paint,FALSE,768.67,810.41,,37.3,,41.74,,0,
VEH-0103,17,Paint,TRUE,810.41,852.99,42.58,42.2,,42.58,,0,
VEH-0103,18,Paint,FALSE,852.99,903.29,,51,,50.3,,0,
VEH-0103,19,Paint,TRUE,903.29,948.62,45.33,47.3,46.65,45.33,,0,
VEH-0103,20,Paint,TRUE,948.62,992.02,43.4,41.6,,43.4,,0,
VEH-0103,21,Paint,TRUE,992.02,1045.16,53.14,54.5,,53.14,,0,
VEH-0103,22,Paint,TRUE,1045.16,1081.79,36.63,35.6,,36.63,PASS,0,
VEH-0103,23,Final Assembly,TRUE,1081.79,1120.34,38.55,41.7,,38.55,,0,
VEH-0103,24,Final Assembly,TRUE,1120.34,1165.45,45.11,44.7,,45.11,,0,
VEH-0103,25,Final Assembly,TRUE,1165.45,1214.74,49.29,48.2,,49.29,,0,
VEH-0103,26,Final Assembly,TRUE,1214.74,1281.38,66.64,61.4,,66.64,PASS,0,
VEH-0103,27,Final Assembly,TRUE,1281.38,1317.92,36.54,38,43.08,36.54,,0,
VEH-0103,28,Final Assembly,FALSE,1317.92,1366.25,,50.6,,48.33,,0,
VEH-0103,29,Final Assembly,TRUE,1366.25,1416.35,50.1,53.7,47,50.1,,0,
VEH-0103,30,Final Assembly,TRUE,1416.35,1450.71,34.36,31.9,,34.36,,0,
VEH-0103,31,Final Assembly,TRUE,1450.71,1505.88,55.17,54.3,,55.17,,0,
VEH-0103,32,Final Assembly,TRUE,1505.88,1544.93,39.05,36.8,,39.05,PASS,0,
VEH-0103,33,Final Assembly,TRUE,1544.93,1577.75,32.82,32.6,44.86,32.82,,0,
VEH-0103,34,Final Assembly,TRUE,1577.75,1644.62,66.87,68,,66.87,,0,
VEH-0103,35,Final Assembly,TRUE,1644.62,1712.16,67.54,68.6,,67.54,,0,
VEH-0103,36,Final Assembly,TRUE,1712.16,1769.63,57.47,62.3,45.4,57.47,,0,
VEH-0103,37,Final Assembly,TRUE,1769.63,1811.74,42.11,42.2,,42.11,,0,
VEH-0103,38,Final Assembly,TRUE,1811.74,1846.91,35.17,33.9,,35.17,,0,
VEH-0103,39,Final Assembly,FALSE,1846.91,1904.58,,57.4,,57.67,,0,
VEH-0103,40,Final Assembly,TRUE,1904.58,1951.79,47.21,47.6,,47.21,,0,
VEH-0104,1,Body,FALSE,0,43.04,,45,,43.04,,0,
VEH-0104,2,Body,FALSE,43.04,109.87,,68,,66.83,,0,
VEH-0104,3,Body,FALSE,109.87,163.63,,59.3,,53.76,,0,
VEH-0104,4,Body,TRUE,163.63,214.36,50.73,53.9,,50.73,,0,
VEH-0104,5,Body,TRUE,214.36,251.2,36.84,36.2,,36.84,PASS,0,
VEH-0104,6,Body,FALSE,251.2,285.83,,36.2,,34.63,,0,
VEH-0104,7,Body,FALSE,285.83,319.84,,32.3,,34.01,,0,
VEH-0104,8,Body,FALSE,319.84,381.36,,64.6,,61.52,,0,
VEH-0104,9,Body,FALSE,381.36,436.58,,54,,55.22,PASS,0,
VEH-0104,10,Body,TRUE,436.58,492.66,56.08,58.3,,56.08,,0,
VEH-0104,11,Body,TRUE,492.66,524.05,31.39,30.8,,31.39,PASS,0,
VEH-0104,12,Body,TRUE,524.05,587.57,63.52,68.8,,63.52,,0,
VEH-0104,13,Body,TRUE,587.57,649.43,61.86,63.3,43.73,61.86,PASS,0,
VEH-0104,14,Body,TRUE,649.43,689.63,40.2,38.5,45.69,40.2,,0,
VEH-0104,15,Body,FALSE,689.63,724.64,,37.3,,35.01,PASS,0,
VEH-0104,16,Paint,FALSE,724.64,761.56,,37.3,,36.92,,0,
VEH-0104,17,Paint,TRUE,761.56,802.13,40.57,42.2,,40.57,,0,
VEH-0104,18,Paint,FALSE,802.13,855.55,,51,,53.42,,0,
VEH-0104,19,Paint,TRUE,855.55,905.85,50.3,47.3,42.84,50.3,,0,
VEH-0104,20,Paint,TRUE,905.85,949.17,43.32,41.6,,43.32,,0,
VEH-0104,21,Paint,TRUE,949.17,1001.42,52.25,54.5,,52.25,,0,
VEH-0104,22,Paint,TRUE,1001.42,1036.57,35.15,35.6,,35.15,PASS,0,
VEH-0104,23,Final Assembly,TRUE,1036.57,1078.34,41.77,41.7,,41.77,,0,
VEH-0104,24,Final Assembly,TRUE,1078.34,1127.11,48.77,44.7,,48.77,,0,
VEH-0104,25,Final Assembly,TRUE,1127.11,1172.89,45.78,48.2,,45.78,,0,
VEH-0104,26,Final Assembly,TRUE,1172.89,1236.85,63.96,61.4,,63.96,PASS,0,
VEH-0104,27,Final Assembly,TRUE,1236.85,1272.62,35.77,38,43.14,35.77,,0,
VEH-0104,28,Final Assembly,FALSE,1272.62,1323.29,,50.6,,50.67,,0,
VEH-0104,29,Final Assembly,TRUE,1323.29,1377.05,53.76,53.7,40.75,53.76,,0,
VEH-0104,30,Final Assembly,TRUE,1377.05,1410.79,33.74,31.9,,33.74,,0,
VEH-0104,31,Final Assembly,TRUE,1410.79,1459.29,48.5,54.3,,48.5,,0,
VEH-0104,32,Final Assembly,TRUE,1459.29,1495.82,36.53,36.8,,36.53,PASS,0,
VEH-0104,33,Final Assembly,TRUE,1495.82,1530.58,34.76,32.6,48.31,34.76,,0,
VEH-0104,34,Final Assembly,TRUE,1530.58,1597.35,66.77,68,,66.77,,0,
VEH-0104,35,Final Assembly,TRUE,1597.35,1661.03,63.68,68.6,,63.68,,0,
VEH-0104,36,Final Assembly,TRUE,1661.03,1727.36,66.33,62.3,46.3,66.33,,0,
VEH-0104,37,Final Assembly,TRUE,1727.36,1768.53,41.17,42.2,,41.17,,0,
VEH-0104,38,Final Assembly,TRUE,1768.53,1801.38,32.85,33.9,,32.85,,0,
VEH-0104,39,Final Assembly,FALSE,1801.38,1856.72,,57.4,,55.34,,0,
VEH-0104,40,Final Assembly,TRUE,1856.72,1903.5,46.78,47.6,,46.78,,0,
VEH-0105,1,Body,FALSE,0,42.18,,45,,42.18,,0,
VEH-0105,2,Body,FALSE,42.18,104.97,,68,,62.79,,0,
VEH-0105,3,Body,FALSE,104.97,168.95,,59.3,,63.98,,0,
VEH-0105,4,Body,TRUE,168.95,221.2,52.25,53.9,,52.25,,0,
VEH-0105,5,Body,TRUE,221.2,259.46,38.26,36.2,,38.26,PASS,0,
VEH-0105,6,Body,FALSE,259.46,295.38,,36.2,,35.92,,0,
VEH-0105,7,Body,FALSE,295.38,327.42,,32.3,,32.04,,0,
VEH-0105,8,Body,FALSE,327.42,393.44,,64.6,,66.02,,0,
VEH-0105,9,Body,FALSE,393.44,445.05,,54,,51.61,PASS,0,
VEH-0105,10,Body,TRUE,445.05,503.74,58.69,58.3,,58.69,,0,
VEH-0105,11,Body,TRUE,503.74,533.95,30.21,30.8,,30.21,PASS,0,
VEH-0105,12,Body,TRUE,533.95,598.21,64.26,68.8,,64.26,,0,
VEH-0105,13,Body,TRUE,598.21,662.58,64.37,63.3,44.61,64.37,PASS,0,
VEH-0105,14,Body,TRUE,662.58,700.78,38.2,38.5,43.18,38.2,,0,
VEH-0105,15,Body,FALSE,700.78,741.04,,37.3,,40.26,PASS,0,
VEH-0105,16,Paint,FALSE,741.04,779.97,,37.3,,38.93,,0,
VEH-0105,17,Paint,TRUE,779.97,824.2,44.23,42.2,,44.23,,0,
VEH-0105,18,Paint,FALSE,824.2,874.42,,51,,50.22,,0,
VEH-0105,19,Paint,TRUE,874.42,917.64,43.22,47.3,47.93,43.22,,0,
VEH-0105,20,Paint,TRUE,917.64,959.11,41.47,41.6,,41.47,,0,
VEH-0105,21,Paint,TRUE,959.11,1011.57,52.46,54.5,,52.46,,0,
VEH-0105,22,Paint,TRUE,1011.57,1047.91,36.34,35.6,,36.34,PASS,0,
VEH-0105,23,Final Assembly,TRUE,1047.91,1092.05,44.14,41.7,,44.14,,0,
VEH-0105,24,Final Assembly,TRUE,1092.05,1136.7,44.65,44.7,,44.65,,0,
VEH-0105,25,Final Assembly,TRUE,1136.7,1187.98,51.28,48.2,,51.28,,0,
VEH-0105,26,Final Assembly,TRUE,1187.98,1252.7,64.72,61.4,,64.72,PASS,0,
VEH-0105,27,Final Assembly,TRUE,1252.7,1288.65,35.95,38,43.99,35.95,,0,
VEH-0105,28,Final Assembly,FALSE,1288.65,1341.67,,50.6,,53.02,,0,
VEH-0105,29,Final Assembly,TRUE,1341.67,1388.07,46.4,53.7,44.78,46.4,,0,
VEH-0105,30,Final Assembly,TRUE,1388.07,1417.69,29.62,31.9,,29.62,,0,
VEH-0105,31,Final Assembly,TRUE,1417.69,1470.7,53.01,54.3,,53.01,,0,
VEH-0105,32,Final Assembly,TRUE,1470.7,1506.95,36.25,36.8,,36.25,PASS,0,
VEH-0105,33,Final Assembly,TRUE,1506.95,1538.97,32.02,32.6,44.17,32.02,,0,
VEH-0105,34,Final Assembly,TRUE,1538.97,1603.24,64.27,68,,64.27,,0,
VEH-0105,35,Final Assembly,TRUE,1603.24,1679.7,76.46,68.6,,76.46,,0,
VEH-0105,36,Final Assembly,TRUE,1679.7,1747.83,68.13,62.3,43.26,68.13,,0,
VEH-0105,37,Final Assembly,TRUE,1747.83,1793.37,45.54,42.2,,45.54,,0,
VEH-0105,38,Final Assembly,TRUE,1793.37,1826.59,33.22,33.9,,33.22,,0,
VEH-0105,39,Final Assembly,FALSE,1826.59,1884.36,,57.4,,57.77,,0,
VEH-0105,40,Final Assembly,TRUE,1884.36,1931.81,47.45,47.6,,47.45,,0,
VEH-0106,1,Body,FALSE,0,43.52,,45,,43.52,,0,
VEH-0106,2,Body,FALSE,43.52,105.74,,68,,62.22,,0,
VEH-0106,3,Body,FALSE,105.74,164.84,,59.3,,59.1,,0,
VEH-0106,4,Body,TRUE,164.84,219.26,54.42,53.9,,54.42,,0,
VEH-0106,5,Body,TRUE,219.26,257.21,37.95,36.2,,37.95,PASS,0,
VEH-0106,6,Body,FALSE,257.21,292.1,,36.2,,34.89,,0,
VEH-0106,7,Body,FALSE,292.1,322.99,,32.3,,30.89,,0,
VEH-0106,8,Body,FALSE,322.99,386.12,,64.6,,63.13,,0,
VEH-0106,9,Body,FALSE,386.12,443.59,,54,,57.47,PASS,0,
VEH-0106,10,Body,TRUE,443.59,504.94,61.35,58.3,,61.35,,0,
VEH-0106,11,Body,TRUE,504.94,535.71,30.77,30.8,,30.77,PASS,0,
VEH-0106,12,Body,TRUE,535.71,608.02,72.31,68.8,,72.31,,0,
VEH-0106,13,Body,TRUE,608.02,663.81,55.79,63.3,46.19,55.79,PASS,0,
VEH-0106,14,Body,TRUE,663.81,700.15,36.34,38.5,47.65,36.34,,0,
VEH-0106,15,Body,FALSE,700.15,735.47,,37.3,,35.32,PASS,0,
VEH-0106,16,Paint,FALSE,735.47,771.18,,37.3,,35.71,,0,
VEH-0106,17,Paint,TRUE,771.18,814.57,43.39,42.2,,43.39,,0,
VEH-0106,18,Paint,FALSE,814.57,867.25,,51,,52.68,,0,
VEH-0106,19,Paint,TRUE,867.25,913.5,46.25,47.3,45.56,46.25,,0,
VEH-0106,20,Paint,TRUE,913.5,956.13,42.63,41.6,,42.63,,0,
VEH-0106,21,Paint,TRUE,956.13,1011.7,55.57,54.5,,55.57,,0,
VEH-0106,22,Paint,TRUE,1011.7,1046.58,34.88,35.6,,34.88,PASS,0,
VEH-0106,23,Final Assembly,TRUE,1046.58,1089.34,42.76,41.7,,42.76,,0,
VEH-0106,24,Final Assembly,TRUE,1089.34,1137.19,47.85,44.7,,47.85,,0,
VEH-0106,25,Final Assembly,TRUE,1137.19,1182.44,45.25,48.2,,45.25,,0,
VEH-0106,26,Final Assembly,TRUE,1182.44,1241.26,58.82,61.4,,58.82,PASS,0,
VEH-0106,27,Final Assembly,TRUE,1241.26,1279.31,38.05,38,43.42,38.05,,0,
VEH-0106,28,Final Assembly,FALSE,1279.31,1325.35,,50.6,,46.04,,0,
VEH-0106,29,Final Assembly,TRUE,1325.35,1381.99,56.64,53.7,41.66,56.64,,0,
VEH-0106,30,Final Assembly,TRUE,1381.99,1413.25,31.26,31.9,,31.26,,0,
VEH-0106,31,Final Assembly,TRUE,1413.25,1469.61,56.36,54.3,,56.36,,0,
VEH-0106,32,Final Assembly,TRUE,1469.61,1506.9,37.29,36.8,,37.29,PASS,0,
VEH-0106,33,Final Assembly,TRUE,1506.9,1538.87,31.97,32.6,43.35,31.97,,0,
VEH-0106,34,Final Assembly,TRUE,1538.87,1608.04,69.17,68,,69.17,,0,
VEH-0106,35,Final Assembly,TRUE,1608.04,1673.25,65.21,68.6,,65.21,,0,
VEH-0106,36,Final Assembly,TRUE,1673.25,1736.38,63.13,62.3,45.21,63.13,,0,
VEH-0106,37,Final Assembly,TRUE,1736.38,1778.9,42.52,42.2,,42.52,,0,
VEH-0106,38,Final Assembly,TRUE,1778.9,1811.71,32.81,33.9,,32.81,,0,
VEH-0106,39,Final Assembly,FALSE,1811.71,1874.95,,57.4,,63.24,,0,
VEH-0106,40,Final Assembly,TRUE,1874.95,1923.4,48.45,47.6,,48.45,,0,
VEH-0107,1,Body,FALSE,0,42.28,,45,,42.28,,0,
VEH-0107,2,Body,FALSE,42.28,110.47,,68,,68.19,,0,
VEH-0107,3,Body,FALSE,110.47,170.11,,59.3,,59.64,,0,
VEH-0107,4,Body,TRUE,170.11,224.51,54.4,53.9,,54.4,,0,
VEH-0107,5,Body,TRUE,224.51,262.37,37.86,36.2,,37.86,PASS,0,
VEH-0107,6,Body,FALSE,262.37,300.41,,36.2,,38.04,,0,
VEH-0107,7,Body,FALSE,300.41,331.75,,32.3,,31.34,,0,
VEH-0107,8,Body,FALSE,331.75,394.36,,64.6,,62.61,,0,
VEH-0107,9,Body,FALSE,394.36,445.55,,54,,51.19,PASS,0,
VEH-0107,10,Body,TRUE,445.55,505.89,60.34,58.3,,60.34,,0,
VEH-0107,11,Body,TRUE,505.89,538.92,33.03,30.8,,33.03,PASS,0,
VEH-0107,12,Body,TRUE,538.92,606.64,67.72,68.8,,67.72,,0,
VEH-0107,13,Body,TRUE,606.64,669.17,62.53,63.3,47.2,62.53,PASS,0,
VEH-0107,14,Body,TRUE,669.17,708.65,39.48,38.5,45.65,39.48,,0,
VEH-0107,15,Body,FALSE,708.65,743.73,,37.3,,35.08,PASS,0,
VEH-0107,16,Paint,FALSE,743.73,782.29,,37.3,,38.56,,0,
VEH-0107,17,Paint,TRUE,782.29,822.53,40.24,42.2,,40.24,,0,
VEH-0107,18,Paint,FALSE,822.53,870.64,,51,,48.11,,0,
VEH-0107,19,Paint,TRUE,870.64,917.12,46.48,47.3,44.12,46.48,,0,
VEH-0107,20,Paint,TRUE,917.12,958.26,41.14,41.6,,41.14,,0,
VEH-0107,21,Paint,TRUE,958.26,1008.83,50.57,54.5,,50.57,,0,
VEH-0107,22,Paint,TRUE,1008.83,1046.14,37.31,35.6,,37.31,PASS,0,
VEH-0107,23,Final Assembly,TRUE,1046.14,1090.2,44.06,41.7,,44.06,,0,
VEH-0107,24,Final Assembly,TRUE,1090.2,1130.54,40.34,44.7,,40.34,,0,
VEH-0107,25,Final Assembly,TRUE,1130.54,1181.1,50.56,48.2,,50.56,,0,
VEH-0107,26,Final Assembly,TRUE,1181.1,1240.01,58.91,61.4,,58.91,PASS,0,
VEH-0107,27,Final Assembly,TRUE,1240.01,1279.64,39.63,38,44.9,39.63,,0,
VEH-0107,28,Final Assembly,FALSE,1279.64,1330.31,,50.6,,50.67,,0,
VEH-0107,29,Final Assembly,TRUE,1330.31,1383.51,53.2,53.7,46.82,53.2,,0,
VEH-0107,30,Final Assembly,TRUE,1383.51,1413.44,29.93,31.9,,29.93,,0,
VEH-0107,31,Final Assembly,TRUE,1413.44,1469.39,55.95,54.3,,55.95,,0,
VEH-0107,32,Final Assembly,TRUE,1469.39,1508.22,38.83,36.8,,38.83,PASS,0,
VEH-0107,33,Final Assembly,TRUE,1508.22,1541.99,33.77,32.6,48.49,33.77,,0,
VEH-0107,34,Final Assembly,TRUE,1541.99,1608.19,66.2,68,,66.2,,0,
VEH-0107,35,Final Assembly,TRUE,1608.19,1680.07,71.88,68.6,,71.88,,0,
VEH-0107,36,Final Assembly,TRUE,1680.07,1742.04,61.97,62.3,46.85,61.97,,0,
VEH-0107,37,Final Assembly,TRUE,1742.04,1784.22,42.18,42.2,,42.18,,0,
VEH-0107,38,Final Assembly,TRUE,1784.22,1817.46,33.24,33.9,,33.24,,0,
VEH-0107,39,Final Assembly,FALSE,1817.46,1878.61,,57.4,,61.15,,0,
VEH-0107,40,Final Assembly,TRUE,1878.61,1925.04,46.43,47.6,,46.43,,0,
VEH-0108,1,Body,FALSE,0,41.82,,45,,41.82,,0,
VEH-0108,2,Body,FALSE,41.82,108.35,,68,,66.53,,0,
VEH-0108,3,Body,FALSE,108.35,173,,59.3,,64.65,,0,
VEH-0108,4,Body,TRUE,173,227.71,54.71,53.9,,54.71,,0,
VEH-0108,5,Body,TRUE,227.71,262.87,35.16,36.2,,35.16,PASS,0,
VEH-0108,6,Body,FALSE,262.87,300.83,,36.2,,37.96,,0,
VEH-0108,7,Body,FALSE,300.83,334.13,,32.3,,33.3,,0,
VEH-0108,8,Body,FALSE,334.13,393.39,,64.6,,59.26,,0,
VEH-0108,9,Body,FALSE,393.39,444.6,,54,,51.21,PASS,0,
VEH-0108,10,Body,TRUE,444.6,502.56,57.96,58.3,,57.96,,0,
VEH-0108,11,Body,TRUE,502.56,530.92,28.36,30.8,,28.36,PASS,0,
VEH-0108,12,Body,TRUE,530.92,606.91,75.99,68.8,,75.99,,0,
VEH-0108,13,Body,TRUE,606.91,672.82,65.91,63.3,44.98,65.91,PASS,0,
VEH-0108,14,Body,TRUE,672.82,710.66,37.84,38.5,44.1,37.84,,0,
VEH-0108,15,Body,FALSE,710.66,744.31,,37.3,,33.65,PASS,0,
VEH-0108,16,Paint,FALSE,744.31,778.39,,37.3,,34.08,,0,
VEH-0108,17,Paint,TRUE,778.39,824.6,46.21,42.2,,46.21,,0,
VEH-0108,18,Paint,FALSE,824.6,879.61,,51,,55.01,,0,
VEH-0108,19,Paint,TRUE,879.61,925.55,45.94,47.3,46.36,45.94,,0,
VEH-0108,20,Paint,TRUE,925.55,968.2,42.65,41.6,,42.65,,0,
VEH-0108,21,Paint,TRUE,968.2,1024.4,56.2,54.5,,56.2,,0,
VEH-0108,22,Paint,TRUE,1024.4,1057.46,33.06,35.6,,33.06,PASS,0,
VEH-0108,23,Final Assembly,TRUE,1057.46,1095.38,37.92,41.7,,37.92,,0,
VEH-0108,24,Final Assembly,TRUE,1095.38,1142.73,47.35,44.7,,47.35,,0,
VEH-0108,25,Final Assembly,TRUE,1142.73,1186.16,43.43,48.2,,43.43,,0,
VEH-0108,26,Final Assembly,TRUE,1186.16,1247.11,60.95,61.4,,60.95,PASS,0,
VEH-0108,27,Final Assembly,TRUE,1247.11,1284.41,37.3,38,44.31,37.3,,0,
VEH-0108,28,Final Assembly,FALSE,1284.41,1335.81,,50.6,,51.4,,0,
VEH-0108,29,Final Assembly,TRUE,1335.81,1387.69,51.88,53.7,45.59,51.88,,0,
VEH-0108,30,Final Assembly,TRUE,1387.69,1419.81,32.12,31.9,,32.12,,0,
VEH-0108,31,Final Assembly,TRUE,1419.81,1479.8,59.99,54.3,,59.99,,0,
VEH-0108,32,Final Assembly,TRUE,1479.8,1514.05,34.25,36.8,,34.25,PASS,0,
VEH-0108,33,Final Assembly,TRUE,1514.05,1546.7,32.65,32.6,45.65,32.65,,0,
VEH-0108,34,Final Assembly,TRUE,1546.7,1613.83,67.13,68,,67.13,,0,
VEH-0108,35,Final Assembly,TRUE,1613.83,1677.84,64.01,68.6,,64.01,,0,
VEH-0108,36,Final Assembly,TRUE,1677.84,1744.06,66.22,62.3,45.51,66.22,,0,
VEH-0108,37,Final Assembly,TRUE,1744.06,1783.59,39.53,42.2,,39.53,,0,
VEH-0108,38,Final Assembly,TRUE,1783.59,1818.24,34.65,33.9,,34.65,,0,
VEH-0108,39,Final Assembly,FALSE,1818.24,1880.52,,57.4,,62.28,,0,
VEH-0108,40,Final Assembly,TRUE,1880.52,1928.03,47.51,47.6,,47.51,,0,
VEH-0109,1,Body,FALSE,0,44.18,,45,,44.18,,0,
VEH-0109,2,Body,FALSE,44.18,113.89,,68,,69.71,,0,
VEH-0109,3,Body,FALSE,113.89,174.73,,59.3,,60.84,,0,
VEH-0109,4,Body,TRUE,174.73,232.24,57.51,53.9,,57.51,,0,
VEH-0109,5,Body,TRUE,232.24,268.29,36.05,36.2,,36.05,PASS,0,
VEH-0109,6,Body,FALSE,268.29,305.04,,36.2,,36.75,,0,
VEH-0109,7,Body,FALSE,305.04,336.64,,32.3,,31.6,,0,
VEH-0109,8,Body,FALSE,336.64,401.83,,64.6,,65.19,,0,
VEH-0109,9,Body,FALSE,401.83,457.02,,54,,55.19,PASS,0,
VEH-0109,10,Body,TRUE,457.02,515.03,58.01,58.3,,58.01,,0,
VEH-0109,11,Body,TRUE,515.03,543.05,28.02,30.8,,28.02,PASS,0,
VEH-0109,12,Body,TRUE,543.05,612.99,69.94,68.8,,69.94,,0,
VEH-0109,13,Body,TRUE,612.99,677.45,64.46,63.3,43.98,64.46,PASS,0,
VEH-0109,14,Body,TRUE,677.45,713.47,36.02,38.5,47.21,36.02,,0,
VEH-0109,15,Body,FALSE,713.47,751.68,,37.3,,38.21,PASS,0,
VEH-0109,16,Paint,FALSE,751.68,788.55,,37.3,,36.87,,0,
VEH-0109,17,Paint,TRUE,788.55,828.35,39.8,42.2,,39.8,,0,
VEH-0109,18,Paint,FALSE,828.35,877.25,,51,,48.9,,0,
VEH-0109,19,Paint,TRUE,877.25,927.62,50.37,47.3,45.21,50.37,,0,
VEH-0109,20,Paint,TRUE,927.62,968.07,40.45,41.6,,40.45,,0,
VEH-0109,21,Paint,TRUE,968.07,1023.96,55.89,54.5,,55.89,,0,
VEH-0109,22,Paint,TRUE,1023.96,1058.11,34.15,35.6,,34.15,PASS,0,
VEH-0109,23,Final Assembly,TRUE,1058.11,1102.95,44.84,41.7,,44.84,,0,
VEH-0109,24,Final Assembly,TRUE,1102.95,1150.68,47.73,44.7,,47.73,,0,
VEH-0109,25,Final Assembly,TRUE,1150.68,1197.76,47.08,48.2,,47.08,,0,
VEH-0109,26,Final Assembly,TRUE,1197.76,1257.23,59.47,61.4,,59.47,PASS,0,
VEH-0109,27,Final Assembly,TRUE,1257.23,1290.26,33.03,38,42.78,33.03,,0,
VEH-0109,28,Final Assembly,FALSE,1290.26,1337.47,,50.6,,47.21,,0,
VEH-0109,29,Final Assembly,TRUE,1337.47,1391.53,54.06,53.7,44.51,54.06,,0,
VEH-0109,30,Final Assembly,TRUE,1391.53,1421.29,29.76,31.9,,29.76,,0,
VEH-0109,31,Final Assembly,TRUE,1421.29,1474.83,53.54,54.3,,53.54,,0,
VEH-0109,32,Final Assembly,TRUE,1474.83,1512.56,37.73,36.8,,37.73,PASS,0,
VEH-0109,33,Final Assembly,TRUE,1512.56,1546.02,33.46,32.6,42.15,33.46,,0,
VEH-0109,34,Final Assembly,TRUE,1546.02,1613.58,67.56,68,,67.56,,0,
VEH-0109,35,Final Assembly,TRUE,1613.58,1677.44,63.86,68.6,,63.86,,0,
VEH-0109,36,Final Assembly,TRUE,1677.44,1742.55,65.11,62.3,46.18,65.11,,0,
VEH-0109,37,Final Assembly,TRUE,1742.55,1782.86,40.31,42.2,,40.31,,0,
VEH-0109,38,Final Assembly,TRUE,1782.86,1815.46,32.6,33.9,,32.6,,0,
VEH-0109,39,Final Assembly,FALSE,1815.46,1871.54,,57.4,,56.08,,0,
VEH-0109,40,Final Assembly,TRUE,1871.54,1913.78,42.24,47.6,,42.24,,0,
VEH-0110,1,Body,FALSE,0,45.76,,45,,45.76,,0,
VEH-0110,2,Body,FALSE,45.76,111.84,,68,,66.08,,0,
VEH-0110,3,Body,FALSE,111.84,170.04,,59.3,,58.2,,0,
VEH-0110,4,Body,TRUE,170.04,223.53,53.49,53.9,,53.49,,0,
VEH-0110,6,Body,FALSE,259.1,294.71,,36.2,,35.61,,0,
VEH-0110,7,Body,FALSE,294.71,326.46,,32.3,,31.75,,0,
VEH-0110,8,Body,FALSE,326.46,384.37,,64.6,,57.91,,0,
VEH-0110,9,Body,FALSE,384.37,441.05,,54,,56.68,PASS,0,
VEH-0110,10,Body,TRUE,441.05,507.7,66.65,58.3,,66.65,,0,
VEH-0110,11,Body,TRUE,507.7,538.96,31.26,30.8,,31.26,PASS,0,
VEH-0110,12,Body,TRUE,538.96,603.85,64.89,68.8,,64.89,,0,
VEH-0110,13,Body,TRUE,603.85,663.87,60.02,63.3,45.92,60.02,PASS,0,
VEH-0110,14,Body,TRUE,663.87,703.11,39.24,38.5,44.57,39.24,,0,
VEH-0110,15,Body,FALSE,703.11,741.81,,37.3,,38.7,PASS,0,
VEH-0110,16,Paint,FALSE,741.81,775.27,,37.3,,33.46,,0,
VEH-0110,17,Paint,TRUE,775.27,819.06,43.79,42.2,,43.79,,0,
VEH-0110,18,Paint,FALSE,819.06,870.67,,51,,51.61,,0,
VEH-0110,19,Paint,TRUE,870.67,915.62,44.95,47.3,42.85,44.95,,0,
VEH-0110,20,Paint,TRUE,915.62,957.47,41.85,41.6,,41.85,,0,
VEH-0110,21,Paint,TRUE,957.47,1015.81,58.34,54.5,,58.34,,0,
VEH-0110,22,Paint,TRUE,1015.81,1051,35.19,35.6,,35.19,PASS,0,
VEH-0110,23,Final Assembly,TRUE,1051,1090.92,39.92,41.7,,39.92,,0,
VEH-0110,24,Final Assembly,TRUE,1090.92,1136.05,45.13,44.7,,45.13,,0,
VEH-0110,25,Final Assembly,TRUE,1136.05,1188.64,52.59,48.2,,52.59,,0,
VEH-0110,26,Final Assembly,TRUE,1188.64,1251.36,62.72,61.4,,62.72,PASS,0,
VEH-0110,27,Final Assembly,TRUE,1251.36,1290.38,39.02,38,46.83,39.02,,0,
VEH-0110,28,Final Assembly,FALSE,1290.38,1342.18,,50.6,,51.8,,0,
VEH-0110,29,Final Assembly,TRUE,1342.18,1393.78,51.6,53.7,42.38,51.6,,0,
VEH-0110,30,Final Assembly,TRUE,1393.78,1424.21,30.43,31.9,,30.43,,0,
VEH-0110,31,Final Assembly,TRUE,1424.21,1475.52,51.31,54.3,,51.31,,0,
VEH-0110,32,Final Assembly,TRUE,1475.52,1513.53,38.01,36.8,,38.01,PASS,0,
VEH-0110,33,Final Assembly,TRUE,1513.53,1547.43,33.9,32.6,45.26,33.9,,0,
VEH-0110,34,Final Assembly,TRUE,1547.43,1611.12,63.69,68,,63.69,,0,
VEH-0110,35,Final Assembly,TRUE,1611.12,1685.85,74.73,68.6,,74.73,,0,
VEH-0110,36,Final Assembly,TRUE,1685.85,1746.85,61,62.3,45.91,61,,0,
VEH-0110,37,Final Assembly,TRUE,1746.85,1789.15,42.3,42.2,,42.3,,0,
VEH-0110,38,Final Assembly,TRUE,1789.15,1823.4,34.25,33.9,,34.25,,0,
VEH-0110,39,Final Assembly,FALSE,1823.4,1882.43,,57.4,,59.03,,0,
VEH-0110,40,Final Assembly,TRUE,1882.43,1928.37,45.94,47.6,,45.94,,0,
VEH-0111,1,Body,FALSE,0,44.22,,45,,44.22,,0,
VEH-0111,2,Body,FALSE,44.22,111.97,,68,,67.75,,0,
VEH-0111,3,Body,FALSE,111.97,170.18,,59.3,,58.21,,0,
VEH-0111,4,Body,TRUE,170.18,226.26,56.08,53.9,,56.08,,0,
VEH-0111,5,Body,TRUE,226.26,264.49,38.23,36.2,,38.23,PASS,0,
VEH-0111,6,Body,FALSE,264.49,301.2,,36.2,,36.71,,0,
VEH-0111,7,Body,FALSE,301.2,332.95,,32.3,,31.75,,0,
VEH-0111,8,Body,FALSE,332.95,397.42,,64.6,,64.47,,0,
VEH-0111,9,Body,FALSE,397.42,451.47,,54,,54.05,PASS,0,
VEH-0111,10,Body,TRUE,451.47,507.43,55.96,58.3,,55.96,,0,
VEH-0111,11,Body,TRUE,507.43,539.12,31.69,30.8,,31.69,PASS,0,
VEH-0111,12,Body,TRUE,539.12,609.5,70.38,68.8,,70.38,,0,
VEH-0111,13,Body,TRUE,609.5,677.68,68.18,63.3,46.88,68.18,PASS,0,
VEH-0111,14,Body,TRUE,677.68,714.86,37.18,38.5,46.23,37.18,,0,
VEH-0111,15,Body,FALSE,714.86,750.39,,37.3,,35.53,PASS,0,
VEH-0111,16,Paint,FALSE,750.39,788.98,,37.3,,38.59,,0,
VEH-0111,17,Paint,TRUE,788.98,830.09,41.11,42.2,,41.11,,0,
VEH-0111,18,Paint,FALSE,830.09,878.48,,51,,48.39,,0,
VEH-0111,19,Paint,TRUE,878.48,926.44,47.96,47.3,40.99,47.96,,0,
VEH-0111,20,Paint,TRUE,926.44,964.4,37.96,41.6,,37.96,,0,
VEH-0111,21,Paint,TRUE,964.4,1018.42,54.02,54.5,,54.02,,0,
VEH-0111,22,Paint,TRUE,1018.42,1054.17,35.75,35.6,,35.75,PASS,0,
VEH-0111,23,Final Assembly,TRUE,1054.17,1095.1,40.93,41.7,,40.93,,0,
VEH-0111,24,Final Assembly,TRUE,1095.1,1136.26,41.16,44.7,,41.16,,0,
VEH-0111,25,Final Assembly,TRUE,1136.26,1182.49,46.23,48.2,,46.23,,0,
VEH-0111,26,Final Assembly,TRUE,1182.49,1245.09,62.6,61.4,,62.6,PASS,0,
VEH-0111,27,Final Assembly,TRUE,1245.09,1284.2,39.11,38,44.98,39.11,,0,
VEH-0111,28,Final Assembly,FALSE,1284.2,1337.73,,50.6,,53.53,,0,
VEH-0111,29,Final Assembly,TRUE,1337.73,1392.5,54.77,53.7,43.88,54.77,,0,
VEH-0111,30,Final Assembly,TRUE,1392.5,1423.95,31.45,31.9,,31.45,,0,
VEH-0111,31,Final Assembly,TRUE,1423.95,1474.45,50.5,54.3,,50.5,,0,
VEH-0111,32,Final Assembly,TRUE,1474.45,1511.05,36.6,36.8,,36.6,PASS,0,
VEH-0111,33,Final Assembly,TRUE,1511.05,1545.46,34.41,32.6,46.03,34.41,,0,
VEH-0111,34,Final Assembly,TRUE,1545.46,1618.23,72.77,68,,72.77,,0,
VEH-0111,35,Final Assembly,TRUE,1618.23,1685.79,67.56,68.6,,67.56,,0,
VEH-0111,36,Final Assembly,TRUE,1685.79,1752.29,66.5,62.3,44.71,66.5,,0,
VEH-0111,37,Final Assembly,TRUE,1752.29,1797.6,45.31,42.2,,45.31,,0,
VEH-0111,38,Final Assembly,TRUE,1797.6,1831.46,33.86,33.9,,33.86,,0,
VEH-0111,39,Final Assembly,FALSE,1831.46,1890.89,,57.4,,59.43,,0,
VEH-0111,40,Final Assembly,TRUE,1890.89,1942,51.11,47.6,,51.11,,0,
VEH-0112,1,Body,FALSE,0,44.56,,45,,44.56,,0,
VEH-0112,2,Body,FALSE,44.56,108.65,,68,,64.09,,0,
VEH-0112,3,Body,FALSE,108.65,165.09,,59.3,,56.44,,0,
VEH-0112,4,Body,TRUE,165.09,217.23,52.14,53.9,,52.14,,0,
VEH-0112,5,Body,TRUE,217.23,253.51,36.28,36.2,,36.28,PASS,0,
VEH-0112,6,Body,FALSE,253.51,290.39,,36.2,,36.88,,0,
VEH-0112,7,Body,FALSE,290.39,322.03,,32.3,,31.64,,0,
VEH-0112,8,Body,FALSE,322.03,385.45,,64.6,,63.42,,0,
VEH-0112,10,Body,TRUE,438.09,499.45,61.36,58.3,,61.36,,0,
VEH-0112,11,Body,TRUE,499.45,525.86,26.41,30.8,,26.41,PASS,0,
VEH-0112,12,Body,TRUE,525.86,593.6,67.74,68.8,,67.74,,0,
VEH-0112,13,Body,TRUE,593.6,661.8,68.2,63.3,45.78,68.2,PASS,0,
VEH-0112,14,Body,TRUE,661.8,702.75,40.95,38.5,41.95,40.95,,0,
VEH-0112,15,Body,FALSE,702.75,737.74,,37.3,,34.99,PASS,0,
VEH-0112,16,Paint,FALSE,737.74,776,,37.3,,38.26,,0,
VEH-0112,17,Paint,TRUE,776,821.47,45.47,42.2,,45.47,,0,
VEH-0112,18,Paint,FALSE,821.47,869.56,,51,,48.09,,0,
VEH-0112,19,Paint,TRUE,869.56,915.94,46.38,47.3,45.6,46.38,,0,
VEH-0112,20,Paint,TRUE,915.94,954.52,38.58,41.6,,38.58,,0,
VEH-0112,21,Paint,TRUE,954.52,1010.44,55.92,54.5,,55.92,,0,
VEH-0112,22,Paint,TRUE,1010.44,1041.28,30.84,35.6,,30.84,PASS,0,
VEH-0112,23,Final Assembly,TRUE,1041.28,1084.01,42.73,41.7,,42.73,,0,
VEH-0112,24,Final Assembly,TRUE,1084.01,1126.48,42.47,44.7,,42.47,,0,
VEH-0112,25,Final Assembly,TRUE,1126.48,1173.6,47.12,48.2,,47.12,,0,
VEH-0112,26,Final Assembly,TRUE,1173.6,1237,63.4,61.4,,63.4,PASS,0,
VEH-0112,27,Final Assembly,TRUE,1237,1275.85,38.85,38,44.99,38.85,,0,
VEH-0112,28,Final Assembly,FALSE,1275.85,1328.9,,50.6,,53.05,,0,
VEH-0112,29,Final Assembly,TRUE,1328.9,1378.03,49.13,53.7,45.31,49.13,,0,
VEH-0112,30,Final Assembly,TRUE,1378.03,1408.67,30.64,31.9,,30.64,,0,
VEH-0112,31,Final Assembly,TRUE,1408.67,1465.46,56.79,54.3,,56.79,,0,
VEH-0112,32,Final Assembly,TRUE,1465.46,1503.52,38.06,36.8,,38.06,PASS,0,
VEH-0112,33,Final Assembly,TRUE,1503.52,1537.3,33.78,32.6,47.47,33.78,,0,
VEH-0112,34,Final Assembly,TRUE,1537.3,1609.13,71.83,68,,71.83,,0,
VEH-0112,35,Final Assembly,TRUE,1609.13,1677.19,68.06,68.6,,68.06,,0,
VEH-0112,36,Final Assembly,TRUE,1677.19,1739.49,62.3,62.3,45.9,62.3,,0,
VEH-0112,37,Final Assembly,TRUE,1739.49,1781.98,42.49,42.2,,42.49,,0,
VEH-0112,38,Final Assembly,TRUE,1781.98,1817.08,35.1,33.9,,35.1,,0,
VEH-0112,39,Final Assembly,FALSE,1817.08,1868.08,,57.4,,51,,0,
VEH-0112,40,Final Assembly,TRUE,1868.08,1920.16,52.08,47.6,,52.08,,0,
VEH-0113,1,Body,FALSE,0,41.47,,45,,41.47,,0,
VEH-0113,2,Body,FALSE,41.47,111.02,,68,,69.55,,0,
VEH-0113,3,Body,FALSE,111.02,169.16,,59.3,,58.14,,0,
VEH-0113,4,Body,TRUE,169.16,221,51.84,53.9,,51.84,,0,
VEH-0113,5,Body,TRUE,221,255.82,34.82,36.2,,34.82,PASS,0,
VEH-0113,6,Body,FALSE,255.82,291.31,,36.2,,35.49,,0,
VEH-0113,7,Body,FALSE,291.31,324.23,,32.3,,32.92,,0,
VEH-0113,8,Body,FALSE,324.23,384.59,,64.6,,60.36,,0,
VEH-0113,9,Body,FALSE,384.59,437.52,,54,,52.93,PASS,0,
VEH-0113,10,Body,TRUE,437.52,495.7,58.18,58.3,,58.18,,0,
VEH-0113,11,Body,TRUE,495.7,524.81,29.11,30.8,,29.11,PASS,0,
VEH-0113,12,Body,TRUE,524.81,599.79,74.98,68.8,,74.98,,0,
VEH-0113,13,Body,TRUE,599.79,660.38,60.59,63.3,44,60.59,PASS,0,
VEH-0113,14,Body,TRUE,660.38,696.99,36.61,38.5,47.7,36.61,,0,
VEH-0113,15,Body,FALSE,696.99,735.32,,37.3,,38.33,PASS,0,
VEH-0113,16,Paint,FALSE,735.32,770.88,,37.3,,35.56,,0,
VEH-0113,17,Paint,TRUE,770.88,815.41,44.53,42.2,,44.53,,0,
VEH-0113,18,Paint,FALSE,815.41,866.92,,51,,51.51,,0,
VEH-0113,19,Paint,TRUE,866.92,914.83,47.91,47.3,44.48,47.91,,0,
VEH-0113,20,Paint,TRUE,914.83,954.87,40.04,41.6,,40.04,,0,
VEH-0113,21,Paint,TRUE,954.87,1010.29,55.42,54.5,,55.42,,0,
VEH-0113,22,Paint,TRUE,1010.29,1044.92,34.63,35.6,,34.63,PASS,0,
VEH-0113,23,Final Assembly,TRUE,1044.92,1090.42,45.5,41.7,,45.5,,0,
VEH-0113,24,Final Assembly,TRUE,1090.42,1132.28,41.86,44.7,,41.86,,0,
VEH-0113,25,Final Assembly,TRUE,1132.28,1184.18,51.9,48.2,,51.9,,0,
VEH-0113,26,Final Assembly,TRUE,1184.18,1245.24,61.06,61.4,,61.06,PASS,0,
VEH-0113,27,Final Assembly,TRUE,1245.24,1283.81,38.57,38,46.25,38.57,,0,
VEH-0113,28,Final Assembly,FALSE,1283.81,1332.82,,50.6,,49.01,,0,
VEH-0113,29,Final Assembly,TRUE,1332.82,1388.84,56.02,53.7,40.94,56.02,,0,
VEH-0113,30,Final Assembly,TRUE,1388.84,1419.6,30.76,31.9,,30.76,,0,
VEH-0113,31,Final Assembly,TRUE,1419.6,1471.4,51.8,54.3,,51.8,,0,
VEH-0113,32,Final Assembly,TRUE,1471.4,1505.89,34.49,36.8,,34.49,PASS,0,
VEH-0113,33,Final Assembly,TRUE,1505.89,1538.14,32.25,32.6,45.58,32.25,,0,
VEH-0113,34,Final Assembly,TRUE,1538.14,1608.53,70.39,68,,70.39,,0,
VEH-0113,35,Final Assembly,TRUE,1608.53,1677.96,69.43,68.6,,69.43,,0,
VEH-0113,36,Final Assembly,TRUE,1677.96,1738.18,60.22,62.3,45.55,60.22,,0,
VEH-0113,37,Final Assembly,TRUE,1738.18,1780.64,42.46,42.2,,42.46,,0,
VEH-0113,38,Final Assembly,TRUE,1780.64,1816.13,35.49,33.9,,35.49,,0,
VEH-0113,39,Final Assembly,FALSE,1816.13,1875.76,,57.4,,59.63,,0,
VEH-0113,40,Final Assembly,TRUE,1875.76,1923.43,47.67,47.6,,47.67,,0,
VEH-0114,1,Body,FALSE,0,42.98,,45,,42.98,,0,
VEH-0114,2,Body,FALSE,42.98,113.61,,68,,70.63,,0,
VEH-0114,3,Body,FALSE,113.61,173.44,,59.3,,59.83,,0,
VEH-0114,4,Body,TRUE,173.44,224.99,51.55,53.9,,51.55,,0,
VEH-0114,5,Body,TRUE,224.99,260.13,35.14,36.2,,35.14,PASS,0,
VEH-0114,6,Body,FALSE,260.13,298.7,,36.2,,38.57,,0,
VEH-0114,7,Body,FALSE,298.7,332.51,,32.3,,33.81,,0,
VEH-0114,8,Body,FALSE,332.51,393.69,,64.6,,61.18,,0,
VEH-0114,9,Body,FALSE,393.69,450.83,,54,,57.14,PASS,0,
VEH-0114,10,Body,TRUE,450.83,508.89,58.06,58.3,,58.06,,0,
VEH-0114,11,Body,TRUE,508.89,540.92,32.03,30.8,,32.03,PASS,0,
VEH-0114,12,Body,TRUE,540.92,609.16,68.24,68.8,,68.24,,0,
VEH-0114,13,Body,TRUE,609.16,676.22,67.06,63.3,43.26,67.06,PASS,0,
VEH-0114,14,Body,TRUE,676.22,714.23,38.01,38.5,46.82,38.01,,0,
VEH-0114,15,Body,FALSE,714.23,747.08,,37.3,,32.85,PASS,0,
VEH-0114,16,Paint,FALSE,747.08,784.29,,37.3,,37.21,,0,
VEH-0114,17,Paint,TRUE,784.29,825.66,41.37,42.2,,41.37,,0,
VEH-0114,18,Paint,FALSE,825.66,878.41,,51,,52.75,,0,
VEH-0114,19,Paint,TRUE,878.41,928.23,49.82,47.3,46.1,49.82,,0,
VEH-0114,20,Paint,TRUE,928.23,970.33,42.1,41.6,,42.1,,0,
VEH-0114,21,Paint,TRUE,970.33,1024.94,54.61,54.5,,54.61,,0,
VEH-0114,22,Paint,TRUE,1024.94,1059.93,34.99,35.6,,34.99,PASS,0,
VEH-0114,23,Final Assembly,TRUE,1059.93,1102.07,42.14,41.7,,42.14,,0,
VEH-0114,24,Final Assembly,TRUE,1102.07,1150.04,47.97,44.7,,47.97,,0,
VEH-0114,25,Final Assembly,TRUE,1150.04,1196.24,46.2,48.2,,46.2,,0,
VEH-0114,26,Final Assembly,TRUE,1196.24,1256.41,60.17,61.4,,60.17,PASS,0,
VEH-0114,27,Final Assembly,TRUE,1256.41,1294.27,37.86,38,46.5,37.86,,0,
VEH-0114,28,Final Assembly,FALSE,1294.27,1345.43,,50.6,,51.16,,0,
VEH-0114,29,Final Assembly,TRUE,1345.43,1401.78,56.35,53.7,46.55,56.35,,0,
VEH-0114,30,Final Assembly,TRUE,1401.78,1434.62,32.84,31.9,,32.84,,0,
VEH-0114,31,Final Assembly,TRUE,1434.62,1486.04,51.42,54.3,,51.42,,0,
VEH-0114,32,Final Assembly,TRUE,1486.04,1525.9,39.86,36.8,,39.86,PASS,0,
VEH-0114,33,Final Assembly,TRUE,1525.9,1560.8,34.9,32.6,45.1,34.9,,0,
VEH-0114,34,Final Assembly,TRUE,1560.8,1624.1,63.3,68,,63.3,,0,
VEH-0114,35,Final Assembly,TRUE,1624.1,1687.35,63.25,68.6,,63.25,,0,
VEH-0114,36,Final Assembly,TRUE,1687.35,1750.44,63.09,62.3,43.95,63.09,,0,
VEH-0114,37,Final Assembly,TRUE,1750.44,1789.02,38.58,42.2,,38.58,,0,
VEH-0114,38,Final Assembly,TRUE,1789.02,1820.24,31.22,33.9,,31.22,,0,
VEH-0114,39,Final Assembly,FALSE,1820.24,1876.29,,57.4,,56.05,,0,
VEH-0114,40,Final Assembly,TRUE,1876.29,1924.35,48.06,47.6,,48.06,,0,
VEH-0115,1,Body,FALSE,0,42.75,,45,,42.75,,0,
VEH-0115,2,Body,FALSE,42.75,107.61,,68,,64.86,,0,
VEH-0115,3,Body,FALSE,107.61,164.08,,59.3,,56.47,,0,
VEH-0115,4,Body,TRUE,164.08,219.38,55.3,53.9,,55.3,,0,
VEH-0115,5,Body,TRUE,219.38,254.66,35.28,36.2,,35.28,PASS,0,
VEH-0115,6,Body,FALSE,254.66,290.54,,36.2,,35.88,,0,
VEH-0115,7,Body,FALSE,290.54,324.28,,32.3,,33.74,,0,
VEH-0115,8,Body,FALSE,324.28,386.78,,64.6,,62.5,,0,
VEH-0115,9,Body,FALSE,386.78,440.07,,54,,53.29,PASS,0,
VEH-0115,10,Body,TRUE,440.07,499.44,59.37,58.3,,59.37,,0,
VEH-0115,11,Body,TRUE,499.44,527.25,27.81,30.8,,27.81,PASS,0,
VEH-0115,12,Body,TRUE,527.25,587.85,60.6,68.8,,60.6,,0,
VEH-0115,13,Body,TRUE,587.85,652.25,64.4,63.3,45.74,64.4,PASS,0,
VEH-0115,14,Body,TRUE,652.25,694.73,42.48,38.5,45.24,42.48,,0,
VEH-0115,15,Body,FALSE,694.73,733.55,,37.3,,38.82,PASS,0,
VEH-0115,16,Paint,FALSE,733.55,770.49,,37.3,,36.94,,0,
VEH-0115,17,Paint,TRUE,770.49,813.32,42.83,42.2,,42.83,,0,
VEH-0115,18,Paint,FALSE,813.32,868.57,,51,,55.25,,0,
VEH-0115,19,Paint,TRUE,868.57,910.86,42.29,47.3,45.62,42.29,,0,
VEH-0115,20,Paint,TRUE,910.86,956.9,46.04,41.6,,46.04,,0,
VEH-0115,21,Paint,TRUE,956.9,1012.17,55.27,54.5,,55.27,,0,
VEH-0115,22,Paint,TRUE,1012.17,1050.71,38.54,35.6,,38.54,PASS,0,
VEH-0115,23,Final Assembly,TRUE,1050.71,1091.09,40.38,41.7,,40.38,,0,
VEH-0115,24,Final Assembly,TRUE,1091.09,1135.72,44.63,44.7,,44.63,,0,
VEH-0115,25,Final Assembly,TRUE,1135.72,1184,48.28,48.2,,48.28,,0,
VEH-0115,26,Final Assembly,TRUE,1184,1238.59,54.59,61.4,,54.59,PASS,0,
VEH-0115,27,Final Assembly,TRUE,1238.59,1274.37,35.78,38,43.35,35.78,,0,
VEH-0115,28,Final Assembly,FALSE,1274.37,1327.05,,50.6,,52.68,,0,
VEH-0115,29,Final Assembly,TRUE,1327.05,1383.1,56.05,53.7,45.49,56.05,,0,
VEH-0115,30,Final Assembly,TRUE,1383.1,1416.31,33.21,31.9,,33.21,,0,
VEH-0115,31,Final Assembly,TRUE,1416.31,1470.17,53.86,54.3,,53.86,,0,
VEH-0115,32,Final Assembly,TRUE,1470.17,1509.18,39.01,36.8,,39.01,PASS,0,
VEH-0115,33,Final Assembly,TRUE,1509.18,1541.79,32.61,32.6,45.09,32.61,,0,
VEH-0115,34,Final Assembly,TRUE,1541.79,1608.89,67.1,68,,67.1,,0,
VEH-0115,35,Final Assembly,TRUE,1608.89,1679.84,70.95,68.6,,70.95,,0,
VEH-0115,36,Final Assembly,TRUE,1679.84,1740.83,60.99,62.3,46.46,60.99,,0,
VEH-0115,37,Final Assembly,TRUE,1740.83,1780.64,39.81,42.2,,39.81,,0,
VEH-0115,38,Final Assembly,TRUE,1780.64,1812.67,32.03,33.9,,32.03,,0,
VEH-0115,39,Final Assembly,FALSE,1812.67,1872.04,,57.4,,59.37,,0,
VEH-0115,40,Final Assembly,TRUE,1872.04,1919.43,47.39,47.6,,47.39,,0,
VEH-0116,1,Body,FALSE,0,43.98,,45,,43.98,,0,
VEH-0116,2,Body,FALSE,43.98,109.87,,68,,65.89,,0,
VEH-0116,3,Body,FALSE,109.87,167.44,,59.3,,57.57,,0,
VEH-0116,4,Body,TRUE,167.44,217.49,50.05,53.9,,50.05,,0,
VEH-0116,5,Body,TRUE,217.49,252.86,35.37,36.2,,35.37,PASS,0,
VEH-0116,6,Body,FALSE,252.86,285.77,,36.2,,32.91,,0,
VEH-0116,7,Body,FALSE,285.77,319.98,,32.3,,34.21,,0,
VEH-0116,8,Body,FALSE,319.98,390.61,,64.6,,70.63,,0,
VEH-0116,9,Body,FALSE,390.61,438.33,,54,,47.72,PASS,0,
VEH-0116,10,Body,TRUE,438.33,495.26,56.93,58.3,,56.93,,0,
VEH-0116,11,Body,TRUE,495.26,525.44,30.18,30.8,,30.18,PASS,0,
VEH-0116,12,Body,TRUE,525.44,593.64,68.2,68.8,,68.2,,0,
VEH-0116,13,Body,TRUE,593.64,660.11,66.47,63.3,44.3,66.47,PASS,0,
VEH-0116,14,Body,TRUE,660.11,698.44,38.33,38.5,49.47,38.33,,0,
VEH-0116,15,Body,FALSE,698.44,735.53,,37.3,,37.09,PASS,0,
VEH-0116,16,Paint,FALSE,735.53,776.12,,37.3,,40.59,,0,
VEH-0116,17,Paint,TRUE,776.12,819.38,43.26,42.2,,43.26,,0,
VEH-0116,18,Paint,FALSE,819.38,868.97,,51,,49.59,,0,
VEH-0116,19,Paint,TRUE,868.97,914.57,45.6,47.3,44.99,45.6,,0,
VEH-0116,20,Paint,TRUE,914.57,953.83,39.26,41.6,,39.26,,0,
VEH-0116,21,Paint,TRUE,953.83,1005.97,52.14,54.5,,52.14,,0,
VEH-0116,22,Paint,TRUE,1005.97,1040.82,34.85,35.6,,34.85,PASS,0,
VEH-0116,23,Final Assembly,TRUE,1040.82,1083.13,42.31,41.7,,42.31,,0,
VEH-0116,24,Final Assembly,TRUE,1083.13,1131.92,48.79,44.7,,48.79,,0,
VEH-0116,25,Final Assembly,TRUE,1131.92,1178.95,47.03,48.2,,47.03,,0,
VEH-0116,26,Final Assembly,TRUE,1178.95,1241.77,62.82,61.4,,62.82,PASS,0,
VEH-0116,27,Final Assembly,TRUE,1241.77,1276.68,34.91,38,46.59,34.91,,0,
VEH-0116,28,Final Assembly,FALSE,1276.68,1322.92,,50.6,,46.24,,0,
VEH-0116,29,Final Assembly,TRUE,1322.92,1378.77,55.85,53.7,44.88,55.85,,0,
VEH-0116,30,Final Assembly,TRUE,1378.77,1410.48,31.71,31.9,,31.71,,0,
VEH-0116,31,Final Assembly,TRUE,1410.48,1463.97,53.49,54.3,,53.49,,0,
VEH-0116,32,Final Assembly,TRUE,1463.97,1498.38,34.41,36.8,,34.41,PASS,0,
VEH-0116,33,Final Assembly,TRUE,1498.38,1528.95,30.57,32.6,46.25,30.57,,0,
VEH-0116,34,Final Assembly,TRUE,1528.95,1596.99,68.04,68,,68.04,,0,
VEH-0116,35,Final Assembly,TRUE,1596.99,1664.54,67.55,68.6,,67.55,,0,
VEH-0116,36,Final Assembly,TRUE,1664.54,1728.22,63.68,62.3,45.15,63.68,,0,
VEH-0116,37,Final Assembly,TRUE,1728.22,1768.75,40.53,42.2,,40.53,,0,
VEH-0116,38,Final Assembly,TRUE,1768.75,1806.83,38.08,33.9,,38.08,,0,
VEH-0116,39,Final Assembly,FALSE,1806.83,1866.36,,57.4,,59.53,,0,
VEH-0116,40,Final Assembly,TRUE,1866.36,1914.26,47.9,47.6,,47.9,,0,
VEH-0117,1,Body,FALSE,0,49.35,,45,,49.35,,0,
VEH-0117,2,Body,FALSE,49.35,118.22,,68,,68.87,,0,
VEH-0117,3,Body,FALSE,118.22,177.49,,59.3,,59.27,,0,
VEH-0117,4,Body,TRUE,177.49,234.17,56.68,53.9,,56.68,,0,
VEH-0117,5,Body,TRUE,234.17,272.35,38.18,36.2,,38.18,PASS,0,
VEH-0117,6,Body,FALSE,272.35,307.09,,36.2,,34.74,,0,
VEH-0117,7,Body,FALSE,307.09,338.54,,32.3,,31.45,,0,
VEH-0117,8,Body,FALSE,338.54,399.62,,64.6,,61.08,,0,
VEH-0117,9,Body,FALSE,399.62,454.72,,54,,55.1,PASS,0,
VEH-0117,10,Body,TRUE,454.72,514.97,60.25,58.3,,60.25,,0,
VEH-0117,11,Body,TRUE,514.97,543.69,28.72,30.8,,28.72,PASS,0,
VEH-0117,12,Body,TRUE,543.69,610.92,67.23,68.8,,67.23,,0,
VEH-0117,13,Body,TRUE,610.92,669.95,59.03,63.3,43.65,59.03,PASS,0,
VEH-0117,14,Body,TRUE,669.95,709.51,39.56,38.5,43.9,39.56,,0,
VEH-0117,15,Body,FALSE,709.51,746.25,,37.3,,36.74,PASS,0,
VEH-0117,16,Paint,FALSE,746.25,780.52,,37.3,,34.27,,0,
VEH-0117,17,Paint,TRUE,780.52,823.11,42.59,42.2,,42.59,,0,
VEH-0117,18,Paint,FALSE,823.11,874,,51,,50.89,,0,
VEH-0117,19,Paint,TRUE,874,919.58,45.58,47.3,44.72,45.58,,0,
VEH-0117,20,Paint,TRUE,919.58,961.56,41.98,41.6,,41.98,,0,
VEH-0117,21,Paint,TRUE,961.56,1013.84,52.28,54.5,,52.28,,0,
VEH-0117,22,Paint,TRUE,1013.84,1046.81,32.97,35.6,,32.97,PASS,0,
VEH-0117,23,Final Assembly,TRUE,1046.81,1092.28,45.47,41.7,,45.47,,0,
VEH-0117,24,Final Assembly,TRUE,1092.28,1135.56,43.28,44.7,,43.28,,0,
VEH-0117,25,Final Assembly,TRUE,1135.56,1183.53,47.97,48.2,,47.97,,0,
VEH-0117,26,Final Assembly,TRUE,1183.53,1248.03,64.5,61.4,,64.5,PASS,0,
VEH-0117,27,Final Assembly,TRUE,1248.03,1292.74,44.71,38,43.13,44.71,,0,
VEH-0117,28,Final Assembly,FALSE,1292.74,1344.48,,50.6,,51.74,,0,
VEH-0117,29,Final Assembly,TRUE,1344.48,1396.28,51.8,53.7,44.19,51.8,,0,
VEH-0117,30,Final Assembly,TRUE,1396.28,1427.03,30.75,31.9,,30.75,,0,
VEH-0117,31,Final Assembly,TRUE,1427.03,1478.28,51.25,54.3,,51.25,,0,
VEH-0117,32,Final Assembly,TRUE,1478.28,1515,36.72,36.8,,36.72,PASS,0,
VEH-0117,33,Final Assembly,TRUE,1515,1545.2,30.2,32.6,46.42,30.2,,0,
VEH-0117,34,Final Assembly,TRUE,1545.2,1613.39,68.19,68,,68.19,,0,
VEH-0117,35,Final Assembly,TRUE,1613.39,1683.44,70.05,68.6,,70.05,,0,
VEH-0117,36,Final Assembly,TRUE,1683.44,1744.29,60.85,62.3,44.45,60.85,,0,
VEH-0117,37,Final Assembly,TRUE,1744.29,1787.1,42.81,42.2,,42.81,,0,
VEH-0117,38,Final Assembly,TRUE,1787.1,1819.02,31.92,33.9,,31.92,,0,
VEH-0117,39,Final Assembly,FALSE,1819.02,1875.39,,57.4,,56.37,,0,
VEH-0117,40,Final Assembly,TRUE,1875.39,1920.94,45.55,47.6,,45.55,,0,
VEH-0118,1,Body,FALSE,0,43,,45,,43,,0,
VEH-0118,2,Body,FALSE,43,109.61,,68,,66.61,,0,
VEH-0118,3,Body,FALSE,109.61,169.59,,59.3,,59.98,,0,
VEH-0118,4,Body,TRUE,169.59,225.42,55.83,53.9,,55.83,,0,
VEH-0118,5,Body,TRUE,225.42,262.17,36.75,36.2,,36.75,PASS,0,
VEH-0118,6,Body,FALSE,262.17,297.47,,36.2,,35.3,,0,
VEH-0118,7,Body,FALSE,297.47,332.53,,32.3,,35.06,,0,
VEH-0118,8,Body,FALSE,332.53,394.73,,64.6,,62.2,,0,
VEH-0118,10,Body,TRUE,447.99,503.14,55.15,58.3,,55.15,,0,
VEH-0118,11,Body,TRUE,503.14,533.97,30.83,30.8,,30.83,PASS,0,
VEH-0118,12,Body,TRUE,533.97,608.24,74.27,68.8,,74.27,,0,
VEH-0118,13,Body,TRUE,608.24,671.09,62.85,63.3,44.8,62.85,PASS,0,
VEH-0118,14,Body,TRUE,671.09,706.32,35.23,38.5,44.57,35.23,,0,
VEH-0118,15,Body,FALSE,706.32,745.76,,37.3,,39.44,PASS,0,
VEH-0118,16,Paint,FALSE,745.76,782.59,,37.3,,36.83,,0,
VEH-0118,17,Paint,TRUE,782.59,824.12,41.53,42.2,,41.53,,0,
VEH-0118,18,Paint,FALSE,824.12,877.94,,51,,53.82,,0,
VEH-0118,19,Paint,TRUE,877.94,924.5,46.56,47.3,46.94,46.56,,0,
VEH-0118,20,Paint,TRUE,924.5,963.43,38.93,41.6,,38.93,,0,
VEH-0118,21,Paint,TRUE,963.43,1019.78,56.35,54.5,,56.35,,0,
VEH-0118,23,Final Assembly,TRUE,1058.31,1102.12,43.81,41.7,,43.81,,0,
VEH-0118,24,Final Assembly,TRUE,1102.12,1142.64,40.52,44.7,,40.52,,0,
VEH-0118,25,Final Assembly,TRUE,1142.64,1189.3,46.66,48.2,,46.66,,0,
VEH-0118,26,Final Assembly,TRUE,1189.3,1249.96,60.66,61.4,,60.66,PASS,0,
VEH-0118,27,Final Assembly,TRUE,1249.96,1289.88,39.92,38,43,39.92,,0,
VEH-0118,28,Final Assembly,FALSE,1289.88,1337.9,,50.6,,48.02,,0,
VEH-0118,29,Final Assembly,TRUE,1337.9,1387.28,49.38,53.7,43.76,49.38,,0,
VEH-0118,30,Final Assembly,TRUE,1387.28,1417.19,29.91,31.9,,29.91,,0,
VEH-0118,31,Final Assembly,TRUE,1417.19,1475.82,58.63,54.3,,58.63,,0,
VEH-0118,32,Final Assembly,TRUE,1475.82,1511.43,35.61,36.8,,35.61,PASS,0,
VEH-0118,33,Final Assembly,TRUE,1511.43,1545.16,33.73,32.6,45.03,33.73,,0,
VEH-0118,34,Final Assembly,TRUE,1545.16,1613.17,68.01,68,,68.01,,0,
VEH-0118,35,Final Assembly,TRUE,1613.17,1679.74,66.57,68.6,,66.57,,0,
VEH-0118,36,Final Assembly,TRUE,1679.74,1744.44,64.7,62.3,45.23,64.7,,0,
VEH-0118,37,Final Assembly,TRUE,1744.44,1786.84,42.4,42.2,,42.4,,0,
VEH-0118,38,Final Assembly,TRUE,1786.84,1819.73,32.89,33.9,,32.89,,0,
VEH-0118,39,Final Assembly,FALSE,1819.73,1875.9,,57.4,,56.17,,0,
VEH-0118,40,Final Assembly,TRUE,1875.9,1924.9,49,47.6,,49,,0,
VEH-0119,1,Body,FALSE,0,49.3,,45,,49.3,,0,
VEH-0119,2,Body,FALSE,49.3,121.26,,68,,71.96,,0,
VEH-0119,3,Body,FALSE,121.26,184.55,,59.3,,63.29,,0,
VEH-0119,4,Body,TRUE,184.55,238.52,53.97,53.9,,53.97,,0,
VEH-0119,5,Body,TRUE,238.52,275.3,36.78,36.2,,36.78,PASS,0,
VEH-0119,6,Body,FALSE,275.3,313.31,,36.2,,38.01,,0,
VEH-0119,7,Body,FALSE,313.31,348.12,,32.3,,34.81,,0,
VEH-0119,8,Body,FALSE,348.12,407.54,,64.6,,59.42,,0,
VEH-0119,9,Body,FALSE,407.54,457.99,,54,,50.45,PASS,0,
VEH-0119,10,Body,TRUE,457.99,520.11,62.12,58.3,,62.12,,0,
VEH-0119,11,Body,TRUE,520.11,550.48,30.37,30.8,,30.37,PASS,0,
VEH-0119,12,Body,TRUE,550.48,616.97,66.49,68.8,,66.49,,0,
VEH-0119,13,Body,TRUE,616.97,676.29,59.32,63.3,44.17,59.32,PASS,0,
VEH-0119,14,Body,TRUE,676.29,712.08,35.79,38.5,48.14,35.79,,0,
VEH-0119,15,Body,FALSE,712.08,749.34,,37.3,,37.26,PASS,0,
VEH-0119,16,Paint,FALSE,749.34,786.53,,37.3,,37.19,,0,
VEH-0119,17,Paint,TRUE,786.53,829.97,43.44,42.2,,43.44,,0,
VEH-0119,18,Paint,FALSE,829.97,883.42,,51,,53.45,,0,
VEH-0119,19,Paint,TRUE,883.42,932.95,49.53,47.3,46.61,49.53,,0,
VEH-0119,20,Paint,TRUE,932.95,973.24,40.29,41.6,,40.29,,0,
VEH-0119,21,Paint,TRUE,973.24,1026.93,53.69,54.5,,53.69,,0,
VEH-0119,22,Paint,TRUE,1026.93,1063.9,36.97,35.6,,36.97,PASS,0,
VEH-0119,23,Final Assembly,TRUE,1063.9,1104.5,40.6,41.7,,40.6,,0,
VEH-0119,24,Final Assembly,TRUE,1104.5,1149.19,44.69,44.7,,44.69,,0,
VEH-0119,25,Final Assembly,TRUE,1149.19,1198.35,49.16,48.2,,49.16,,0,
VEH-0119,26,Final Assembly,TRUE,1198.35,1262.16,63.81,61.4,,63.81,PASS,0,
VEH-0119,27,Final Assembly,TRUE,1262.16,1296.78,34.62,38,46.07,34.62,,0,
VEH-0119,28,Final Assembly,FALSE,1296.78,1346.79,,50.6,,50.01,,0,
VEH-0119,29,Final Assembly,TRUE,1346.79,1402.39,55.6,53.7,46.17,55.6,,0,
VEH-0119,30,Final Assembly,TRUE,1402.39,1436.85,34.46,31.9,,34.46,,0,
VEH-0119,31,Final Assembly,TRUE,1436.85,1494.82,57.97,54.3,,57.97,,0,
VEH-0119,32,Final Assembly,TRUE,1494.82,1534.1,39.28,36.8,,39.28,PASS,0,
VEH-0119,33,Final Assembly,TRUE,1534.1,1569.05,34.95,32.6,45.44,34.95,,0,
VEH-0119,34,Final Assembly,TRUE,1569.05,1637.16,68.11,68,,68.11,,0,
VEH-0119,35,Final Assembly,TRUE,1637.16,1708.75,71.59,68.6,,71.59,,0,
VEH-0119,36,Final Assembly,TRUE,1708.75,1773.33,64.58,62.3,44.54,64.58,,0,
VEH-0119,37,Final Assembly,TRUE,1773.33,1816.38,43.05,42.2,,43.05,,0,
VEH-0119,38,Final Assembly,TRUE,1816.38,1850.22,33.84,33.9,,33.84,,0,
VEH-0119,39,Final Assembly,FALSE,1850.22,1905.17,,57.4,,54.95,,0,
VEH-0119,40,Final Assembly,TRUE,1905.17,1955.84,50.67,47.6,,50.67,,0,
VEH-0120,1,Body,FALSE,0,45.12,,45,,45.12,,0,
VEH-0120,2,Body,FALSE,45.12,116.68,,68,,71.56,,0,
VEH-0120,3,Body,FALSE,116.68,180.72,,59.3,,64.04,,0,
VEH-0120,4,Body,TRUE,180.72,232.74,52.02,53.9,,52.02,,0,
VEH-0120,5,Body,TRUE,232.74,269.38,36.64,36.2,,36.64,PASS,0,
VEH-0120,6,Body,FALSE,269.38,305.14,,36.2,,35.76,,0,
VEH-0120,7,Body,FALSE,305.14,338.83,,32.3,,33.69,,0,
VEH-0120,8,Body,FALSE,338.83,403.48,,64.6,,64.65,,0,
VEH-0120,9,Body,FALSE,403.48,452.28,,54,,48.8,PASS,0,
VEH-0120,10,Body,TRUE,452.28,513.51,61.23,58.3,,61.23,,0,
VEH-0120,11,Body,TRUE,513.51,543.84,30.33,30.8,,30.33,PASS,0,
VEH-0120,12,Body,TRUE,543.84,611.95,68.11,68.8,,68.11,,0,
VEH-0120,13,Body,TRUE,611.95,676.63,64.68,63.3,45.53,64.68,PASS,0,
VEH-0120,14,Body,TRUE,676.63,716.01,39.38,38.5,42.56,39.38,,0,
VEH-0120,15,Body,FALSE,716.01,754.34,,37.3,,38.33,PASS,0,
VEH-0120,16,Paint,FALSE,754.34,788.09,,37.3,,33.75,,0,
VEH-0120,17,Paint,TRUE,788.09,831.91,43.82,42.2,,43.82,,0,
VEH-0120,18,Paint,FALSE,831.91,885.76,,51,,53.85,,0,
VEH-0120,19,Paint,TRUE,885.76,929.83,44.07,47.3,45.49,44.07,,0,
VEH-0120,20,Paint,TRUE,929.83,973.63,43.8,41.6,,43.8,,0,
VEH-0120,21,Paint,TRUE,973.63,1026.9,53.27,54.5,,53.27,,0,
VEH-0120,22,Paint,TRUE,1026.9,1063.7,36.8,35.6,,36.8,PASS,0,
VEH-0120,23,Final Assembly,TRUE,1063.7,1099.58,35.88,41.7,,35.88,,0,
VEH-0120,24,Final Assembly,TRUE,1099.58,1146.74,47.16,44.7,,47.16,,0,
VEH-0120,25,Final Assembly,TRUE,1146.74,1195.01,48.27,48.2,,48.27,,0,
VEH-0120,26,Final Assembly,TRUE,1195.01,1255.62,60.61,61.4,,60.61,PASS,0,
VEH-0120,27,Final Assembly,TRUE,1255.62,1295.49,39.87,38,47.59,39.87,,0,
VEH-0120,28,Final Assembly,FALSE,1295.49,1347.32,,50.6,,51.83,,0,
VEH-0120,29,Final Assembly,TRUE,1347.32,1405.35,58.03,53.7,42.67,58.03,,0,
VEH-0120,30,Final Assembly,TRUE,1405.35,1438.31,32.96,31.9,,32.96,,0,
VEH-0120,31,Final Assembly,TRUE,1438.31,1492.25,53.94,54.3,,53.94,,0,
VEH-0120,32,Final Assembly,TRUE,1492.25,1527.6,35.35,36.8,,35.35,PASS,0,
VEH-0120,33,Final Assembly,TRUE,1527.6,1557.06,29.46,32.6,45.92,29.46,,0,
VEH-0120,34,Final Assembly,TRUE,1557.06,1628.04,70.98,68,,70.98,,0,
VEH-0120,35,Final Assembly,TRUE,1628.04,1701.24,73.2,68.6,,73.2,,0,
VEH-0120,36,Final Assembly,TRUE,1701.24,1767.21,65.97,62.3,43.84,65.97,,0,
VEH-0120,37,Final Assembly,TRUE,1767.21,1812.13,44.92,42.2,,44.92,,0,
VEH-0120,38,Final Assembly,TRUE,1812.13,1848.4,36.27,33.9,,36.27,,0,
VEH-0120,39,Final Assembly,FALSE,1848.4,1905.05,,57.4,,56.65,,0,
VEH-0120,40,Final Assembly,TRUE,1905.05,1952.72,47.67,47.6,,47.67,,0,
VEH-0121,1,Body,FALSE,0,45.12,,45,,45.12,,0,
VEH-0121,2,Body,FALSE,45.12,116.06,,68,,70.94,,0,
VEH-0121,3,Body,FALSE,116.06,173.95,,59.3,,57.89,,0,
VEH-0121,4,Body,TRUE,173.95,232.38,58.43,53.9,,58.43,,0,
VEH-0121,5,Body,TRUE,232.38,265.94,33.56,36.2,,33.56,PASS,0,
VEH-0121,6,Body,FALSE,265.94,304.3,,36.2,,38.36,,0,
VEH-0121,7,Body,FALSE,304.3,337.69,,32.3,,33.39,,0,
VEH-0121,8,Body,FALSE,337.69,398.24,,64.6,,60.55,,0,
VEH-0121,9,Body,FALSE,398.24,459.56,,54,,61.32,PASS,0,
VEH-0121,10,Body,TRUE,459.56,517.67,58.11,58.3,,58.11,,0,
VEH-0121,11,Body,TRUE,517.67,547.12,29.45,30.8,,29.45,PASS,0,
VEH-0121,12,Body,TRUE,547.12,611.08,63.96,68.8,,63.96,,0,
VEH-0121,13,Body,TRUE,611.08,673.68,62.6,63.3,44.81,62.6,PASS,0,
VEH-0121,14,Body,TRUE,673.68,712.38,38.7,38.5,44.55,38.7,,0,
VEH-0121,15,Body,FALSE,712.38,750.86,,37.3,,38.48,PASS,0,
VEH-0121,16,Paint,FALSE,750.86,787.44,,37.3,,36.58,,0,
VEH-0121,17,Paint,TRUE,787.44,825.56,38.12,42.2,,38.12,,0,
VEH-0121,18,Paint,FALSE,825.56,876.18,,51,,50.62,,0,
VEH-0121,19,Paint,TRUE,876.18,917.89,41.71,47.3,45.53,41.71,,0,
VEH-0121,20,Paint,TRUE,917.89,957.45,39.56,41.6,,39.56,,0,
VEH-0121,21,Paint,TRUE,957.45,1012.4,54.95,54.5,,54.95,,0,
VEH-0121,23,Final Assembly,TRUE,1050.34,1090.06,39.72,41.7,,39.72,,0,
VEH-0121,24,Final Assembly,TRUE,1090.06,1137.14,47.08,44.7,,47.08,,0,
VEH-0121,25,Final Assembly,TRUE,1137.14,1184.3,47.16,48.2,,47.16,,0,
VEH-0121,26,Final Assembly,TRUE,1184.3,1251.08,66.78,61.4,,66.78,PASS,0,
VEH-0121,27,Final Assembly,TRUE,1251.08,1288.39,37.31,38,43.74,37.31,,0,
VEH-0121,28,Final Assembly,FALSE,1288.39,1340.73,,50.6,,52.34,,0,
VEH-0121,29,Final Assembly,TRUE,1340.73,1393.26,52.53,53.7,43.74,52.53,,0,
VEH-0121,30,Final Assembly,TRUE,1393.26,1424.4,31.14,31.9,,31.14,,0,
VEH-0121,31,Final Assembly,TRUE,1424.4,1478.58,54.18,54.3,,54.18,,0,
VEH-0121,32,Final Assembly,TRUE,1478.58,1517.85,39.27,36.8,,39.27,PASS,0,
VEH-0121,33,Final Assembly,TRUE,1517.85,1547.3,29.45,32.6,45.03,29.45,,0,
VEH-0121,34,Final Assembly,TRUE,1547.3,1617.42,70.12,68,,70.12,,0,
VEH-0121,35,Final Assembly,TRUE,1617.42,1686.68,69.26,68.6,,69.26,,0,
VEH-0121,36,Final Assembly,TRUE,1686.68,1753.07,66.39,62.3,44.89,66.39,,0,
VEH-0121,37,Final Assembly,TRUE,1753.07,1794.88,41.81,42.2,,41.81,,0,
VEH-0121,38,Final Assembly,TRUE,1794.88,1829.79,34.91,33.9,,34.91,,0,
VEH-0121,39,Final Assembly,FALSE,1829.79,1887.48,,57.4,,57.69,,0,
VEH-0121,40,Final Assembly,TRUE,1887.48,1934.15,46.67,47.6,,46.67,,0,
VEH-0122,1,Body,FALSE,0,46.16,,45,,46.16,,0,
VEH-0122,2,Body,FALSE,46.16,106.36,,68,,60.2,,0,
VEH-0122,3,Body,FALSE,106.36,166.56,,59.3,,60.2,,0,
VEH-0122,4,Body,TRUE,166.56,222.7,56.14,53.9,,56.14,,0,
VEH-0122,5,Body,TRUE,222.7,260.17,37.47,36.2,,37.47,PASS,0,
VEH-0122,6,Body,FALSE,260.17,297.79,,36.2,,37.62,,0,
VEH-0122,7,Body,FALSE,297.79,331.59,,32.3,,33.8,,0,
VEH-0122,8,Body,FALSE,331.59,395.92,,64.6,,64.33,,0,
VEH-0122,9,Body,FALSE,395.92,446.95,,54,,51.03,PASS,0,
VEH-0122,10,Body,TRUE,446.95,499.31,52.36,58.3,,52.36,,0,
VEH-0122,11,Body,TRUE,499.31,529.55,30.24,30.8,,30.24,PASS,0,
VEH-0122,12,Body,TRUE,529.55,595.68,66.13,68.8,,66.13,,0,
VEH-0122,13,Body,TRUE,595.68,662.66,66.98,63.3,44.57,66.98,PASS,0,
VEH-0122,14,Body,TRUE,662.66,699.17,36.51,38.5,43.22,36.51,,0,
VEH-0122,15,Body,FALSE,699.17,740.17,,37.3,,41,PASS,0,
VEH-0122,16,Paint,FALSE,740.17,777.43,,37.3,,37.26,,0,
VEH-0122,17,Paint,TRUE,777.43,817.98,40.55,42.2,,40.55,,0,
VEH-0122,18,Paint,FALSE,817.98,869.3,,51,,51.32,,0,
VEH-0122,19,Paint,TRUE,869.3,921.08,51.78,47.3,44.42,51.78,,0,
VEH-0122,20,Paint,TRUE,921.08,964.11,43.03,41.6,,43.03,,0,
VEH-0122,21,Paint,TRUE,964.11,1021.85,57.74,54.5,,57.74,,0,
VEH-0122,22,Paint,TRUE,1021.85,1054.08,32.23,35.6,,32.23,PASS,0,
VEH-0122,23,Final Assembly,TRUE,1054.08,1094.45,40.37,41.7,,40.37,,0,
VEH-0122,24,Final Assembly,TRUE,1094.45,1141.53,47.08,44.7,,47.08,,0,
VEH-0122,25,Final Assembly,TRUE,1141.53,1188.04,46.51,48.2,,46.51,,0,
VEH-0122,26,Final Assembly,TRUE,1188.04,1250.71,62.67,61.4,,62.67,PASS,0,
VEH-0122,27,Final Assembly,TRUE,1250.71,1287.27,36.56,38,44.33,36.56,,0,
VEH-0122,28,Final Assembly,FALSE,1287.27,1336.43,,50.6,,49.16,,0,
VEH-0122,29,Final Assembly,TRUE,1336.43,1391.84,55.41,53.7,45.3,55.41,,0,
VEH-0122,30,Final Assembly,TRUE,1391.84,1423.9,32.06,31.9,,32.06,,0,
VEH-0122,31,Final Assembly,TRUE,1423.9,1485,61.1,54.3,,61.1,,0,
VEH-0122,32,Final Assembly,TRUE,1485,1525,40,36.8,,40,PASS,0,
VEH-0122,33,Final Assembly,TRUE,1525,1554.37,29.37,32.6,44.33,29.37,,0,
VEH-0122,34,Final Assembly,TRUE,1554.37,1630.62,76.25,68,,76.25,,0,
VEH-0122,35,Final Assembly,TRUE,1630.62,1697.25,66.63,68.6,,66.63,,0,
VEH-0122,36,Final Assembly,TRUE,1697.25,1766.06,68.81,62.3,44.36,68.81,,0,
VEH-0122,37,Final Assembly,TRUE,1766.06,1807.77,41.71,42.2,,41.71,,0,
VEH-0122,38,Final Assembly,TRUE,1807.77,1843.14,35.37,33.9,,35.37,,0,
VEH-0122,39,Final Assembly,FALSE,1843.14,1900.28,,57.4,,57.14,,0,
VEH-0122,40,Final Assembly,TRUE,1900.28,1949.06,48.78,47.6,,48.78,,0,
VEH-0123,1,Body,FALSE,0,45.03,,45,,45.03,,0,
VEH-0123,2,Body,FALSE,45.03,114.95,,68,,69.92,,0,
VEH-0123,3,Body,FALSE,114.95,172.5,,59.3,,57.55,,0,
VEH-0123,4,Body,TRUE,172.5,230.6,58.1,53.9,,58.1,,0,
VEH-0123,5,Body,TRUE,230.6,264.78,34.18,36.2,,34.18,PASS,0,
VEH-0123,6,Body,FALSE,264.78,297.83,,36.2,,33.05,,0,
VEH-0123,7,Body,FALSE,297.83,331.91,,32.3,,34.08,,0,
VEH-0123,8,Body,FALSE,331.91,391.03,,64.6,,59.12,,0,
VEH-0123,9,Body,FALSE,391.03,444.48,,54,,53.45,PASS,0,
VEH-0123,10,Body,TRUE,444.48,511.88,67.4,58.3,,67.4,,0,
VEH-0123,12,Body,TRUE,542.66,607.6,64.94,68.8,,64.94,,0,
VEH-0123,14,Body,TRUE,670.72,709.53,38.81,38.5,45.99,38.81,,0,
VEH-0123,15,Body,FALSE,709.53,744.9,,37.3,,35.37,PASS,0,
VEH-0123,16,Paint,FALSE,744.9,785.34,,37.3,,40.44,,0,
VEH-0123,17,Paint,TRUE,785.34,828.06,42.72,42.2,,42.72,,0,
VEH-0123,18,Paint,FALSE,828.06,880.91,,51,,52.85,,0,
VEH-0123,19,Paint,TRUE,880.91,926.73,45.82,47.3,46.93,45.82,,0,
VEH-0123,20,Paint,TRUE,926.73,967.8,41.07,41.6,,41.07,,0,
VEH-0123,21,Paint,TRUE,967.8,1023.06,55.26,54.5,,55.26,,0,
VEH-0123,22,Paint,TRUE,1023.06,1057,33.94,35.6,,33.94,PASS,0,
VEH-0123,23,Final Assembly,TRUE,1057,1096.62,39.62,41.7,,39.62,,0,
VEH-0123,24,Final Assembly,TRUE,1096.62,1142.86,46.24,44.7,,46.24,,0,
VEH-0123,25,Final Assembly,TRUE,1142.86,1189.99,47.13,48.2,,47.13,,0,
VEH-0123,26,Final Assembly,TRUE,1189.99,1248.77,58.78,61.4,,58.78,PASS,0,
VEH-0123,27,Final Assembly,TRUE,1248.77,1285.55,36.78,38,46.05,36.78,,0,
VEH-0123,28,Final Assembly,FALSE,1285.55,1334.56,,50.6,,49.01,,0,
VEH-0123,29,Final Assembly,TRUE,1334.56,1387.94,53.38,53.7,45.02,53.38,,0,
VEH-0123,30,Final Assembly,TRUE,1387.94,1416.79,28.85,31.9,,28.85,,0,
VEH-0123,31,Final Assembly,TRUE,1416.79,1467.1,50.31,54.3,,50.31,,0,
VEH-0123,32,Final Assembly,TRUE,1467.1,1504.52,37.42,36.8,,37.42,PASS,0,
VEH-0123,33,Final Assembly,TRUE,1504.52,1535.92,31.4,32.6,46.59,31.4,,0,
VEH-0123,34,Final Assembly,TRUE,1535.92,1607.21,71.29,68,,71.29,,0,
VEH-0123,35,Final Assembly,TRUE,1607.21,1678.28,71.07,68.6,,71.07,,0,
VEH-0123,36,Final Assembly,TRUE,1678.28,1746.26,67.98,62.3,44.88,67.98,,0,
VEH-0123,37,Final Assembly,TRUE,1746.26,1789.83,43.57,42.2,,43.57,,0,
VEH-0123,38,Final Assembly,TRUE,1789.83,1822.74,32.91,33.9,,32.91,,0,
VEH-0123,39,Final Assembly,FALSE,1822.74,1887.18,,57.4,,64.44,,0,
VEH-0123,40,Final Assembly,TRUE,1887.18,1939.5,52.32,47.6,,52.32,,0,
VEH-0124,1,Body,FALSE,0,45.03,,45,,45.03,,0,
VEH-0124,2,Body,FALSE,45.03,114.66,,68,,69.63,,0,
VEH-0124,3,Body,FALSE,114.66,173.13,,59.3,,58.47,,0,
VEH-0124,4,Body,TRUE,173.13,226.59,53.46,53.9,,53.46,,0,
VEH-0124,5,Body,TRUE,226.59,264.07,37.48,36.2,,37.48,PASS,0,
VEH-0124,6,Body,FALSE,264.07,299.8,,36.2,,35.73,,0,
VEH-0124,7,Body,FALSE,299.8,333.5,,32.3,,33.7,,0,
VEH-0124,8,Body,FALSE,333.5,399.59,,64.6,,66.09,,0,
VEH-0124,9,Body,FALSE,399.59,458.22,,54,,58.63,PASS,0,
VEH-0124,10,Body,TRUE,458.22,521.44,63.22,58.3,,63.22,,0,
VEH-0124,11,Body,TRUE,521.44,551.73,30.29,30.8,,30.29,PASS,0,
VEH-0124,12,Body,TRUE,551.73,620.25,68.52,68.8,,68.52,,0,
VEH-0124,13,Body,TRUE,620.25,683.48,63.23,63.3,44.99,63.23,PASS,0,
VEH-0124,14,Body,TRUE,683.48,720.15,36.67,38.5,43.37,36.67,,0,
VEH-0124,16,Paint,FALSE,759.77,799.1,,37.3,,39.33,,0,
VEH-0124,17,Paint,TRUE,799.1,843.56,44.46,42.2,,44.46,,0,
VEH-0124,18,Paint,FALSE,843.56,894.38,,51,,50.82,,0,
VEH-0124,19,Paint,TRUE,894.38,946.15,51.77,47.3,44.97,51.77,,0,
VEH-0124,20,Paint,TRUE,946.15,989.54,43.39,41.6,,43.39,,0,
VEH-0124,21,Paint,TRUE,989.54,1040.25,50.71,54.5,,50.71,,0,
VEH-0124,22,Paint,TRUE,1040.25,1075.44,35.19,35.6,,35.19,PASS,0,
VEH-0124,23,Final Assembly,TRUE,1075.44,1116.81,41.37,41.7,,41.37,,0,
VEH-0124,24,Final Assembly,TRUE,1116.81,1161.36,44.55,44.7,,44.55,,0,
VEH-0124,25,Final Assembly,TRUE,1161.36,1206.37,45.01,48.2,,45.01,,0,
VEH-0124,26,Final Assembly,TRUE,1206.37,1269.93,63.56,61.4,,63.56,PASS,0,
VEH-0124,27,Final Assembly,TRUE,1269.93,1309.88,39.95,38,43.88,39.95,,0,
VEH-0124,28,Final Assembly,FALSE,1309.88,1357.58,,50.6,,47.7,,0,
VEH-0124,29,Final Assembly,TRUE,1357.58,1409.21,51.63,53.7,45.74,51.63,,0,
VEH-0124,30,Final Assembly,TRUE,1409.21,1440.16,30.95,31.9,,30.95,,0,
VEH-0124,31,Final Assembly,TRUE,1440.16,1494.1,53.94,54.3,,53.94,,0,
VEH-0124,32,Final Assembly,TRUE,1494.1,1528.92,34.82,36.8,,34.82,PASS,0,
VEH-0124,33,Final Assembly,TRUE,1528.92,1564.75,35.83,32.6,45.11,35.83,,0,
VEH-0124,34,Final Assembly,TRUE,1564.75,1636.66,71.91,68,,71.91,,0,
VEH-0124,35,Final Assembly,TRUE,1636.66,1706.95,70.29,68.6,,70.29,,0,
VEH-0124,36,Final Assembly,TRUE,1706.95,1769.12,62.17,62.3,44.86,62.17,,0,
VEH-0124,37,Final Assembly,TRUE,1769.12,1809.79,40.67,42.2,,40.67,,0,
VEH-0124,38,Final Assembly,TRUE,1809.79,1842.92,33.13,33.9,,33.13,,0,
VEH-0124,39,Final Assembly,FALSE,1842.92,1897.43,,57.4,,54.51,,0,
VEH-0124,40,Final Assembly,TRUE,1897.43,1942.37,44.94,47.6,,44.94,,0,
VEH-0125,1,Body,FALSE,0,47.65,,45,,47.65,,0,
VEH-0125,2,Body,FALSE,47.65,117.04,,68,,69.39,,0,
VEH-0125,3,Body,FALSE,117.04,172.27,,59.3,,55.23,,0,
VEH-0125,4,Body,TRUE,172.27,224.89,52.62,53.9,,52.62,,0,
VEH-0125,5,Body,TRUE,224.89,266.42,41.53,36.2,,41.53,PASS,0,
VEH-0125,6,Body,FALSE,266.42,303.93,,36.2,,37.51,,0,
VEH-0125,7,Body,FALSE,303.93,340.04,,32.3,,36.11,,0,
VEH-0125,8,Body,FALSE,340.04,411.39,,64.6,,71.35,,0,
VEH-0125,9,Body,FALSE,411.39,466.04,,54,,54.65,PASS,0,
VEH-0125,10,Body,TRUE,466.04,525.22,59.18,58.3,,59.18,,0,
VEH-0125,12,Body,TRUE,555.96,618.78,62.82,68.8,,62.82,,0,
VEH-0125,13,Body,TRUE,618.78,682.14,63.36,63.3,46.82,63.36,PASS,0,
VEH-0125,14,Body,TRUE,682.14,719.48,37.34,38.5,45.62,37.34,,0,
VEH-0125,15,Body,FALSE,719.48,758.36,,37.3,,38.88,PASS,0,
VEH-0125,16,Paint,FALSE,758.36,793.97,,37.3,,35.61,,0,
VEH-0125,17,Paint,TRUE,793.97,835.22,41.25,42.2,,41.25,,0,
VEH-0125,18,Paint,FALSE,835.22,883.62,,51,,48.4,,0,
VEH-0125,19,Paint,TRUE,883.62,928.98,45.36,47.3,43.07,45.36,,0,
VEH-0125,20,Paint,TRUE,928.98,968.71,39.73,41.6,,39.73,,0,
VEH-0125,21,Paint,TRUE,968.71,1027.09,58.38,54.5,,58.38,,0,
VEH-0125,22,Paint,TRUE,1027.09,1061.06,33.97,35.6,,33.97,PASS,0,
VEH-0125,23,Final Assembly,TRUE,1061.06,1103.02,41.96,41.7,,41.96,,0,
VEH-0125,24,Final Assembly,TRUE,1103.02,1146.59,43.57,44.7,,43.57,,0,
VEH-0125,25,Final Assembly,TRUE,1146.59,1197.63,51.04,48.2,,51.04,,0,
VEH-0125,26,Final Assembly,TRUE,1197.63,1263.06,65.43,61.4,,65.43,PASS,0,
VEH-0125,27,Final Assembly,TRUE,1263.06,1302.7,39.64,38,45.46,39.64,,0,
VEH-0125,28,Final Assembly,FALSE,1302.7,1352.72,,50.6,,50.02,,0,
VEH-0125,29,Final Assembly,TRUE,1352.72,1403.21,50.49,53.7,47.92,50.49,,0,
VEH-0125,30,Final Assembly,TRUE,1403.21,1433.9,30.69,31.9,,30.69,,0,
VEH-0125,31,Final Assembly,TRUE,1433.9,1490,56.1,54.3,,56.1,,0,
VEH-0125,33,Final Assembly,TRUE,1528.75,1560.44,31.69,32.6,46.56,31.69,,0,
VEH-0125,34,Final Assembly,TRUE,1560.44,1631.04,70.6,68,,70.6,,0,
VEH-0125,35,Final Assembly,TRUE,1631.04,1705.57,74.53,68.6,,74.53,,0,
VEH-0125,36,Final Assembly,TRUE,1705.57,1766.41,60.84,62.3,43.07,60.84,,0,
VEH-0125,37,Final Assembly,TRUE,1766.41,1807.54,41.13,42.2,,41.13,,0,
VEH-0125,38,Final Assembly,TRUE,1807.54,1841.8,34.26,33.9,,34.26,,0,
VEH-0125,39,Final Assembly,FALSE,1841.8,1899.37,,57.4,,57.57,,0,
VEH-0125,40,Final Assembly,TRUE,1899.37,1946.03,46.66,47.6,,46.66,,0,
VEH-0126,1,Body,FALSE,0,40.7,,45,,40.7,,0,
VEH-0126,2,Body,FALSE,40.7,110.51,,68,,69.81,,0,
VEH-0126,3,Body,FALSE,110.51,171.16,,59.3,,60.65,,0,
VEH-0126,4,Body,TRUE,171.16,225.64,54.48,53.9,,54.48,,0,
VEH-0126,5,Body,TRUE,225.64,261.47,35.83,36.2,,35.83,PASS,0,
VEH-0126,6,Body,FALSE,261.47,298.05,,36.2,,36.58,,0,
VEH-0126,7,Body,FALSE,298.05,333.52,,32.3,,35.47,,0,
VEH-0126,8,Body,FALSE,333.52,399.6,,64.6,,66.08,,0,
VEH-0126,9,Body,FALSE,399.6,456.86,,54,,57.26,PASS,0,
VEH-0126,10,Body,TRUE,456.86,513.35,56.49,58.3,,56.49,,0,
VEH-0126,11,Body,TRUE,513.35,542.79,29.44,30.8,,29.44,PASS,0,
VEH-0126,12,Body,TRUE,542.79,622.86,80.07,68.8,,80.07,,0,
VEH-0126,13,Body,TRUE,622.86,687.87,65.01,63.3,45.85,65.01,PASS,0,
VEH-0126,14,Body,TRUE,687.87,727.52,39.65,38.5,47.11,39.65,,0,
VEH-0126,15,Body,FALSE,727.52,765.58,,37.3,,38.06,PASS,0,
VEH-0126,16,Paint,FALSE,765.58,804.4,,37.3,,38.82,,0,
VEH-0126,17,Paint,TRUE,804.4,844.37,39.97,42.2,,39.97,,0,
VEH-0126,18,Paint,FALSE,844.37,897.88,,51,,53.51,,0,
VEH-0126,19,Paint,TRUE,897.88,944.62,46.74,47.3,46.01,46.74,,0,
VEH-0126,20,Paint,TRUE,944.62,982.65,38.03,41.6,,38.03,,0,
VEH-0126,21,Paint,TRUE,982.65,1038.87,56.22,54.5,,56.22,,0,
VEH-0126,22,Paint,TRUE,1038.87,1070.48,31.61,35.6,,31.61,PASS,0,
VEH-0126,23,Final Assembly,TRUE,1070.48,1111.6,41.12,41.7,,41.12,,0,
VEH-0126,24,Final Assembly,TRUE,1111.6,1152.48,40.88,44.7,,40.88,,0,
VEH-0126,25,Final Assembly,TRUE,1152.48,1202.21,49.73,48.2,,49.73,,0,
VEH-0126,26,Final Assembly,TRUE,1202.21,1263.82,61.61,61.4,,61.61,PASS,0,
VEH-0126,27,Final Assembly,TRUE,1263.82,1300.36,36.54,38,47.15,36.54,,0,
VEH-0126,28,Final Assembly,FALSE,1300.36,1348.69,,50.6,,48.33,,0,
VEH-0126,29,Final Assembly,TRUE,1348.69,1394.24,45.55,53.7,45.77,45.55,,0,
VEH-0126,30,Final Assembly,TRUE,1394.24,1423.33,29.09,31.9,,29.09,,0,
VEH-0126,31,Final Assembly,TRUE,1423.33,1475.29,51.96,54.3,,51.96,,0,
VEH-0126,32,Final Assembly,TRUE,1475.29,1511.14,35.85,36.8,,35.85,PASS,0,
VEH-0126,33,Final Assembly,TRUE,1511.14,1541.42,30.28,32.6,44.26,30.28,,0,
VEH-0126,34,Final Assembly,TRUE,1541.42,1604.64,63.22,68,,63.22,,0,
VEH-0126,35,Final Assembly,TRUE,1604.64,1673.8,69.16,68.6,,69.16,,0,
VEH-0126,36,Final Assembly,TRUE,1673.8,1732.27,58.47,62.3,45.05,58.47,,0,
VEH-0126,37,Final Assembly,TRUE,1732.27,1776.92,44.65,42.2,,44.65,,0,
VEH-0126,38,Final Assembly,TRUE,1776.92,1812.15,35.23,33.9,,35.23,,0,
VEH-0126,39,Final Assembly,FALSE,1812.15,1869.32,,57.4,,57.17,,0,
VEH-0126,40,Final Assembly,TRUE,1869.32,1914.57,45.25,47.6,,45.25,,0,
VEH-0127,1,Body,FALSE,0,43.97,,45,,43.97,,0,
VEH-0127,2,Body,FALSE,43.97,113.59,,68,,69.62,,0,
VEH-0127,3,Body,FALSE,113.59,169.74,,59.3,,56.15,,0,
VEH-0127,4,Body,TRUE,169.74,226.4,56.66,53.9,,56.66,,0,
VEH-0127,5,Body,TRUE,226.4,260.69,34.29,36.2,,34.29,PASS,0,
VEH-0127,6,Body,FALSE,260.69,294.99,,36.2,,34.3,,0,
VEH-0127,7,Body,FALSE,294.99,325.83,,32.3,,30.84,,0,
VEH-0127,8,Body,FALSE,325.83,395.5,,64.6,,69.67,,0,
VEH-0127,9,Body,FALSE,395.5,447.83,,54,,52.33,PASS,0,
VEH-0127,10,Body,TRUE,447.83,502.19,54.36,58.3,,54.36,,0,
VEH-0127,11,Body,TRUE,502.19,532.06,29.87,30.8,,29.87,PASS,0,
VEH-0127,12,Body,TRUE,532.06,600.75,68.69,68.8,,68.69,,0,
VEH-0127,13,Body,TRUE,600.75,660.31,59.56,63.3,43.27,59.56,PASS,0,
VEH-0127,14,Body,TRUE,660.31,702.88,42.57,38.5,43.71,42.57,,0,
VEH-0127,15,Body,FALSE,702.88,739.58,,37.3,,36.7,PASS,0,
VEH-0127,16,Paint,FALSE,739.58,776.2,,37.3,,36.62,,0,
VEH-0127,17,Paint,TRUE,776.2,817.51,41.31,42.2,,41.31,,0,
VEH-0127,18,Paint,FALSE,817.51,870.09,,51,,52.58,,0,
VEH-0127,19,Paint,TRUE,870.09,919.63,49.54,47.3,44.54,49.54,,0,
VEH-0127,20,Paint,TRUE,919.63,958.66,39.03,41.6,,39.03,,0,
VEH-0127,21,Paint,TRUE,958.66,1016.64,57.98,54.5,,57.98,,0,
VEH-0127,23,Final Assembly,TRUE,1052.07,1097.39,45.32,41.7,,45.32,,0,
VEH-0127,24,Final Assembly,TRUE,1097.39,1137.06,39.67,44.7,,39.67,,0,
VEH-0127,25,Final Assembly,TRUE,1137.06,1185.73,48.67,48.2,,48.67,,0,
VEH-0127,26,Final Assembly,TRUE,1185.73,1253.02,67.29,61.4,,67.29,PASS,0,
VEH-0127,27,Final Assembly,TRUE,1253.02,1290.35,37.33,38,44.66,37.33,,0,
VEH-0127,28,Final Assembly,FALSE,1290.35,1341.7,,50.6,,51.35,,0,
VEH-0127,29,Final Assembly,TRUE,1341.7,1393.9,52.2,53.7,44.53,52.2,,0,
VEH-0127,30,Final Assembly,TRUE,1393.9,1425.26,31.36,31.9,,31.36,,0,
VEH-0127,31,Final Assembly,TRUE,1425.26,1477.86,52.6,54.3,,52.6,,0,
VEH-0127,32,Final Assembly,TRUE,1477.86,1516.92,39.06,36.8,,39.06,PASS,0,
VEH-0127,33,Final Assembly,TRUE,1516.92,1550.27,33.35,32.6,45.38,33.35,,0,
VEH-0127,34,Final Assembly,TRUE,1550.27,1621.02,70.75,68,,70.75,,0,
VEH-0127,35,Final Assembly,TRUE,1621.02,1688.71,67.69,68.6,,67.69,,0,
VEH-0127,36,Final Assembly,TRUE,1688.71,1748.59,59.88,62.3,44.1,59.88,,0,
VEH-0127,37,Final Assembly,TRUE,1748.59,1790.79,42.2,42.2,,42.2,,0,
VEH-0127,38,Final Assembly,TRUE,1790.79,1822.89,32.1,33.9,,32.1,,0,
VEH-0127,39,Final Assembly,FALSE,1822.89,1878.85,,57.4,,55.96,,0,
VEH-0127,40,Final Assembly,TRUE,1878.85,1925.22,46.37,47.6,,46.37,,0,
VEH-0128,1,Body,FALSE,0,49.78,,45,,49.78,,0,
VEH-0128,2,Body,FALSE,49.78,115.05,,68,,65.27,,0,
VEH-0128,3,Body,FALSE,115.05,174.53,,59.3,,59.48,,0,
VEH-0128,4,Body,TRUE,174.53,230.92,56.39,53.9,,56.39,,0,
VEH-0128,5,Body,TRUE,230.92,269.8,38.88,36.2,,38.88,PASS,0,
VEH-0128,6,Body,FALSE,269.8,305.76,,36.2,,35.96,,0,
VEH-0128,7,Body,FALSE,305.76,335.86,,32.3,,30.1,,0,
VEH-0128,8,Body,FALSE,335.86,404.04,,64.6,,68.18,,0,
VEH-0128,10,Body,TRUE,462.86,516.42,53.56,58.3,,53.56,,0,
VEH-0128,11,Body,TRUE,516.42,545.75,29.33,30.8,,29.33,PASS,0,
VEH-0128,12,Body,TRUE,545.75,616.65,70.9,68.8,,70.9,,0,
VEH-0128,13,Body,TRUE,616.65,680.44,63.79,63.3,44.18,63.79,PASS,0,
VEH-0128,14,Body,TRUE,680.44,719.36,38.92,38.5,46.47,38.92,,0,
VEH-0128,15,Body,FALSE,719.36,756.48,,37.3,,37.12,PASS,0,
VEH-0128,16,Paint,FALSE,756.48,793.43,,37.3,,36.95,,0,
VEH-0128,17,Paint,TRUE,793.43,836.87,43.44,42.2,,43.44,,0,
VEH-0128,18,Paint,FALSE,836.87,887.18,,51,,50.31,,0,
VEH-0128,19,Paint,TRUE,887.18,937.18,50,47.3,48.04,50,,0,
VEH-0128,20,Paint,TRUE,937.18,976.92,39.74,41.6,,39.74,,0,
VEH-0128,21,Paint,TRUE,976.92,1028.01,51.09,54.5,,51.09,,0,
VEH-0128,22,Paint,TRUE,1028.01,1064.27,36.26,35.6,,36.26,PASS,0,
VEH-0128,23,Final Assembly,TRUE,1064.27,1103.28,39.01,41.7,,39.01,,0,
VEH-0128,24,Final Assembly,TRUE,1103.28,1145.06,41.78,44.7,,41.78,,0,
VEH-0128,25,Final Assembly,TRUE,1145.06,1188.32,43.26,48.2,,43.26,,0,
VEH-0128,26,Final Assembly,TRUE,1188.32,1248.55,60.23,61.4,,60.23,PASS,0,
VEH-0128,27,Final Assembly,TRUE,1248.55,1286.49,37.94,38,44.22,37.94,,0,
VEH-0128,28,Final Assembly,FALSE,1286.49,1340.61,,50.6,,54.12,,0,
VEH-0128,29,Final Assembly,TRUE,1340.61,1397.85,57.24,53.7,47.89,57.24,,0,
VEH-0128,30,Final Assembly,TRUE,1397.85,1429.82,31.97,31.9,,31.97,,0,
VEH-0128,31,Final Assembly,TRUE,1429.82,1487.33,57.51,54.3,,57.51,,0,
VEH-0128,32,Final Assembly,TRUE,1487.33,1524.7,37.37,36.8,,37.37,PASS,0,
VEH-0128,33,Final Assembly,TRUE,1524.7,1557.64,32.94,32.6,44.3,32.94,,0,
VEH-0128,34,Final Assembly,TRUE,1557.64,1617.95,60.31,68,,60.31,,0,
VEH-0128,35,Final Assembly,TRUE,1617.95,1688.74,70.79,68.6,,70.79,,0,
VEH-0128,36,Final Assembly,TRUE,1688.74,1754.64,65.9,62.3,42.71,65.9,,0,
VEH-0128,37,Final Assembly,TRUE,1754.64,1796.82,42.18,42.2,,42.18,,0,
VEH-0128,38,Final Assembly,TRUE,1796.82,1832.41,35.59,33.9,,35.59,,0,
VEH-0128,39,Final Assembly,FALSE,1832.41,1888.78,,57.4,,56.37,,0,
VEH-0128,40,Final Assembly,TRUE,1888.78,1939.22,50.44,47.6,,50.44,,0,
VEH-0129,1,Body,FALSE,0,44.19,,45,,44.19,,0,
VEH-0129,2,Body,FALSE,44.19,108.03,,68,,63.84,,0,
VEH-0129,3,Body,FALSE,108.03,170.81,,59.3,,62.78,,0,
VEH-0129,4,Body,TRUE,170.81,223.13,52.32,53.9,,52.32,,0,
VEH-0129,5,Body,TRUE,223.13,257.36,34.23,36.2,,34.23,PASS,0,
VEH-0129,6,Body,FALSE,257.36,293.61,,36.2,,36.25,,0,
VEH-0129,7,Body,FALSE,293.61,324.88,,32.3,,31.27,,0,
VEH-0129,8,Body,FALSE,324.88,397.26,,64.6,,72.38,,0,
VEH-0129,9,Body,FALSE,397.26,449.28,,54,,52.02,PASS,0,
VEH-0129,10,Body,TRUE,449.28,503.49,54.21,58.3,,54.21,,0,
VEH-0129,11,Body,TRUE,503.49,530.97,27.48,30.8,,27.48,PASS,0,
VEH-0129,12,Body,TRUE,530.97,599.66,68.69,68.8,,68.69,,0,
VEH-0129,13,Body,TRUE,599.66,661.18,61.52,63.3,42.86,61.52,PASS,0,
VEH-0129,14,Body,TRUE,661.18,701.98,40.8,38.5,46,40.8,,0,
VEH-0129,15,Body,FALSE,701.98,739.23,,37.3,,37.25,PASS,0,
VEH-0129,16,Paint,FALSE,739.23,779.07,,37.3,,39.84,,0,
VEH-0129,17,Paint,TRUE,779.07,822.67,43.6,42.2,,43.6,,0,
VEH-0129,18,Paint,FALSE,822.67,871.57,,51,,48.9,,0,
VEH-0129,19,Paint,TRUE,871.57,916.42,44.85,47.3,46.23,44.85,,0,
VEH-0129,20,Paint,TRUE,916.42,958.84,42.42,41.6,,42.42,,0,
VEH-0129,21,Paint,TRUE,958.84,1013.8,54.96,54.5,,54.96,,0,
VEH-0129,22,Paint,TRUE,1013.8,1047.89,34.09,35.6,,34.09,PASS,0,
VEH-0129,23,Final Assembly,TRUE,1047.89,1090.86,42.97,41.7,,42.97,,0,
VEH-0129,24,Final Assembly,TRUE,1090.86,1133.87,43.01,44.7,,43.01,,0,
VEH-0129,25,Final Assembly,TRUE,1133.87,1181.82,47.95,48.2,,47.95,,0,
VEH-0129,26,Final Assembly,TRUE,1181.82,1247.66,65.84,61.4,,65.84,PASS,0,
VEH-0129,27,Final Assembly,TRUE,1247.66,1284.4,36.74,38,42.64,36.74,,0,
VEH-0129,28,Final Assembly,FALSE,1284.4,1332.34,,50.6,,47.94,,0,
VEH-0129,29,Final Assembly,TRUE,1332.34,1388.71,56.37,53.7,45.38,56.37,,0,
VEH-0129,30,Final Assembly,TRUE,1388.71,1420.41,31.7,31.9,,31.7,,0,
VEH-0129,31,Final Assembly,TRUE,1420.41,1473.33,52.92,54.3,,52.92,,0,
VEH-0129,32,Final Assembly,TRUE,1473.33,1511.02,37.69,36.8,,37.69,PASS,0,
VEH-0129,33,Final Assembly,TRUE,1511.02,1542.24,31.22,32.6,45.46,31.22,,0,
VEH-0129,34,Final Assembly,TRUE,1542.24,1607.75,65.51,68,,65.51,,0,
VEH-0129,35,Final Assembly,TRUE,1607.75,1673.27,65.52,68.6,,65.52,,0,
VEH-0129,36,Final Assembly,TRUE,1673.27,1733.58,60.31,62.3,44.44,60.31,,0,
VEH-0129,37,Final Assembly,TRUE,1733.58,1775.68,42.1,42.2,,42.1,,0,
VEH-0129,38,Final Assembly,TRUE,1775.68,1809.98,34.3,33.9,,34.3,,0,
VEH-0129,39,Final Assembly,FALSE,1809.98,1856.79,,57.4,,46.81,,0,
VEH-0129,40,Final Assembly,TRUE,1856.79,1902.47,45.68,47.6,,45.68,,0,
VEH-0130,1,Body,FALSE,0,44.12,,45,,44.12,,0,
VEH-0130,2,Body,FALSE,44.12,112.96,,68,,68.84,,0,
VEH-0130,3,Body,FALSE,112.96,176.11,,59.3,,63.15,,0,
VEH-0130,4,Body,TRUE,176.11,227.69,51.58,53.9,,51.58,,0,
VEH-0130,5,Body,TRUE,227.69,262.28,34.59,36.2,,34.59,PASS,0,
VEH-0130,6,Body,FALSE,262.28,299.77,,36.2,,37.49,,0,
VEH-0130,7,Body,FALSE,299.77,330.51,,32.3,,30.74,,0,
VEH-0130,8,Body,FALSE,330.51,397.54,,64.6,,67.03,,0,
VEH-0130,9,Body,FALSE,397.54,455.52,,54,,57.98,PASS,0,
VEH-0130,10,Body,TRUE,455.52,511.27,55.75,58.3,,55.75,,0,
VEH-0130,11,Body,TRUE,511.27,544.45,33.18,30.8,,33.18,PASS,0,
VEH-0130,12,Body,TRUE,544.45,612.09,67.64,68.8,,67.64,,0,
VEH-0130,13,Body,TRUE,612.09,671.84,59.75,63.3,45.91,59.75,PASS,0,
VEH-0130,14,Body,TRUE,671.84,710.55,38.71,38.5,45.02,38.71,,0,
VEH-0130,15,Body,FALSE,710.55,746.42,,37.3,,35.87,PASS,0,
VEH-0130,16,Paint,FALSE,746.42,783.91,,37.3,,37.49,,0,
VEH-0130,17,Paint,TRUE,783.91,821.75,37.84,42.2,,37.84,,0,
VEH-0130,18,Paint,FALSE,821.75,873.31,,51,,51.56,,0,
VEH-0130,19,Paint,TRUE,873.31,923.67,50.36,47.3,42.35,50.36,,0,
VEH-0130,20,Paint,TRUE,923.67,964.42,40.75,41.6,,40.75,,0,
VEH-0130,21,Paint,TRUE,964.42,1016.53,52.11,54.5,,52.11,,0,
VEH-0130,22,Paint,TRUE,1016.53,1049.44,32.91,35.6,,32.91,PASS,0,
VEH-0130,23,Final Assembly,TRUE,1049.44,1086.85,37.41,41.7,,37.41,,0,
VEH-0130,24,Final Assembly,TRUE,1086.85,1128.9,42.05,44.7,,42.05,,0,
VEH-0130,25,Final Assembly,TRUE,1128.9,1176.52,47.62,48.2,,47.62,,0,
VEH-0130,26,Final Assembly,TRUE,1176.52,1241.45,64.93,61.4,,64.93,PASS,0,
VEH-0130,27,Final Assembly,TRUE,1241.45,1276.56,35.11,38,45.44,35.11,,0,
VEH-0130,28,Final Assembly,FALSE,1276.56,1327.72,,50.6,,51.16,,0,
VEH-0130,29,Final Assembly,TRUE,1327.72,1385.92,58.2,53.7,45.86,58.2,,0,
VEH-0130,30,Final Assembly,TRUE,1385.92,1418.82,32.9,31.9,,32.9,,0,
VEH-0130,31,Final Assembly,TRUE,1418.82,1475.02,56.2,54.3,,56.2,,0,
VEH-0130,32,Final Assembly,TRUE,1475.02,1510.12,35.1,36.8,,35.1,PASS,0,
VEH-0130,33,Final Assembly,TRUE,1510.12,1541.79,31.67,32.6,46.68,31.67,,0,
VEH-0130,34,Final Assembly,TRUE,1541.79,1602.82,61.03,68,,61.03,,0,
VEH-0130,35,Final Assembly,TRUE,1602.82,1669.08,66.26,68.6,,66.26,,0,
VEH-0130,36,Final Assembly,TRUE,1669.08,1727.23,58.15,62.3,45.35,58.15,,0,
VEH-0130,37,Final Assembly,TRUE,1727.23,1768.54,41.31,42.2,,41.31,,0,
VEH-0130,38,Final Assembly,TRUE,1768.54,1803.5,34.96,33.9,,34.96,,0,
VEH-0130,39,Final Assembly,FALSE,1803.5,1860.59,,57.4,,57.09,,0,
VEH-0130,40,Final Assembly,TRUE,1860.59,1904.51,43.92,47.6,,43.92,,0,
VEH-0131,1,Body,FALSE,0,45.92,,45,,45.92,,0,
VEH-0131,2,Body,FALSE,45.92,111.89,,68,,65.97,,0,
VEH-0131,3,Body,FALSE,111.89,175.61,,59.3,,63.72,,0,
VEH-0131,4,Body,TRUE,175.61,229.08,53.47,53.9,,53.47,,0,
VEH-0131,5,Body,TRUE,229.08,266.4,37.32,36.2,,37.32,PASS,0,
VEH-0131,6,Body,FALSE,266.4,305.23,,36.2,,38.83,,0,
VEH-0131,7,Body,FALSE,305.23,339.19,,32.3,,33.96,,0,
VEH-0131,8,Body,FALSE,339.19,402.61,,64.6,,63.42,,0,
VEH-0131,9,Body,FALSE,402.61,457.81,,54,,55.2,PASS,0,
VEH-0131,10,Body,TRUE,457.81,518.59,60.78,58.3,,60.78,,0,
VEH-0131,11,Body,TRUE,518.59,550.76,32.17,30.8,,32.17,PASS,0,
VEH-0131,12,Body,TRUE,550.76,615.73,64.97,68.8,,64.97,,0,
VEH-0131,13,Body,TRUE,615.73,676.95,61.22,63.3,46.49,61.22,PASS,0,
VEH-0131,14,Body,TRUE,676.95,713.98,37.03,38.5,44.55,37.03,,0,
VEH-0131,15,Body,FALSE,713.98,754.21,,37.3,,40.23,PASS,0,
VEH-0131,16,Paint,FALSE,754.21,791.42,,37.3,,37.21,,0,
VEH-0131,17,Paint,TRUE,791.42,832.09,40.67,42.2,,40.67,,0,
VEH-0131,18,Paint,FALSE,832.09,880.85,,51,,48.76,,0,
VEH-0131,19,Paint,TRUE,880.85,928.94,48.09,47.3,43,48.09,,0,
VEH-0131,20,Paint,TRUE,928.94,970.03,41.09,41.6,,41.09,,0,
VEH-0131,21,Paint,TRUE,970.03,1025.44,55.41,54.5,,55.41,,0,
VEH-0131,22,Paint,TRUE,1025.44,1063.35,37.91,35.6,,37.91,PASS,0,
VEH-0131,23,Final Assembly,TRUE,1063.35,1106.45,43.1,41.7,,43.1,,0,
VEH-0131,24,Final Assembly,TRUE,1106.45,1149.55,43.1,44.7,,43.1,,0,
VEH-0131,25,Final Assembly,TRUE,1149.55,1200.59,51.04,48.2,,51.04,,0,
VEH-0131,26,Final Assembly,TRUE,1200.59,1261.07,60.48,61.4,,60.48,PASS,0,
VEH-0131,27,Final Assembly,TRUE,1261.07,1296.72,35.65,38,44.74,35.65,,0,
VEH-0131,28,Final Assembly,FALSE,1296.72,1350.96,,50.6,,54.24,,0,
VEH-0131,29,Final Assembly,TRUE,1350.96,1405.1,54.14,53.7,45.02,54.14,,0,
VEH-0131,30,Final Assembly,TRUE,1405.1,1439.6,34.5,31.9,,34.5,,0,
VEH-0131,31,Final Assembly,TRUE,1439.6,1490.02,50.42,54.3,,50.42,,0,
VEH-0131,33,Final Assembly,TRUE,1524.45,1554.42,29.97,32.6,45.56,29.97,,0,
VEH-0131,34,Final Assembly,TRUE,1554.42,1622.99,68.57,68,,68.57,,0,
VEH-0131,35,Final Assembly,TRUE,1622.99,1696.88,73.89,68.6,,73.89,,0,
VEH-0131,36,Final Assembly,TRUE,1696.88,1759.94,63.06,62.3,44.39,63.06,,0,
VEH-0131,37,Final Assembly,TRUE,1759.94,1802.14,42.2,42.2,,42.2,,0,
VEH-0131,38,Final Assembly,TRUE,1802.14,1836.24,34.1,33.9,,34.1,,0,
VEH-0131,39,Final Assembly,FALSE,1836.24,1888.84,,57.4,,52.6,,0,
VEH-0131,40,Final Assembly,TRUE,1888.84,1942.89,54.05,47.6,,54.05,,0,
VEH-0132,1,Body,FALSE,0,46.17,,45,,46.17,,0,
VEH-0132,2,Body,FALSE,46.17,112.36,,68,,66.19,,0,
VEH-0132,3,Body,FALSE,112.36,173.74,,59.3,,61.38,,0,
VEH-0132,4,Body,TRUE,173.74,229.79,56.05,53.9,,56.05,,0,
VEH-0132,5,Body,TRUE,229.79,268.95,39.16,36.2,,39.16,PASS,0,
VEH-0132,6,Body,FALSE,268.95,301.24,,36.2,,32.29,,0,
VEH-0132,7,Body,FALSE,301.24,332.52,,32.3,,31.28,,0,
VEH-0132,8,Body,FALSE,332.52,404.87,,64.6,,72.35,,0,
VEH-0132,10,Body,TRUE,455.09,515.74,60.65,58.3,,60.65,,0,
VEH-0132,11,Body,TRUE,515.74,548.29,32.55,30.8,,32.55,PASS,0,
VEH-0132,12,Body,TRUE,548.29,616.99,68.7,68.8,,68.7,,0,
VEH-0132,13,Body,TRUE,616.99,675.78,58.79,63.3,44.82,58.79,PASS,0,
VEH-0132,14,Body,TRUE,675.78,717.1,41.32,38.5,47.31,41.32,,0,
VEH-0132,15,Body,FALSE,717.1,754.79,,37.3,,37.69,PASS,0,
VEH-0132,16,Paint,FALSE,754.79,790.27,,37.3,,35.48,,0,
VEH-0132,17,Paint,TRUE,790.27,836.14,45.87,42.2,,45.87,,0,
VEH-0132,18,Paint,FALSE,836.14,889.23,,51,,53.09,,0,
VEH-0132,19,Paint,TRUE,889.23,934.38,45.15,47.3,45.51,45.15,,0,
VEH-0132,20,Paint,TRUE,934.38,976.6,42.22,41.6,,42.22,,0,
VEH-0132,21,Paint,TRUE,976.6,1029.36,52.76,54.5,,52.76,,0,
VEH-0132,22,Paint,TRUE,1029.36,1065.58,36.22,35.6,,36.22,PASS,0,
VEH-0132,23,Final Assembly,TRUE,1065.58,1109.59,44.01,41.7,,44.01,,0,
VEH-0132,24,Final Assembly,TRUE,1109.59,1153.63,44.04,44.7,,44.04,,0,
VEH-0132,25,Final Assembly,TRUE,1153.63,1204.74,51.11,48.2,,51.11,,0,
VEH-0132,26,Final Assembly,TRUE,1204.74,1260.75,56.01,61.4,,56.01,PASS,0,
VEH-0132,27,Final Assembly,TRUE,1260.75,1302.96,42.21,38,45.09,42.21,,0,
VEH-0132,28,Final Assembly,FALSE,1302.96,1356.27,,50.6,,53.31,,0,
VEH-0132,29,Final Assembly,TRUE,1356.27,1410.56,54.29,53.7,43.76,54.29,,0,
VEH-0132,30,Final Assembly,TRUE,1410.56,1442.4,31.84,31.9,,31.84,,0,
VEH-0132,31,Final Assembly,TRUE,1442.4,1491.53,49.13,54.3,,49.13,,0,
VEH-0132,32,Final Assembly,TRUE,1491.53,1529.6,38.07,36.8,,38.07,PASS,0,
VEH-0132,33,Final Assembly,TRUE,1529.6,1562.52,32.92,32.6,44.71,32.92,,0,
VEH-0132,34,Final Assembly,TRUE,1562.52,1633.08,70.56,68,,70.56,,0,
VEH-0132,35,Final Assembly,TRUE,1633.08,1701.81,68.73,68.6,,68.73,,0,
VEH-0132,36,Final Assembly,TRUE,1701.81,1766,64.19,62.3,46.44,64.19,,0,
VEH-0132,37,Final Assembly,TRUE,1766,1807.04,41.04,42.2,,41.04,,0,
VEH-0132,38,Final Assembly,TRUE,1807.04,1839.52,32.48,33.9,,32.48,,0,
VEH-0132,39,Final Assembly,FALSE,1839.52,1891.98,,57.4,,52.46,,0,
VEH-0132,40,Final Assembly,TRUE,1891.98,1939.87,47.89,47.6,,47.89,,0,
VEH-0133,1,Body,FALSE,0,43.7,,45,,43.7,,0,
VEH-0133,2,Body,FALSE,43.7,108.65,,68,,64.95,,0,
VEH-0133,3,Body,FALSE,108.65,166.62,,59.3,,57.97,,0,
VEH-0133,4,Body,TRUE,166.62,221.15,54.53,53.9,,54.53,,0,
VEH-0133,5,Body,TRUE,221.15,258.43,37.28,36.2,,37.28,PASS,0,
VEH-0133,6,Body,FALSE,258.43,296.17,,36.2,,37.74,,0,
VEH-0133,7,Body,FALSE,296.17,327.67,,32.3,,31.5,,0,
VEH-0133,8,Body,FALSE,327.67,396.93,,64.6,,69.26,,0,
VEH-0133,9,Body,FALSE,396.93,453.53,,54,,56.6,PASS,0,
VEH-0133,10,Body,TRUE,453.53,515.23,61.7,58.3,,61.7,,0,
VEH-0133,11,Body,TRUE,515.23,545.94,30.71,30.8,,30.71,PASS,0,
VEH-0133,12,Body,TRUE,545.94,613.98,68.04,68.8,,68.04,,0,
VEH-0133,13,Body,TRUE,613.98,677.89,63.91,63.3,43.28,63.91,PASS,0,
VEH-0133,14,Body,TRUE,677.89,716.02,38.13,38.5,46.12,38.13,,0,
VEH-0133,15,Body,FALSE,716.02,754.51,,37.3,,38.49,PASS,0,
VEH-0133,16,Paint,FALSE,754.51,791.31,,37.3,,36.8,,0,
VEH-0133,17,Paint,TRUE,791.31,833.97,42.66,42.2,,42.66,,0,
VEH-0133,18,Paint,FALSE,833.97,882.87,,51,,48.9,,0,
VEH-0133,19,Paint,TRUE,882.87,931.83,48.96,47.3,44.88,48.96,,0,
VEH-0133,20,Paint,TRUE,931.83,972.86,41.03,41.6,,41.03,,0,
VEH-0133,21,Paint,TRUE,972.86,1026.37,53.51,54.5,,53.51,,0,
VEH-0133,22,Paint,TRUE,1026.37,1061.86,35.49,35.6,,35.49,PASS,0,
VEH-0133,23,Final Assembly,TRUE,1061.86,1102.62,40.76,41.7,,40.76,,0,
VEH-0133,24,Final Assembly,TRUE,1102.62,1148.79,46.17,44.7,,46.17,,0,
VEH-0133,25,Final Assembly,TRUE,1148.79,1196.04,47.25,48.2,,47.25,,0,
VEH-0133,26,Final Assembly,TRUE,1196.04,1262.33,66.29,61.4,,66.29,PASS,0,
VEH-0133,27,Final Assembly,TRUE,1262.33,1303.11,40.78,38,43.66,40.78,,0,
VEH-0133,28,Final Assembly,FALSE,1303.11,1353.89,,50.6,,50.78,,0,
VEH-0133,29,Final Assembly,TRUE,1353.89,1405.84,51.95,53.7,44.51,51.95,,0,
VEH-0133,30,Final Assembly,TRUE,1405.84,1440.92,35.08,31.9,,35.08,,0,
VEH-0133,31,Final Assembly,TRUE,1440.92,1494.39,53.47,54.3,,53.47,,0,
VEH-0133,32,Final Assembly,TRUE,1494.39,1531.85,37.46,36.8,,37.46,PASS,0,
VEH-0133,33,Final Assembly,TRUE,1531.85,1565.33,33.48,32.6,43.5,33.48,,0,
VEH-0133,34,Final Assembly,TRUE,1565.33,1630.42,65.09,68,,65.09,,0,
VEH-0133,35,Final Assembly,TRUE,1630.42,1694.88,64.46,68.6,,64.46,,0,
VEH-0133,36,Final Assembly,TRUE,1694.88,1754.42,59.54,62.3,40.72,59.54,,0,
VEH-0133,37,Final Assembly,TRUE,1754.42,1797.77,43.35,42.2,,43.35,,0,
VEH-0133,38,Final Assembly,TRUE,1797.77,1835.16,37.39,33.9,,37.39,,0,
VEH-0133,39,Final Assembly,FALSE,1835.16,1892.98,,57.4,,57.82,,0,
VEH-0133,40,Final Assembly,TRUE,1892.98,1937.21,44.23,47.6,,44.23,,0,
VEH-0134,1,Body,FALSE,0,43.55,,45,,43.55,,0,
VEH-0134,2,Body,FALSE,43.55,111.25,,68,,67.7,,0,
VEH-0134,3,Body,FALSE,111.25,168.51,,59.3,,57.26,,0,
VEH-0134,4,Body,TRUE,168.51,222.24,53.73,53.9,,53.73,,0,
VEH-0134,5,Body,TRUE,222.24,255.97,33.73,36.2,,33.73,PASS,0,
VEH-0134,6,Body,FALSE,255.97,289.61,,36.2,,33.64,,0,
VEH-0134,7,Body,FALSE,289.61,324,,32.3,,34.39,,0,
VEH-0134,8,Body,FALSE,324,387.32,,64.6,,63.32,,0,
VEH-0134,9,Body,FALSE,387.32,443.71,,54,,56.39,PASS,0,
VEH-0134,10,Body,TRUE,443.71,496.48,52.77,58.3,,52.77,,0,
VEH-0134,12,Body,TRUE,528.25,596.34,68.09,68.8,,68.09,,0,
VEH-0134,13,Body,TRUE,596.34,663.83,67.49,63.3,44.5,67.49,PASS,0,
VEH-0134,14,Body,TRUE,663.83,698.45,34.62,38.5,44.72,34.62,,0,
VEH-0134,15,Body,FALSE,698.45,736.05,,37.3,,37.6,PASS,0,
VEH-0134,16,Paint,FALSE,736.05,773.1,,37.3,,37.05,,0,
VEH-0134,17,Paint,TRUE,773.1,816.51,43.41,42.2,,43.41,,0,
VEH-0134,18,Paint,FALSE,816.51,866.07,,51,,49.56,,0,
VEH-0134,19,Paint,TRUE,866.07,910.39,44.32,47.3,43.5,44.32,,0,
VEH-0134,20,Paint,TRUE,910.39,950.92,40.53,41.6,,40.53,,0,
VEH-0134,21,Paint,TRUE,950.92,1003.99,53.07,54.5,,53.07,,0,
VEH-0134,22,Paint,TRUE,1003.99,1043.87,39.88,35.6,,39.88,PASS,0,
VEH-0134,23,Final Assembly,TRUE,1043.87,1088.19,44.32,41.7,,44.32,,0,
VEH-0134,24,Final Assembly,TRUE,1088.19,1134.43,46.24,44.7,,46.24,,0,
VEH-0134,25,Final Assembly,TRUE,1134.43,1183.7,49.27,48.2,,49.27,,0,
VEH-0134,26,Final Assembly,TRUE,1183.7,1246.02,62.32,61.4,,62.32,PASS,0,
VEH-0134,27,Final Assembly,TRUE,1246.02,1284.6,38.58,38,45.24,38.58,,0,
VEH-0134,28,Final Assembly,FALSE,1284.6,1335.3,,50.6,,50.7,,0,
VEH-0134,29,Final Assembly,TRUE,1335.3,1383.37,48.07,53.7,44.45,48.07,,0,
VEH-0134,30,Final Assembly,TRUE,1383.37,1414.89,31.52,31.9,,31.52,,0,
VEH-0134,31,Final Assembly,TRUE,1414.89,1467.16,52.27,54.3,,52.27,,0,
VEH-0134,32,Final Assembly,TRUE,1467.16,1502.94,35.78,36.8,,35.78,PASS,0,
VEH-0134,33,Final Assembly,TRUE,1502.94,1536.03,33.09,32.6,46.15,33.09,,0,
VEH-0134,34,Final Assembly,TRUE,1536.03,1605.05,69.02,68,,69.02,,0,
VEH-0134,35,Final Assembly,TRUE,1605.05,1676.2,71.15,68.6,,71.15,,0,
VEH-0134,36,Final Assembly,TRUE,1676.2,1740.87,64.67,62.3,44.55,64.67,,0,
VEH-0134,37,Final Assembly,TRUE,1740.87,1784.18,43.31,42.2,,43.31,,0,
VEH-0134,38,Final Assembly,TRUE,1784.18,1815.11,30.93,33.9,,30.93,,0,
VEH-0134,39,Final Assembly,FALSE,1815.11,1871.41,,57.4,,56.3,,0,
VEH-0134,40,Final Assembly,TRUE,1871.41,1917.82,46.41,47.6,,46.41,,0,
VEH-0135,1,Body,FALSE,0,40.56,,45,,40.56,,0,
VEH-0135,2,Body,FALSE,40.56,109.54,,68,,68.98,,0,
VEH-0135,3,Body,FALSE,109.54,164.57,,59.3,,55.03,,0,
VEH-0135,4,Body,TRUE,164.57,219.67,55.1,53.9,,55.1,,0,
VEH-0135,6,Body,FALSE,256.61,291.11,,36.2,,34.5,,0,
VEH-0135,7,Body,FALSE,291.11,325.21,,32.3,,34.1,,0,
VEH-0135,8,Body,FALSE,325.21,396.53,,64.6,,71.32,,0,
VEH-0135,9,Body,FALSE,396.53,453.16,,54,,56.63,PASS,0,
VEH-0135,10,Body,TRUE,453.16,511.49,58.33,58.3,,58.33,,0,
VEH-0135,12,Body,TRUE,540.11,612.27,72.16,68.8,,72.16,,0,
VEH-0135,13,Body,TRUE,612.27,674.71,62.44,63.3,42.92,62.44,PASS,0,
VEH-0135,14,Body,TRUE,674.71,715.82,41.11,38.5,48.15,41.11,,0,
VEH-0135,15,Body,FALSE,715.82,753.04,,37.3,,37.22,PASS,0,
VEH-0135,16,Paint,FALSE,753.04,794.36,,37.3,,41.32,,0,
VEH-0135,17,Paint,TRUE,794.36,836.75,42.39,42.2,,42.39,,0,
VEH-0135,18,Paint,FALSE,836.75,886.78,,51,,50.03,,0,
VEH-0135,19,Paint,TRUE,886.78,932.59,45.81,47.3,47.46,45.81,,0,
VEH-0135,20,Paint,TRUE,932.59,972.57,39.98,41.6,,39.98,,0,
VEH-0135,21,Paint,TRUE,972.57,1029.08,56.51,54.5,,56.51,,0,
VEH-0135,22,Paint,TRUE,1029.08,1063.68,34.6,35.6,,34.6,PASS,0,
VEH-0135,23,Final Assembly,TRUE,1063.68,1104.42,40.74,41.7,,40.74,,0,
VEH-0135,24,Final Assembly,TRUE,1104.42,1151.43,47.01,44.7,,47.01,,0,
VEH-0135,25,Final Assembly,TRUE,1151.43,1198.71,47.28,48.2,,47.28,,0,
VEH-0135,26,Final Assembly,TRUE,1198.71,1258.87,60.16,61.4,,60.16,PASS,0,
VEH-0135,27,Final Assembly,TRUE,1258.87,1299.02,40.15,38,47.4,40.15,,0,
VEH-0135,28,Final Assembly,FALSE,1299.02,1351.25,,50.6,,52.23,,0,
VEH-0135,29,Final Assembly,TRUE,1351.25,1403.19,51.94,53.7,44.23,51.94,,0,
VEH-0135,30,Final Assembly,TRUE,1403.19,1435.22,32.03,31.9,,32.03,,0,
VEH-0135,31,Final Assembly,TRUE,1435.22,1490.39,55.17,54.3,,55.17,,0,
VEH-0135,33,Final Assembly,TRUE,1525.37,1559.15,33.78,32.6,45.13,33.78,,0,
VEH-0135,34,Final Assembly,TRUE,1559.15,1621.32,62.17,68,,62.17,,0,
VEH-0135,35,Final Assembly,TRUE,1621.32,1686.73,65.41,68.6,,65.41,,0,
VEH-0135,36,Final Assembly,TRUE,1686.73,1747.46,60.73,62.3,44.89,60.73,,0,
VEH-0135,37,Final Assembly,TRUE,1747.46,1793.65,46.19,42.2,,46.19,,0,
VEH-0135,38,Final Assembly,TRUE,1793.65,1827.95,34.3,33.9,,34.3,,0,
VEH-0135,39,Final Assembly,FALSE,1827.95,1882.94,,57.4,,54.99,,0,
VEH-0135,40,Final Assembly,TRUE,1882.94,1931.07,48.13,47.6,,48.13,,0,
VEH-0136,1,Body,FALSE,0,44.21,,45,,44.21,,0,
VEH-0136,2,Body,FALSE,44.21,115.16,,68,,70.95,,0,
VEH-0136,3,Body,FALSE,115.16,180.17,,59.3,,65.01,,0,
VEH-0136,4,Body,TRUE,180.17,232.76,52.59,53.9,,52.59,,0,
VEH-0136,5,Body,TRUE,232.76,269.06,36.3,36.2,,36.3,PASS,0,
VEH-0136,6,Body,FALSE,269.06,306.71,,36.2,,37.65,,0,
VEH-0136,7,Body,FALSE,306.71,338.92,,32.3,,32.21,,0,
VEH-0136,8,Body,FALSE,338.92,413.13,,64.6,,74.21,,0,
VEH-0136,10,Body,TRUE,463.49,523.77,60.28,58.3,,60.28,,0,
VEH-0136,11,Body,TRUE,523.77,555.6,31.83,30.8,,31.83,PASS,0,
VEH-0136,12,Body,TRUE,555.6,628.36,72.76,68.8,,72.76,,0,
VEH-0136,14,Body,TRUE,691.86,729.88,38.02,38.5,43.8,38.02,,0,
VEH-0136,15,Body,FALSE,729.88,765.42,,37.3,,35.54,PASS,0,
VEH-0136,16,Paint,FALSE,765.42,800.04,,37.3,,34.62,,0,
VEH-0136,17,Paint,TRUE,800.04,841.31,41.27,42.2,,41.27,,0,
VEH-0136,18,Paint,FALSE,841.31,893.1,,51,,51.79,,0,
VEH-0136,19,Paint,TRUE,893.1,939.91,46.81,47.3,45.3,46.81,,0,
VEH-0136,20,Paint,TRUE,939.91,984.08,44.17,41.6,,44.17,,0,
VEH-0136,21,Paint,TRUE,984.08,1037.17,53.09,54.5,,53.09,,0,
VEH-0136,22,Paint,TRUE,1037.17,1076.94,39.77,35.6,,39.77,PASS,0,
VEH-0136,23,Final Assembly,TRUE,1076.94,1120.22,43.28,41.7,,43.28,,0,
VEH-0136,24,Final Assembly,TRUE,1120.22,1164.48,44.26,44.7,,44.26,,0,
VEH-0136,25,Final Assembly,TRUE,1164.48,1212.15,47.67,48.2,,47.67,,0,
VEH-0136,26,Final Assembly,TRUE,1212.15,1270.46,58.31,61.4,,58.31,PASS,0,
VEH-0136,27,Final Assembly,TRUE,1270.46,1308.41,37.95,38,41.76,37.95,,0,
VEH-0136,28,Final Assembly,FALSE,1308.41,1362.19,,50.6,,53.78,,0,
VEH-0136,29,Final Assembly,TRUE,1362.19,1408.31,46.12,53.7,45.06,46.12,,0,
VEH-0136,30,Final Assembly,TRUE,1408.31,1438.39,30.08,31.9,,30.08,,0,
VEH-0136,31,Final Assembly,TRUE,1438.39,1490.79,52.4,54.3,,52.4,,0,
VEH-0136,32,Final Assembly,TRUE,1490.79,1526.54,35.75,36.8,,35.75,PASS,0,
VEH-0136,33,Final Assembly,TRUE,1526.54,1562.28,35.74,32.6,43.35,35.74,,0,
VEH-0136,34,Final Assembly,TRUE,1562.28,1633.39,71.11,68,,71.11,,0,
VEH-0136,35,Final Assembly,TRUE,1633.39,1705.97,72.58,68.6,,72.58,,0,
VEH-0136,36,Final Assembly,TRUE,1705.97,1760.97,55,62.3,44.08,55,,0,
VEH-0136,37,Final Assembly,TRUE,1760.97,1806.3,45.33,42.2,,45.33,,0,
VEH-0136,38,Final Assembly,TRUE,1806.3,1837.96,31.66,33.9,,31.66,,0,
VEH-0136,39,Final Assembly,FALSE,1837.96,1898.8,,57.4,,60.84,,0,
VEH-0136,40,Final Assembly,TRUE,1898.8,1946.36,47.56,47.6,,47.56,,0,
VEH-0137,1,Body,FALSE,0,42.57,,45,,42.57,,0,
VEH-0137,2,Body,FALSE,42.57,106.57,,68,,64,,0,
VEH-0137,3,Body,FALSE,106.57,164.62,,59.3,,58.05,,0,
VEH-0137,4,Body,TRUE,164.62,217.2,52.58,53.9,,52.58,,0,
VEH-0137,5,Body,TRUE,217.2,252.43,35.23,36.2,,35.23,PASS,0,
VEH-0137,6,Body,FALSE,252.43,289.47,,36.2,,37.04,,0,
VEH-0137,7,Body,FALSE,289.47,321.9,,32.3,,32.43,,0,
VEH-0137,8,Body,FALSE,321.9,390.06,,64.6,,68.16,,0,
VEH-0137,9,Body,FALSE,390.06,444.55,,54,,54.49,PASS,0,
VEH-0137,10,Body,TRUE,444.55,499.95,55.4,58.3,,55.4,,0,
VEH-0137,11,Body,TRUE,499.95,530.91,30.96,30.8,,30.96,PASS,0,
VEH-0137,12,Body,TRUE,530.91,600.23,69.32,68.8,,69.32,,0,
VEH-0137,13,Body,TRUE,600.23,658.77,58.54,63.3,46.49,58.54,PASS,0,
VEH-0137,14,Body,TRUE,658.77,695.57,36.8,38.5,45.14,36.8,,0,
VEH-0137,15,Body,FALSE,695.57,735.04,,37.3,,39.47,PASS,0,
VEH-0137,16,Paint,FALSE,735.04,774.06,,37.3,,39.02,,0,
VEH-0137,17,Paint,TRUE,774.06,816.33,42.27,42.2,,42.27,,0,
VEH-0137,18,Paint,FALSE,816.33,866.41,,51,,50.08,,0,
VEH-0137,19,Paint,TRUE,866.41,915.95,49.54,47.3,46.01,49.54,,0,
VEH-0137,20,Paint,TRUE,915.95,956.26,40.31,41.6,,40.31,,0,
VEH-0137,21,Paint,TRUE,956.26,1008.59,52.33,54.5,,52.33,,0,
VEH-0137,22,Paint,TRUE,1008.59,1040.5,31.91,35.6,,31.91,PASS,0,
VEH-0137,23,Final Assembly,TRUE,1040.5,1082.52,42.02,41.7,,42.02,,0,
VEH-0137,24,Final Assembly,TRUE,1082.52,1127.03,44.51,44.7,,44.51,,0,
VEH-0137,25,Final Assembly,TRUE,1127.03,1177.97,50.94,48.2,,50.94,,0,
VEH-0137,26,Final Assembly,TRUE,1177.97,1240.47,62.5,61.4,,62.5,PASS,0,
VEH-0137,27,Final Assembly,TRUE,1240.47,1281.01,40.54,38,43.95,40.54,,0,
VEH-0137,28,Final Assembly,FALSE,1281.01,1334.49,,50.6,,53.48,,0,
VEH-0137,29,Final Assembly,TRUE,1334.49,1386.77,52.28,53.7,46.17,52.28,,0,
VEH-0137,30,Final Assembly,TRUE,1386.77,1416.35,29.58,31.9,,29.58,,0,
VEH-0137,31,Final Assembly,TRUE,1416.35,1471.29,54.94,54.3,,54.94,,0,
VEH-0137,32,Final Assembly,TRUE,1471.29,1504.44,33.15,36.8,,33.15,PASS,0,
VEH-0137,33,Final Assembly,TRUE,1504.44,1536.6,32.16,32.6,45.66,32.16,,0,
VEH-0137,34,Final Assembly,TRUE,1536.6,1602.83,66.23,68,,66.23,,0,
VEH-0137,35,Final Assembly,TRUE,1602.83,1667.83,65,68.6,,65,,0,
VEH-0137,36,Final Assembly,TRUE,1667.83,1732.77,64.94,62.3,44.84,64.94,,0,
VEH-0137,37,Final Assembly,TRUE,1732.77,1773.94,41.17,42.2,,41.17,,0,
VEH-0137,38,Final Assembly,TRUE,1773.94,1807.91,33.97,33.9,,33.97,,0,
VEH-0137,39,Final Assembly,FALSE,1807.91,1872.88,,57.4,,64.97,,0,
VEH-0137,40,Final Assembly,TRUE,1872.88,1923.23,50.35,47.6,,50.35,,0,
VEH-0138,1,Body,FALSE,0,47.62,,45,,47.62,,0,
VEH-0138,2,Body,FALSE,47.62,114.09,,68,,66.47,,0,
VEH-0138,3,Body,FALSE,114.09,176.54,,59.3,,62.45,,0,
VEH-0138,4,Body,TRUE,176.54,225.24,48.7,53.9,,48.7,,0,
VEH-0138,5,Body,TRUE,225.24,258.76,33.52,36.2,,33.52,PASS,0,
VEH-0138,6,Body,FALSE,258.76,296.16,,36.2,,37.4,,0,
VEH-0138,7,Body,FALSE,296.16,328.15,,32.3,,31.99,,0,
VEH-0138,8,Body,FALSE,328.15,396.87,,64.6,,68.72,,0,
VEH-0138,9,Body,FALSE,396.87,448.34,,54,,51.47,PASS,0,
VEH-0138,10,Body,TRUE,448.34,507.34,59,58.3,,59,,0,
VEH-0138,11,Body,TRUE,507.34,536.9,29.56,30.8,,29.56,PASS,0,
VEH-0138,12,Body,TRUE,536.9,605.95,69.05,68.8,,69.05,,0,
VEH-0138,13,Body,TRUE,605.95,665.58,59.63,63.3,44.73,59.63,PASS,0,
VEH-0138,14,Body,TRUE,665.58,707.99,42.41,38.5,44.36,42.41,,0,
VEH-0138,15,Body,FALSE,707.99,745.04,,37.3,,37.05,PASS,0,
VEH-0138,16,Paint,FALSE,745.04,781.96,,37.3,,36.92,,0,
VEH-0138,17,Paint,TRUE,781.96,824.53,42.57,42.2,,42.57,,0,
VEH-0138,18,Paint,FALSE,824.53,876.72,,51,,52.19,,0,
VEH-0138,19,Paint,TRUE,876.72,924.63,47.91,47.3,45.42,47.91,,0,
VEH-0138,20,Paint,TRUE,924.63,965.85,41.22,41.6,,41.22,,0,
VEH-0138,21,Paint,TRUE,965.85,1020.62,54.77,54.5,,54.77,,0,
VEH-0138,22,Paint,TRUE,1020.62,1055.84,35.22,35.6,,35.22,PASS,0,
VEH-0138,23,Final Assembly,TRUE,1055.84,1093.75,37.91,41.7,,37.91,,0,
VEH-0138,24,Final Assembly,TRUE,1093.75,1144.34,50.59,44.7,,50.59,,0,
VEH-0138,25,Final Assembly,TRUE,1144.34,1194.29,49.95,48.2,,49.95,,0,
VEH-0138,27,Final Assembly,TRUE,1252.68,1291.12,38.44,38,42.98,38.44,,0,
VEH-0138,28,Final Assembly,FALSE,1291.12,1340.47,,50.6,,49.35,,0,
VEH-0138,29,Final Assembly,TRUE,1340.47,1390.18,49.71,53.7,44.92,49.71,,0,
VEH-0138,30,Final Assembly,TRUE,1390.18,1419.57,29.39,31.9,,29.39,,0,
VEH-0138,31,Final Assembly,TRUE,1419.57,1474.92,55.35,54.3,,55.35,,0,
VEH-0138,32,Final Assembly,TRUE,1474.92,1512.98,38.06,36.8,,38.06,PASS,0,
VEH-0138,33,Final Assembly,TRUE,1512.98,1544.23,31.25,32.6,45.24,31.25,,0,
VEH-0138,34,Final Assembly,TRUE,1544.23,1609.24,65.01,68,,65.01,,0,
VEH-0138,35,Final Assembly,TRUE,1609.24,1679.6,70.36,68.6,,70.36,,0,
VEH-0138,36,Final Assembly,TRUE,1679.6,1739.75,60.15,62.3,46.18,60.15,,0,
VEH-0138,37,Final Assembly,TRUE,1739.75,1778.13,38.38,42.2,,38.38,,0,
VEH-0138,38,Final Assembly,TRUE,1778.13,1810.32,32.19,33.9,,32.19,,0,
VEH-0138,39,Final Assembly,FALSE,1810.32,1864.54,,57.4,,54.22,,0,
VEH-0138,40,Final Assembly,TRUE,1864.54,1912.62,48.08,47.6,,48.08,,0,
VEH-0139,1,Body,FALSE,0,45.59,,45,,45.59,,0,
VEH-0139,2,Body,FALSE,45.59,110.92,,68,,65.33,,0,
VEH-0139,3,Body,FALSE,110.92,168.83,,59.3,,57.91,,0,
VEH-0139,4,Body,TRUE,168.83,225.76,56.93,53.9,,56.93,,0,
VEH-0139,5,Body,TRUE,225.76,264.86,39.1,36.2,,39.1,PASS,0,
VEH-0139,6,Body,FALSE,264.86,303.83,,36.2,,38.97,,0,
VEH-0139,7,Body,FALSE,303.83,337.35,,32.3,,33.52,,0,
VEH-0139,8,Body,FALSE,337.35,406,,64.6,,68.65,,0,
VEH-0139,9,Body,FALSE,406,451.25,,54,,45.25,PASS,0,
VEH-0139,10,Body,TRUE,451.25,510.42,59.17,58.3,,59.17,,0,
VEH-0139,11,Body,TRUE,510.42,541.22,30.8,30.8,,30.8,PASS,0,
VEH-0139,12,Body,TRUE,541.22,610.5,69.28,68.8,,69.28,,0,
VEH-0139,14,Body,TRUE,673.97,713.55,39.58,38.5,45.95,39.58,,0,
VEH-0139,16,Paint,FALSE,752.12,791.18,,37.3,,39.06,,0,
VEH-0139,17,Paint,TRUE,791.18,834.65,43.47,42.2,,43.47,,0,
VEH-0139,18,Paint,FALSE,834.65,884.6,,51,,49.95,,0,
VEH-0139,19,Paint,TRUE,884.6,931.73,47.13,47.3,45.14,47.13,,0,
VEH-0139,20,Paint,TRUE,931.73,973.55,41.82,41.6,,41.82,,0,
VEH-0139,21,Paint,TRUE,973.55,1030.78,57.23,54.5,,57.23,,0,
VEH-0139,22,Paint,TRUE,1030.78,1067.53,36.75,35.6,,36.75,PASS,0,
VEH-0139,23,Final Assembly,TRUE,1067.53,1113.57,46.04,41.7,,46.04,,0,
VEH-0139,24,Final Assembly,TRUE,1113.57,1163.21,49.64,44.7,,49.64,,0,
VEH-0139,25,Final Assembly,TRUE,1163.21,1211.6,48.39,48.2,,48.39,,0,
VEH-0139,26,Final Assembly,TRUE,1211.6,1261.22,49.62,61.4,,49.62,PASS,0,
VEH-0139,27,Final Assembly,TRUE,1261.22,1301.57,40.35,38,44.19,40.35,,0,
VEH-0139,28,Final Assembly,FALSE,1301.57,1350.14,,50.6,,48.57,,0,
VEH-0139,29,Final Assembly,TRUE,1350.14,1402.77,52.63,53.7,44.33,52.63,,0,
VEH-0139,30,Final Assembly,TRUE,1402.77,1435.64,32.87,31.9,,32.87,,0,
VEH-0139,31,Final Assembly,TRUE,1435.64,1485.71,50.07,54.3,,50.07,,0,
VEH-0139,32,Final Assembly,TRUE,1485.71,1520.53,34.82,36.8,,34.82,PASS,0,
VEH-0139,33,Final Assembly,TRUE,1520.53,1553.69,33.16,32.6,45.93,33.16,,0,
VEH-0139,34,Final Assembly,TRUE,1553.69,1623.87,70.18,68,,70.18,,0,
VEH-0139,35,Final Assembly,TRUE,1623.87,1689.77,65.9,68.6,,65.9,,0,
VEH-0139,36,Final Assembly,TRUE,1689.77,1749.02,59.25,62.3,44.24,59.25,,0,
VEH-0139,37,Final Assembly,TRUE,1749.02,1791.73,42.71,42.2,,42.71,,0,
VEH-0139,38,Final Assembly,TRUE,1791.73,1828.16,36.43,33.9,,36.43,,0,
VEH-0139,39,Final Assembly,FALSE,1828.16,1879.68,,57.4,,51.52,,0,
VEH-0139,40,Final Assembly,TRUE,1879.68,1926.75,47.07,47.6,,47.07,,0,
VEH-0140,1,Body,FALSE,0,42,,45,,42,,0,
VEH-0140,2,Body,FALSE,42,99.4,,68,,57.4,,0,
VEH-0140,3,Body,FALSE,99.4,158.85,,59.3,,59.45,,0,
VEH-0140,4,Body,TRUE,158.85,216.27,57.42,53.9,,57.42,,0,
VEH-0140,5,Body,TRUE,216.27,250.57,34.3,36.2,,34.3,PASS,0,
VEH-0140,6,Body,FALSE,250.57,287.83,,36.2,,37.26,,0,
VEH-0140,7,Body,FALSE,287.83,320.82,,32.3,,32.99,,0,
VEH-0140,8,Body,FALSE,320.82,388.04,,64.6,,67.22,,0,
VEH-0140,10,Body,TRUE,446.19,503.69,57.5,58.3,,57.5,,0,
VEH-0140,11,Body,TRUE,503.69,537.59,33.9,30.8,,33.9,PASS,0,
VEH-0140,12,Body,TRUE,537.59,600.76,63.17,68.8,,63.17,,0,
VEH-0140,13,Body,TRUE,600.76,663.21,62.45,63.3,44.77,62.45,PASS,0,
VEH-0140,14,Body,TRUE,663.21,701.63,38.42,38.5,46.07,38.42,,0,
VEH-0140,15,Body,FALSE,701.63,745.25,,37.3,,43.62,PASS,0,
VEH-0140,16,Paint,FALSE,745.25,783.4,,37.3,,38.15,,0,
VEH-0140,17,Paint,TRUE,783.4,825.65,42.25,42.2,,42.25,,0,
VEH-0140,18,Paint,FALSE,825.65,873.85,,51,,48.2,,0,
VEH-0140,19,Paint,TRUE,873.85,916.69,42.84,47.3,46.76,42.84,,0,
VEH-0140,20,Paint,TRUE,916.69,957.15,40.46,41.6,,40.46,,0,
VEH-0140,21,Paint,TRUE,957.15,1018.76,61.61,54.5,,61.61,,0,
VEH-0140,22,Paint,TRUE,1018.76,1055.91,37.15,35.6,,37.15,PASS,0,
VEH-0140,23,Final Assembly,TRUE,1055.91,1098.32,42.41,41.7,,42.41,,0,
VEH-0140,24,Final Assembly,TRUE,1098.32,1143.9,45.58,44.7,,45.58,,0,
VEH-0140,25,Final Assembly,TRUE,1143.9,1193.07,49.17,48.2,,49.17,,0,
VEH-0140,26,Final Assembly,TRUE,1193.07,1252.34,59.27,61.4,,59.27,PASS,0,
VEH-0140,27,Final Assembly,TRUE,1252.34,1287.01,34.67,38,44.17,34.67,,0,
VEH-0140,28,Final Assembly,FALSE,1287.01,1337.56,,50.6,,50.55,,0,
VEH-0140,29,Final Assembly,TRUE,1337.56,1389.52,51.96,53.7,43.07,51.96,,0,
VEH-0140,30,Final Assembly,TRUE,1389.52,1420.23,30.71,31.9,,30.71,,0,
VEH-0140,31,Final Assembly,TRUE,1420.23,1477.34,57.11,54.3,,57.11,,0,
VEH-0140,32,Final Assembly,TRUE,1477.34,1515.52,38.18,36.8,,38.18,PASS,0,
VEH-0140,33,Final Assembly,TRUE,1515.52,1548.4,32.88,32.6,45.88,32.88,,0,
VEH-0140,34,Final Assembly,TRUE,1548.4,1612.55,64.15,68,,64.15,,0,
VEH-0140,35,Final Assembly,TRUE,1612.55,1678.42,65.87,68.6,,65.87,,0,
VEH-0140,36,Final Assembly,TRUE,1678.42,1741.69,63.27,62.3,43.49,63.27,,0,
VEH-0140,37,Final Assembly,TRUE,1741.69,1784.12,42.43,42.2,,42.43,,0,
VEH-0140,38,Final Assembly,TRUE,1784.12,1815.87,31.75,33.9,,31.75,,0,
VEH-0140,39,Final Assembly,FALSE,1815.87,1868.54,,57.4,,52.67,,0,
VEH-0140,40,Final Assembly,TRUE,1868.54,1917.89,49.35,47.6,,49.35,,0,
VEH-0141,1,Body,FALSE,0,44.8,,45,,44.8,,0,
VEH-0141,2,Body,FALSE,44.8,120.32,,68,,75.52,,0,
VEH-0141,3,Body,FALSE,120.32,182,,59.3,,61.68,,0,
VEH-0141,4,Body,TRUE,182,241.81,59.81,53.9,,59.81,,0,
VEH-0141,5,Body,TRUE,241.81,279.61,37.8,36.2,,37.8,PASS,0,
VEH-0141,6,Body,FALSE,279.61,317.67,,36.2,,38.06,,0,
VEH-0141,7,Body,FALSE,317.67,353.15,,32.3,,35.48,,0,
VEH-0141,8,Body,FALSE,353.15,424.2,,64.6,,71.05,,0,
VEH-0141,9,Body,FALSE,424.2,477.69,,54,,53.49,PASS,0,
VEH-0141,10,Body,TRUE,477.69,539.01,61.32,58.3,,61.32,,0,
VEH-0141,12,Body,TRUE,572.05,639.2,67.15,68.8,,67.15,,0,
VEH-0141,13,Body,TRUE,639.2,700.21,61.01,63.3,45.21,61.01,PASS,0,
VEH-0141,14,Body,TRUE,700.21,740.31,40.1,38.5,46.2,40.1,,0,
VEH-0141,15,Body,FALSE,740.31,774.96,,37.3,,34.65,PASS,0,
VEH-0141,16,Paint,FALSE,774.96,815.82,,37.3,,40.86,,0,
VEH-0141,17,Paint,TRUE,815.82,856.67,40.85,42.2,,40.85,,0,
VEH-0141,18,Paint,FALSE,856.67,906.99,,51,,50.32,,0,
VEH-0141,19,Paint,TRUE,906.99,952.16,45.17,47.3,49.05,45.17,,0,
VEH-0141,20,Paint,TRUE,952.16,994.26,42.1,41.6,,42.1,,0,
VEH-0141,21,Paint,TRUE,994.26,1046.44,52.18,54.5,,52.18,,0,
VEH-0141,22,Paint,TRUE,1046.44,1083.58,37.14,35.6,,37.14,PASS,0,
VEH-0141,23,Final Assembly,TRUE,1083.58,1126.89,43.31,41.7,,43.31,,0,
VEH-0141,24,Final Assembly,TRUE,1126.89,1171.17,44.28,44.7,,44.28,,0,
VEH-0141,25,Final Assembly,TRUE,1171.17,1221.4,50.23,48.2,,50.23,,0,
VEH-0141,27,Final Assembly,TRUE,1280.27,1317.33,37.06,38,41.98,37.06,,0,
VEH-0141,28,Final Assembly,FALSE,1317.33,1364.58,,50.6,,47.25,,0,
VEH-0141,29,Final Assembly,TRUE,1364.58,1423.14,58.56,53.7,47.46,58.56,,0,
VEH-0141,30,Final Assembly,TRUE,1423.14,1455.14,32,31.9,,32,,0,
VEH-0141,31,Final Assembly,TRUE,1455.14,1513.95,58.81,54.3,,58.81,,0,
VEH-0141,32,Final Assembly,TRUE,1513.95,1550.46,36.51,36.8,,36.51,PASS,0,
VEH-0141,33,Final Assembly,TRUE,1550.46,1582.66,32.2,32.6,45.08,32.2,,0,
VEH-0141,34,Final Assembly,TRUE,1582.66,1650.24,67.58,68,,67.58,,0,
VEH-0141,35,Final Assembly,TRUE,1650.24,1718.1,67.86,68.6,,67.86,,0,
VEH-0141,36,Final Assembly,TRUE,1718.1,1783.97,65.87,62.3,45.23,65.87,,0,
VEH-0141,37,Final Assembly,TRUE,1783.97,1827.67,43.7,42.2,,43.7,,0,
VEH-0141,38,Final Assembly,TRUE,1827.67,1863.32,35.65,33.9,,35.65,,0,
VEH-0141,39,Final Assembly,FALSE,1863.32,1921.83,,57.4,,58.51,,0,
VEH-0141,40,Final Assembly,TRUE,1921.83,1967.12,45.29,47.6,,45.29,,0,
VEH-0142,1,Body,FALSE,0,41.96,,45,,41.96,,0,
VEH-0142,2,Body,FALSE,41.96,111.24,,68,,69.28,,0,
VEH-0142,3,Body,FALSE,111.24,169.09,,59.3,,57.85,,0,
VEH-0142,4,Body,TRUE,169.09,219.57,50.48,53.9,,50.48,,0,
VEH-0142,5,Body,TRUE,219.57,258.94,39.37,36.2,,39.37,PASS,0,
VEH-0142,6,Body,FALSE,258.94,296.25,,36.2,,37.31,,0,
VEH-0142,7,Body,FALSE,296.25,327.88,,32.3,,31.63,,0,
VEH-0142,8,Body,FALSE,327.88,399.31,,64.6,,71.43,,0,
VEH-0142,9,Body,FALSE,399.31,458.26,,54,,58.95,PASS,0,
VEH-0142,10,Body,TRUE,458.26,514.26,56,58.3,,56,,0,
VEH-0142,11,Body,TRUE,514.26,545.39,31.13,30.8,,31.13,PASS,0,
VEH-0142,12,Body,TRUE,545.39,609.41,64.02,68.8,,64.02,,0,
VEH-0142,14,Body,TRUE,672.33,708.68,36.35,38.5,44.72,36.35,,0,
VEH-0142,15,Body,FALSE,708.68,747.47,,37.3,,38.79,PASS,0,
VEH-0142,16,Paint,FALSE,747.47,785.87,,37.3,,38.4,,0,
VEH-0142,17,Paint,TRUE,785.87,825.63,39.76,42.2,,39.76,,0,
VEH-0142,18,Paint,FALSE,825.63,877.58,,51,,51.95,,0,
VEH-0142,19,Paint,TRUE,877.58,926.2,48.62,47.3,45.16,48.62,,0,
VEH-0142,20,Paint,TRUE,926.2,970.07,43.87,41.6,,43.87,,0,
VEH-0142,21,Paint,TRUE,970.07,1022.96,52.89,54.5,,52.89,,0,
VEH-0142,22,Paint,TRUE,1022.96,1059.29,36.33,35.6,,36.33,PASS,0,
VEH-0142,23,Final Assembly,TRUE,1059.29,1098.55,39.26,41.7,,39.26,,0,
VEH-0142,24,Final Assembly,TRUE,1098.55,1139.66,41.11,44.7,,41.11,,0,
VEH-0142,25,Final Assembly,TRUE,1139.66,1189.74,50.08,48.2,,50.08,,0,
VEH-0142,26,Final Assembly,TRUE,1189.74,1251.2,61.46,61.4,,61.46,PASS,0,
VEH-0142,27,Final Assembly,TRUE,1251.2,1288.32,37.12,38,43.4,37.12,,0,
VEH-0142,28,Final Assembly,FALSE,1288.32,1341.01,,50.6,,52.69,,0,
VEH-0142,29,Final Assembly,TRUE,1341.01,1390.65,49.64,53.7,46.49,49.64,,0,
VEH-0142,30,Final Assembly,TRUE,1390.65,1423.27,32.62,31.9,,32.62,,0,
VEH-0142,31,Final Assembly,TRUE,1423.27,1473.62,50.35,54.3,,50.35,,0,
VEH-0142,32,Final Assembly,TRUE,1473.62,1510.65,37.03,36.8,,37.03,PASS,0,
VEH-0142,33,Final Assembly,TRUE,1510.65,1547.58,36.93,32.6,46.78,36.93,,0,
VEH-0142,34,Final Assembly,TRUE,1547.58,1612.76,65.18,68,,65.18,,0,
VEH-0142,35,Final Assembly,TRUE,1612.76,1683.82,71.06,68.6,,71.06,,0,
VEH-0142,36,Final Assembly,TRUE,1683.82,1741.7,57.88,62.3,42.94,57.88,,0,
VEH-0142,37,Final Assembly,TRUE,1741.7,1783.76,42.06,42.2,,42.06,,0,
VEH-0142,38,Final Assembly,TRUE,1783.76,1818.6,34.84,33.9,,34.84,,0,
VEH-0142,39,Final Assembly,FALSE,1818.6,1878.33,,57.4,,59.73,,0,
VEH-0142,40,Final Assembly,TRUE,1878.33,1927.89,49.56,47.6,,49.56,,0,
VEH-0143,1,Body,FALSE,0,46.41,,45,,46.41,,0,
VEH-0143,2,Body,FALSE,46.41,113.83,,68,,67.42,,0,
VEH-0143,3,Body,FALSE,113.83,177.13,,59.3,,63.3,,0,
VEH-0143,4,Body,TRUE,177.13,224.64,47.51,53.9,,47.51,,0,
VEH-0143,5,Body,TRUE,224.64,264.55,39.91,36.2,,39.91,PASS,0,
VEH-0143,6,Body,FALSE,264.55,297.66,,36.2,,33.11,,0,
VEH-0143,7,Body,FALSE,297.66,328.95,,32.3,,31.29,,0,
VEH-0143,8,Body,FALSE,328.95,399.03,,64.6,,70.08,,0,
VEH-0143,9,Body,FALSE,399.03,452.63,,54,,53.6,PASS,0,
VEH-0143,10,Body,TRUE,452.63,513.87,61.24,58.3,,61.24,,0,
VEH-0143,11,Body,TRUE,513.87,543.04,29.17,30.8,,29.17,PASS,0,
VEH-0143,12,Body,TRUE,543.04,612.74,69.7,68.8,,69.7,,0,
VEH-0143,13,Body,TRUE,612.74,674.21,61.47,63.3,45.44,61.47,PASS,0,
VEH-0143,14,Body,TRUE,674.21,712.58,38.37,38.5,45.14,38.37,,0,
VEH-0143,16,Paint,FALSE,748.86,785.21,,37.3,,36.35,,0,
VEH-0143,17,Paint,TRUE,785.21,828.02,42.81,42.2,,42.81,,0,
VEH-0143,18,Paint,FALSE,828.02,881.43,,51,,53.41,,0,
VEH-0143,19,Paint,TRUE,881.43,927.32,45.89,47.3,43.7,45.89,,0,
VEH-0143,20,Paint,TRUE,927.32,970.2,42.88,41.6,,42.88,,0,
VEH-0143,21,Paint,TRUE,970.2,1024.61,54.41,54.5,,54.41,,0,
VEH-0143,22,Paint,TRUE,1024.61,1061.69,37.08,35.6,,37.08,PASS,0,
VEH-0143,23,Final Assembly,TRUE,1061.69,1101.5,39.81,41.7,,39.81,,0,
VEH-0143,24,Final Assembly,TRUE,1101.5,1142.21,40.71,44.7,,40.71,,0,
VEH-0143,25,Final Assembly,TRUE,1142.21,1189.13,46.92,48.2,,46.92,,0,
VEH-0143,26,Final Assembly,TRUE,1189.13,1248.18,59.05,61.4,,59.05,PASS,0,
VEH-0143,27,Final Assembly,TRUE,1248.18,1286.03,37.85,38,44.04,37.85,,0,
VEH-0143,28,Final Assembly,FALSE,1286.03,1338.5,,50.6,,52.47,,0,
VEH-0143,29,Final Assembly,TRUE,1338.5,1391.42,52.92,53.7,45.23,52.92,,0,
VEH-0143,30,Final Assembly,TRUE,1391.42,1423.57,32.15,31.9,,32.15,,0,
VEH-0143,31,Final Assembly,TRUE,1423.57,1478.4,54.83,54.3,,54.83,,0,
VEH-0143,32,Final Assembly,TRUE,1478.4,1515.16,36.76,36.8,,36.76,PASS,0,
VEH-0143,33,Final Assembly,TRUE,1515.16,1548.59,33.43,32.6,43.81,33.43,,0,
VEH-0143,34,Final Assembly,TRUE,1548.59,1621.35,72.76,68,,72.76,,0,
VEH-0143,35,Final Assembly,TRUE,1621.35,1689.14,67.79,68.6,,67.79,,0,
VEH-0143,36,Final Assembly,TRUE,1689.14,1747.35,58.21,62.3,45.28,58.21,,0,
VEH-0143,37,Final Assembly,TRUE,1747.35,1787.75,40.4,42.2,,40.4,,0,
VEH-0143,38,Final Assembly,TRUE,1787.75,1822.78,35.03,33.9,,35.03,,0,
VEH-0143,39,Final Assembly,FALSE,1822.78,1886.52,,57.4,,63.74,,0,
VEH-0143,40,Final Assembly,TRUE,1886.52,1932.25,45.73,47.6,,45.73,,0,
VEH-0144,1,Body,FALSE,0,45.75,,45,,45.75,,0,
VEH-0144,2,Body,FALSE,45.75,108.24,,68,,62.49,,0,
VEH-0144,3,Body,FALSE,108.24,163.57,,59.3,,55.33,,0,
VEH-0144,4,Body,TRUE,163.57,213.97,50.4,53.9,,50.4,,0,
VEH-0144,5,Body,TRUE,213.97,249.85,35.88,36.2,,35.88,PASS,0,
VEH-0144,6,Body,FALSE,249.85,283.52,,36.2,,33.67,,0,
VEH-0144,7,Body,FALSE,283.52,318.04,,32.3,,34.52,,0,
VEH-0144,8,Body,FALSE,318.04,389.85,,64.6,,71.81,,0,
VEH-0144,10,Body,TRUE,445.47,499.13,53.66,58.3,,53.66,,0,
VEH-0144,12,Body,TRUE,531.92,602.95,71.03,68.8,,71.03,,0,
VEH-0144,13,Body,TRUE,602.95,664.09,61.14,63.3,42.69,61.14,PASS,0,
VEH-0144,14,Body,TRUE,664.09,702.44,38.35,38.5,44.3,38.35,,0,
VEH-0144,16,Paint,FALSE,738.95,774.94,,37.3,,35.99,,0,
VEH-0144,17,Paint,TRUE,774.94,818.66,43.72,42.2,,43.72,,0,
VEH-0144,18,Paint,FALSE,818.66,863.03,,51,,44.37,,0,
VEH-0144,19,Paint,TRUE,863.03,913.7,50.67,47.3,46.5,50.67,,0,
VEH-0144,20,Paint,TRUE,913.7,955.74,42.04,41.6,,42.04,,0,
VEH-0144,21,Paint,TRUE,955.74,1009.85,54.11,54.5,,54.11,,0,
VEH-0144,22,Paint,TRUE,1009.85,1047.38,37.53,35.6,,37.53,PASS,0,
VEH-0144,23,Final Assembly,TRUE,1047.38,1088.99,41.61,41.7,,41.61,,0,
VEH-0144,24,Final Assembly,TRUE,1088.99,1133.07,44.08,44.7,,44.08,,0,
VEH-0144,25,Final Assembly,TRUE,1133.07,1184.01,50.94,48.2,,50.94,,0,
VEH-0144,26,Final Assembly,TRUE,1184.01,1251.84,67.83,61.4,,67.83,PASS,0,
VEH-0144,27,Final Assembly,TRUE,1251.84,1288,36.16,38,45.64,36.16,,0,
VEH-0144,28,Final Assembly,FALSE,1288,1335.85,,50.6,,47.85,,0,
VEH-0144,29,Final Assembly,TRUE,1335.85,1390.9,55.05,53.7,43.83,55.05,,0,
VEH-0144,30,Final Assembly,TRUE,1390.9,1424.73,33.83,31.9,,33.83,,0,
VEH-0144,31,Final Assembly,TRUE,1424.73,1478.76,54.03,54.3,,54.03,,0,
VEH-0144,33,Final Assembly,TRUE,1515.65,1550.91,35.26,32.6,43.9,35.26,,0,
VEH-0144,34,Final Assembly,TRUE,1550.91,1621.24,70.33,68,,70.33,,0,
VEH-0144,35,Final Assembly,TRUE,1621.24,1687.67,66.43,68.6,,66.43,,0,
VEH-0144,36,Final Assembly,TRUE,1687.67,1753.7,66.03,62.3,47.68,66.03,,0,
VEH-0144,37,Final Assembly,TRUE,1753.7,1795.35,41.65,42.2,,41.65,,0,
VEH-0144,38,Final Assembly,TRUE,1795.35,1825.52,30.17,33.9,,30.17,,0,
VEH-0144,39,Final Assembly,FALSE,1825.52,1880.95,,57.4,,55.43,,0,
VEH-0144,40,Final Assembly,TRUE,1880.95,1934.34,53.39,47.6,,53.39,,0,
VEH-0145,1,Body,FALSE,0,42.91,,45,,42.91,,0,
VEH-0145,2,Body,FALSE,42.91,115.29,,68,,72.38,,0,
VEH-0145,3,Body,FALSE,115.29,172.71,,59.3,,57.42,,0,
VEH-0145,4,Body,TRUE,172.71,229.66,56.95,53.9,,56.95,,0,
VEH-0145,5,Body,TRUE,229.66,265.44,35.78,36.2,,35.78,PASS,0,
VEH-0145,6,Body,FALSE,265.44,302.01,,36.2,,36.57,,0,
VEH-0145,7,Body,FALSE,302.01,333.51,,32.3,,31.5,,0,
VEH-0145,8,Body,FALSE,333.51,400.81,,64.6,,67.3,,0,
VEH-0145,9,Body,FALSE,400.81,450.1,,54,,49.29,PASS,0,
VEH-0145,10,Body,TRUE,450.1,505.32,55.22,58.3,,55.22,,0,
VEH-0145,11,Body,TRUE,505.32,535.62,30.3,30.8,,30.3,PASS,0,
VEH-0145,12,Body,TRUE,535.62,605.15,69.53,68.8,,69.53,,0,
VEH-0145,13,Body,TRUE,605.15,671.65,66.5,63.3,44.33,66.5,PASS,0,
VEH-0145,14,Body,TRUE,671.65,708.45,36.8,38.5,42.84,36.8,,0,
VEH-0145,15,Body,FALSE,708.45,746.64,,37.3,,38.19,PASS,0,
VEH-0145,16,Paint,FALSE,746.64,786.51,,37.3,,39.87,,0,
VEH-0145,17,Paint,TRUE,786.51,831.38,44.87,42.2,,44.87,,0,
VEH-0145,18,Paint,FALSE,831.38,884.19,,51,,52.81,,0,
VEH-0145,19,Paint,TRUE,884.19,933,48.81,47.3,47.55,48.81,,0,
VEH-0145,20,Paint,TRUE,933,975.29,42.29,41.6,,42.29,,0,
VEH-0145,21,Paint,TRUE,975.29,1031.55,56.26,54.5,,56.26,,0,
VEH-0145,22,Paint,TRUE,1031.55,1066.58,35.03,35.6,,35.03,PASS,0,
VEH-0145,23,Final Assembly,TRUE,1066.58,1105.43,38.85,41.7,,38.85,,0,
VEH-0145,24,Final Assembly,TRUE,1105.43,1148.6,43.17,44.7,,43.17,,0,
VEH-0145,25,Final Assembly,TRUE,1148.6,1196.78,48.18,48.2,,48.18,,0,
VEH-0145,26,Final Assembly,TRUE,1196.78,1258.37,61.59,61.4,,61.59,PASS,0,
VEH-0145,27,Final Assembly,TRUE,1258.37,1300.03,41.66,38,45.12,41.66,,0,
VEH-0145,28,Final Assembly,FALSE,1300.03,1353.61,,50.6,,53.58,,0,
VEH-0145,29,Final Assembly,TRUE,1353.61,1406.14,52.53,53.7,44.53,52.53,,0,
VEH-0145,30,Final Assembly,TRUE,1406.14,1435.93,29.79,31.9,,29.79,,0,
VEH-0145,31,Final Assembly,TRUE,1435.93,1488.22,52.29,54.3,,52.29,,0,
VEH-0145,33,Final Assembly,TRUE,1525.99,1558.6,32.61,32.6,46.41,32.61,,0,
VEH-0145,34,Final Assembly,TRUE,1558.6,1627.22,68.62,68,,68.62,,0,
VEH-0145,35,Final Assembly,TRUE,1627.22,1694.61,67.39,68.6,,67.39,,0,
VEH-0145,36,Final Assembly,TRUE,1694.61,1763.61,69,62.3,44.86,69,,0,
VEH-0145,37,Final Assembly,TRUE,1763.61,1808.26,44.65,42.2,,44.65,,0,
VEH-0145,38,Final Assembly,TRUE,1808.26,1841.48,33.22,33.9,,33.22,,0,
VEH-0145,39,Final Assembly,FALSE,1841.48,1900.92,,57.4,,59.44,,0,
VEH-0145,40,Final Assembly,TRUE,1900.92,1950.73,49.81,47.6,,49.81,,0,
VEH-0146,1,Body,FALSE,0,45.47,,45,,45.47,,0,
VEH-0146,2,Body,FALSE,45.47,110.52,,68,,65.05,,0,
VEH-0146,3,Body,FALSE,110.52,169.86,,59.3,,59.34,,0,
VEH-0146,4,Body,TRUE,169.86,224.2,54.34,53.9,,54.34,,0,
VEH-0146,6,Body,FALSE,263.36,298.48,,36.2,,35.12,,0,
VEH-0146,7,Body,FALSE,298.48,330.49,,32.3,,32.01,,0,
VEH-0146,8,Body,FALSE,330.49,405.33,,64.6,,74.84,,0,
VEH-0146,10,Body,TRUE,464.2,523.89,59.69,58.3,,59.69,,0,
VEH-0146,11,Body,TRUE,523.89,554.3,30.41,30.8,,30.41,PASS,0,
VEH-0146,12,Body,TRUE,554.3,621.47,67.17,68.8,,67.17,,0,
VEH-0146,13,Body,TRUE,621.47,678.93,57.46,63.3,43.61,57.46,PASS,0,
VEH-0146,14,Body,TRUE,678.93,717.63,38.7,38.5,44.73,38.7,,0,
VEH-0146,15,Body,FALSE,717.63,756.09,,37.3,,38.46,PASS,0,
VEH-0146,16,Paint,FALSE,756.09,793.03,,37.3,,36.94,,0,
VEH-0146,17,Paint,TRUE,793.03,833.7,40.67,42.2,,40.67,,0,
VEH-0146,18,Paint,FALSE,833.7,885.57,,51,,51.87,,0,
VEH-0146,19,Paint,TRUE,885.57,938.78,53.21,47.3,44.52,53.21,,0,
VEH-0146,20,Paint,TRUE,938.78,980.67,41.89,41.6,,41.89,,0,
VEH-0146,21,Paint,TRUE,980.67,1037.48,56.81,54.5,,56.81,,0,
VEH-0146,22,Paint,TRUE,1037.48,1072.06,34.58,35.6,,34.58,PASS,0,
VEH-0146,23,Final Assembly,TRUE,1072.06,1116.42,44.36,41.7,,44.36,,0,
VEH-0146,24,Final Assembly,TRUE,1116.42,1157.58,41.16,44.7,,41.16,,0,
VEH-0146,25,Final Assembly,TRUE,1157.58,1204.8,47.22,48.2,,47.22,,0,
VEH-0146,27,Final Assembly,TRUE,1265.24,1303.53,38.29,38,42.04,38.29,,0,
VEH-0146,28,Final Assembly,FALSE,1303.53,1357.55,,50.6,,54.02,,0,
VEH-0146,29,Final Assembly,TRUE,1357.55,1412.36,54.81,53.7,46.68,54.81,,0,
VEH-0146,30,Final Assembly,TRUE,1412.36,1446.82,34.46,31.9,,34.46,,0,
VEH-0146,31,Final Assembly,TRUE,1446.82,1499.11,52.29,54.3,,52.29,,0,
VEH-0146,33,Final Assembly,TRUE,1531.32,1565.79,34.47,32.6,44.57,34.47,,0,
VEH-0146,34,Final Assembly,TRUE,1565.79,1629.94,64.15,68,,64.15,,0,
VEH-0146,35,Final Assembly,TRUE,1629.94,1700.52,70.58,68.6,,70.58,,0,
VEH-0146,36,Final Assembly,TRUE,1700.52,1770.51,69.99,62.3,44.84,69.99,,0,
VEH-0146,37,Final Assembly,TRUE,1770.51,1814.72,44.21,42.2,,44.21,,0,
VEH-0146,38,Final Assembly,TRUE,1814.72,1846.94,32.22,33.9,,32.22,,0,
VEH-0146,39,Final Assembly,FALSE,1846.94,1899.5,,57.4,,52.56,,0,
VEH-0146,40,Final Assembly,TRUE,1899.5,1949.28,49.78,47.6,,49.78,,0,
VEH-0147,1,Body,FALSE,0,48.41,,45,,48.41,,0,
VEH-0147,2,Body,FALSE,48.41,120.31,,68,,71.9,,0,
VEH-0147,3,Body,FALSE,120.31,176.32,,59.3,,56.01,,0,
VEH-0147,4,Body,TRUE,176.32,227.07,50.75,53.9,,50.75,,0,
VEH-0147,5,Body,TRUE,227.07,265.58,38.51,36.2,,38.51,PASS,0,
VEH-0147,6,Body,FALSE,265.58,299.72,,36.2,,34.14,,0,
VEH-0147,7,Body,FALSE,299.72,332.84,,32.3,,33.12,,0,
VEH-0147,8,Body,FALSE,332.84,401.81,,64.6,,68.97,,0,
VEH-0147,9,Body,FALSE,401.81,460.18,,54,,58.37,PASS,0,
VEH-0147,10,Body,TRUE,460.18,516.23,56.05,58.3,,56.05,,0,
VEH-0147,12,Body,TRUE,548.79,618.23,69.44,68.8,,69.44,,0,
VEH-0147,13,Body,TRUE,618.23,682.33,64.1,63.3,42.04,64.1,PASS,0,
VEH-0147,14,Body,TRUE,682.33,716.58,34.25,38.5,44.67,34.25,,0,
VEH-0147,15,Body,FALSE,716.58,754.34,,37.3,,37.76,PASS,0,
VEH-0147,16,Paint,FALSE,754.34,789.55,,37.3,,35.21,,0,
VEH-0147,17,Paint,TRUE,789.55,829.45,39.9,42.2,,39.9,,0,
VEH-0147,18,Paint,FALSE,829.45,881.88,,51,,52.43,,0,
VEH-0147,19,Paint,TRUE,881.88,930.51,48.63,47.3,44.79,48.63,,0,
VEH-0147,20,Paint,TRUE,930.51,973.73,43.22,41.6,,43.22,,0,
VEH-0147,21,Paint,TRUE,973.73,1025.02,51.29,54.5,,51.29,,0,
VEH-0147,22,Paint,TRUE,1025.02,1059.99,34.97,35.6,,34.97,PASS,0,
VEH-0147,23,Final Assembly,TRUE,1059.99,1105.13,45.14,41.7,,45.14,,0,
VEH-0147,24,Final Assembly,TRUE,1105.13,1149.98,44.85,44.7,,44.85,,0,
VEH-0147,25,Final Assembly,TRUE,1149.98,1198.48,48.5,48.2,,48.5,,0,
VEH-0147,26,Final Assembly,TRUE,1198.48,1266.96,68.48,61.4,,68.48,PASS,0,
VEH-0147,27,Final Assembly,TRUE,1266.96,1302.3,35.34,38,46.19,35.34,,0,
VEH-0147,28,Final Assembly,FALSE,1302.3,1357.11,,50.6,,54.81,,0,
VEH-0147,29,Final Assembly,TRUE,1357.11,1409.94,52.83,53.7,46.29,52.83,,0,
VEH-0147,30,Final Assembly,TRUE,1409.94,1440.28,30.34,31.9,,30.34,,0,
VEH-0147,31,Final Assembly,TRUE,1440.28,1492.72,52.44,54.3,,52.44,,0,
VEH-0147,32,Final Assembly,TRUE,1492.72,1530.23,37.51,36.8,,37.51,PASS,0,
VEH-0147,33,Final Assembly,TRUE,1530.23,1564.13,33.9,32.6,46.68,33.9,,0,
VEH-0147,34,Final Assembly,TRUE,1564.13,1637.47,73.34,68,,73.34,,0,
VEH-0147,35,Final Assembly,TRUE,1637.47,1705.84,68.37,68.6,,68.37,,0,
VEH-0147,36,Final Assembly,TRUE,1705.84,1771.86,66.02,62.3,44.49,66.02,,0,
VEH-0147,37,Final Assembly,TRUE,1771.86,1815.96,44.1,42.2,,44.1,,0,
VEH-0147,38,Final Assembly,TRUE,1815.96,1850.21,34.25,33.9,,34.25,,0,
VEH-0147,39,Final Assembly,FALSE,1850.21,1908.89,,57.4,,58.68,,0,
VEH-0147,40,Final Assembly,TRUE,1908.89,1957.5,48.61,47.6,,48.61,,0,
VEH-0148,1,Body,FALSE,0,41.39,,45,,41.39,,0,
VEH-0148,2,Body,FALSE,41.39,110.15,,68,,68.76,,0,
VEH-0148,3,Body,FALSE,110.15,171.1,,59.3,,60.95,,0,
VEH-0148,4,Body,TRUE,171.1,224.57,53.47,53.9,,53.47,,0,
VEH-0148,5,Body,TRUE,224.57,261.99,37.42,36.2,,37.42,PASS,0,
VEH-0148,6,Body,FALSE,261.99,298.32,,36.2,,36.33,,0,
VEH-0148,7,Body,FALSE,298.32,330.87,,32.3,,32.55,,0,
VEH-0148,8,Body,FALSE,330.87,392.57,,64.6,,61.7,,0,
VEH-0148,9,Body,FALSE,392.57,443.48,,54,,50.91,PASS,0,
VEH-0148,10,Body,TRUE,443.48,498.45,54.97,58.3,,54.97,,0,
VEH-0148,11,Body,TRUE,498.45,529.58,31.13,30.8,,31.13,PASS,0,
VEH-0148,12,Body,TRUE,529.58,602.75,73.17,68.8,,73.17,,0,
VEH-0148,13,Body,TRUE,602.75,665.67,62.92,63.3,46.27,62.92,PASS,0,
VEH-0148,14,Body,TRUE,665.67,705.42,39.75,38.5,45.21,39.75,,0,
VEH-0148,15,Body,FALSE,705.42,743.79,,37.3,,38.37,PASS,0,
VEH-0148,16,Paint,FALSE,743.79,781.55,,37.3,,37.76,,0,
VEH-0148,17,Paint,TRUE,781.55,823.45,41.9,42.2,,41.9,,0,
VEH-0148,18,Paint,FALSE,823.45,875.45,,51,,52,,0,
VEH-0148,19,Paint,TRUE,875.45,926.16,50.71,47.3,45.71,50.71,,0,
VEH-0148,20,Paint,TRUE,926.16,968.21,42.05,41.6,,42.05,,0,
VEH-0148,21,Paint,TRUE,968.21,1020.31,52.1,54.5,,52.1,,0,
VEH-0148,22,Paint,TRUE,1020.31,1058.43,38.12,35.6,,38.12,PASS,0,
VEH-0148,23,Final Assembly,TRUE,1058.43,1097.19,38.76,41.7,,38.76,,0,
VEH-0148,24,Final Assembly,TRUE,1097.19,1138.07,40.88,44.7,,40.88,,0,
VEH-0148,25,Final Assembly,TRUE,1138.07,1187.17,49.1,48.2,,49.1,,0,
VEH-0148,26,Final Assembly,TRUE,1187.17,1245.87,58.7,61.4,,58.7,PASS,0,
VEH-0148,27,Final Assembly,TRUE,1245.87,1285.94,40.07,38,42.47,40.07,,0,
VEH-0148,28,Final Assembly,FALSE,1285.94,1338.97,,50.6,,53.03,,0,
VEH-0148,29,Final Assembly,TRUE,1338.97,1394.88,55.91,53.7,45.18,55.91,,0,
VEH-0148,30,Final Assembly,TRUE,1394.88,1423.44,28.56,31.9,,28.56,,0,
VEH-0148,31,Final Assembly,TRUE,1423.44,1473.07,49.63,54.3,,49.63,,0,
VEH-0148,32,Final Assembly,TRUE,1473.07,1510.31,37.24,36.8,,37.24,PASS,0,
VEH-0148,33,Final Assembly,TRUE,1510.31,1542.53,32.22,32.6,46.09,32.22,,0,
VEH-0148,34,Final Assembly,TRUE,1542.53,1610.3,67.77,68,,67.77,,0,
VEH-0148,35,Final Assembly,TRUE,1610.3,1678.37,68.07,68.6,,68.07,,0,
VEH-0148,36,Final Assembly,TRUE,1678.37,1733.1,54.73,62.3,46.23,54.73,,0,
VEH-0148,37,Final Assembly,TRUE,1733.1,1773.93,40.83,42.2,,40.83,,0,
VEH-0148,38,Final Assembly,TRUE,1773.93,1807.15,33.22,33.9,,33.22,,0,
VEH-0148,39,Final Assembly,FALSE,1807.15,1861.48,,57.4,,54.33,,0,
VEH-0148,40,Final Assembly,TRUE,1861.48,1905.41,43.93,47.6,,43.93,,0,
VEH-0149,1,Body,FALSE,0,46.39,,45,,46.39,,0,
VEH-0149,2,Body,FALSE,46.39,113.11,,68,,66.72,,0,
VEH-0149,3,Body,FALSE,113.11,170.47,,59.3,,57.36,,0,
VEH-0149,4,Body,TRUE,170.47,227.8,57.33,53.9,,57.33,,0,
VEH-0149,5,Body,TRUE,227.8,263.1,35.3,36.2,,35.3,PASS,0,
VEH-0149,6,Body,FALSE,263.1,299.83,,36.2,,36.73,,0,
VEH-0149,7,Body,FALSE,299.83,332.39,,32.3,,32.56,,0,
VEH-0149,8,Body,FALSE,332.39,408.44,,64.6,,76.05,,0,
VEH-0149,9,Body,FALSE,408.44,465.06,,54,,56.62,PASS,0,
VEH-0149,10,Body,TRUE,465.06,519.58,54.52,58.3,,54.52,,0,
VEH-0149,11,Body,TRUE,519.58,548.55,28.97,30.8,,28.97,PASS,0,
VEH-0149,12,Body,TRUE,548.55,619.34,70.79,68.8,,70.79,,0,
VEH-0149,14,Body,TRUE,682.44,722.9,40.46,38.5,45.28,40.46,,0,
VEH-0149,15,Body,FALSE,722.9,760.3,,37.3,,37.4,PASS,0,
VEH-0149,16,Paint,FALSE,760.3,799.05,,37.3,,38.75,,0,
VEH-0149,17,Paint,TRUE,799.05,840.46,41.41,42.2,,41.41,,0,
VEH-0149,18,Paint,FALSE,840.46,895.46,,51,,55,,0,
VEH-0149,19,Paint,TRUE,895.46,940.9,45.44,47.3,45.99,45.44,,0,
VEH-0149,20,Paint,TRUE,940.9,985.48,44.58,41.6,,44.58,,0,
VEH-0149,21,Paint,TRUE,985.48,1036.22,50.74,54.5,,50.74,,0,
VEH-0149,22,Paint,TRUE,1036.22,1071.21,34.99,35.6,,34.99,PASS,0,
VEH-0149,23,Final Assembly,TRUE,1071.21,1115.3,44.09,41.7,,44.09,,0,
VEH-0149,24,Final Assembly,TRUE,1115.3,1162.59,47.29,44.7,,47.29,,0,
VEH-0149,25,Final Assembly,TRUE,1162.59,1210.38,47.79,48.2,,47.79,,0,
VEH-0149,26,Final Assembly,TRUE,1210.38,1269.52,59.14,61.4,,59.14,PASS,0,
VEH-0149,27,Final Assembly,TRUE,1269.52,1309.34,39.82,38,46.78,39.82,,0,
VEH-0149,28,Final Assembly,FALSE,1309.34,1356.99,,50.6,,47.65,,0,
VEH-0149,29,Final Assembly,TRUE,1356.99,1407.45,50.46,53.7,45.34,50.46,,0,
VEH-0149,30,Final Assembly,TRUE,1407.45,1440.35,32.9,31.9,,32.9,,0,
VEH-0149,31,Final Assembly,TRUE,1440.35,1493.84,53.49,54.3,,53.49,,0,
VEH-0149,32,Final Assembly,TRUE,1493.84,1531.89,38.05,36.8,,38.05,PASS,0,
VEH-0149,33,Final Assembly,TRUE,1531.89,1563.33,31.44,32.6,41.83,31.44,,0,
VEH-0149,34,Final Assembly,TRUE,1563.33,1629.89,66.56,68,,66.56,,0,
VEH-0149,35,Final Assembly,TRUE,1629.89,1698.71,68.82,68.6,,68.82,,0,
VEH-0149,36,Final Assembly,TRUE,1698.71,1760.15,61.44,62.3,43.26,61.44,,0,
VEH-0149,37,Final Assembly,TRUE,1760.15,1798.52,38.37,42.2,,38.37,,0,
VEH-0149,38,Final Assembly,TRUE,1798.52,1831.55,33.03,33.9,,33.03,,0,
VEH-0149,39,Final Assembly,FALSE,1831.55,1891.53,,57.4,,59.98,,0,
VEH-0149,40,Final Assembly,TRUE,1891.53,1942.12,50.59,47.6,,50.59,,0,
VEH-0150,1,Body,FALSE,0,47.67,,45,,47.67,,0,
VEH-0150,2,Body,FALSE,47.67,122.93,,68,,75.26,,0,
VEH-0150,3,Body,FALSE,122.93,185.67,,59.3,,62.74,,0,
VEH-0150,4,Body,TRUE,185.67,239.67,54,53.9,,54,,0,
VEH-0150,5,Body,TRUE,239.67,276.11,36.44,36.2,,36.44,PASS,0,
VEH-0150,6,Body,FALSE,276.11,315.5,,36.2,,39.39,,0,
VEH-0150,7,Body,FALSE,315.5,349.19,,32.3,,33.69,,0,
VEH-0150,8,Body,FALSE,349.19,416.74,,64.6,,67.55,,0,
VEH-0150,9,Body,FALSE,416.74,473.3,,54,,56.56,PASS,0,
VEH-0150,10,Body,TRUE,473.3,535.23,61.93,58.3,,61.93,,0,
VEH-0150,11,Body,TRUE,535.23,568.52,33.29,30.8,,33.29,PASS,0,
VEH-0150,12,Body,TRUE,568.52,635.94,67.42,68.8,,67.42,,0,
VEH-0150,13,Body,TRUE,635.94,697.74,61.8,63.3,43.59,61.8,PASS,0,
VEH-0150,14,Body,TRUE,697.74,736.83,39.09,38.5,46.1,39.09,,0,
VEH-0150,15,Body,FALSE,736.83,773.18,,37.3,,36.35,PASS,0,
VEH-0150,16,Paint,FALSE,773.18,810.22,,37.3,,37.04,,0,
VEH-0150,17,Paint,TRUE,810.22,848.09,37.87,42.2,,37.87,,0,
VEH-0150,18,Paint,FALSE,848.09,902.94,,51,,54.85,,0,
VEH-0150,19,Paint,TRUE,902.94,946.55,43.61,47.3,45.56,43.61,,0,
VEH-0150,20,Paint,TRUE,946.55,988.65,42.1,41.6,,42.1,,0,
VEH-0150,21,Paint,TRUE,988.65,1043.28,54.63,54.5,,54.63,,0,
VEH-0150,22,Paint,TRUE,1043.28,1079,35.72,35.6,,35.72,PASS,0,
VEH-0150,23,Final Assembly,TRUE,1079,1118.59,39.59,41.7,,39.59,,0,
VEH-0150,24,Final Assembly,TRUE,1118.59,1162.56,43.97,44.7,,43.97,,0,
VEH-0150,25,Final Assembly,TRUE,1162.56,1213.1,50.54,48.2,,50.54,,0,
VEH-0150,26,Final Assembly,TRUE,1213.1,1278.38,65.28,61.4,,65.28,PASS,0,
VEH-0150,27,Final Assembly,TRUE,1278.38,1315.58,37.2,38,42.66,37.2,,0,
VEH-0150,28,Final Assembly,FALSE,1315.58,1364.21,,50.6,,48.63,,0,
VEH-0150,29,Final Assembly,TRUE,1364.21,1422.89,58.68,53.7,43.92,58.68,,0,
VEH-0150,30,Final Assembly,TRUE,1422.89,1454.64,31.75,31.9,,31.75,,0,
VEH-0150,31,Final Assembly,TRUE,1454.64,1512.78,58.14,54.3,,58.14,,0,
VEH-0150,32,Final Assembly,TRUE,1512.78,1548.61,35.83,36.8,,35.83,PASS,0,
VEH-0150,33,Final Assembly,TRUE,1548.61,1580.94,32.33,32.6,46.19,32.33,,0,
VEH-0150,34,Final Assembly,TRUE,1580.94,1654.76,73.82,68,,73.82,,0,
VEH-0150,35,Final Assembly,TRUE,1654.76,1721.15,66.39,68.6,,66.39,,0,
VEH-0150,36,Final Assembly,TRUE,1721.15,1787.79,66.64,62.3,44.58,66.64,,0,
VEH-0150,37,Final Assembly,TRUE,1787.79,1828.12,40.33,42.2,,40.33,,0,
VEH-0150,38,Final Assembly,TRUE,1828.12,1862.44,34.32,33.9,,34.32,,0,
VEH-0150,39,Final Assembly,FALSE,1862.44,1916.52,,57.4,,54.08,,0,
VEH-0150,40,Final Assembly,TRUE,1916.52,1965.24,48.72,47.6,,48.72,,0,
VEH-0151,1,Body,FALSE,0,48.91,,45,,48.91,,0,
VEH-0151,2,Body,FALSE,48.91,118.37,,68,,69.46,,0,
VEH-0151,3,Body,FALSE,118.37,178.67,,59.3,,60.3,,0,
VEH-0151,4,Body,TRUE,178.67,232.22,53.55,53.9,,53.55,,0,
VEH-0151,5,Body,TRUE,232.22,268.3,36.08,36.2,,36.08,PASS,0,
VEH-0151,6,Body,FALSE,268.3,304.02,,36.2,,35.72,,0,
VEH-0151,7,Body,FALSE,304.02,335.83,,32.3,,31.81,,0,
VEH-0151,8,Body,FALSE,335.83,409.25,,64.6,,73.42,,0,
VEH-0151,9,Body,FALSE,409.25,460.72,,54,,51.47,PASS,0,
VEH-0151,10,Body,TRUE,460.72,515.88,55.16,58.3,,55.16,,0,
VEH-0151,11,Body,TRUE,515.88,544.95,29.07,30.8,,29.07,PASS,0,
VEH-0151,12,Body,TRUE,544.95,620.79,75.84,68.8,,75.84,,0,
VEH-0151,13,Body,TRUE,620.79,685.77,64.98,63.3,45.46,64.98,PASS,0,
VEH-0151,14,Body,TRUE,685.77,722.23,36.46,38.5,45.94,36.46,,0,
VEH-0151,15,Body,FALSE,722.23,759.31,,37.3,,37.08,PASS,0,
VEH-0151,16,Paint,FALSE,759.31,797.01,,37.3,,37.7,,0,
VEH-0151,17,Paint,TRUE,797.01,837.15,40.14,42.2,,40.14,,0,
VEH-0151,18,Paint,FALSE,837.15,888.56,,51,,51.41,,0,
VEH-0151,19,Paint,TRUE,888.56,934.86,46.3,47.3,43.85,46.3,,0,
VEH-0151,20,Paint,TRUE,934.86,977.99,43.13,41.6,,43.13,,0,
VEH-0151,21,Paint,TRUE,977.99,1028.29,50.3,54.5,,50.3,,0,
VEH-0151,22,Paint,TRUE,1028.29,1064.9,36.61,35.6,,36.61,PASS,0,
VEH-0151,23,Final Assembly,TRUE,1064.9,1108.03,43.13,41.7,,43.13,,0,
VEH-0151,24,Final Assembly,TRUE,1108.03,1150.76,42.73,44.7,,42.73,,0,
VEH-0151,25,Final Assembly,TRUE,1150.76,1196.98,46.22,48.2,,46.22,,0,
VEH-0151,27,Final Assembly,TRUE,1257.7,1296.24,38.54,38,44.77,38.54,,0,
VEH-0151,28,Final Assembly,FALSE,1296.24,1347.94,,50.6,,51.7,,0,
VEH-0151,29,Final Assembly,TRUE,1347.94,1406.38,58.44,53.7,44.24,58.44,,0,
VEH-0151,30,Final Assembly,TRUE,1406.38,1435.55,29.17,31.9,,29.17,,0,
VEH-0151,31,Final Assembly,TRUE,1435.55,1492.09,56.54,54.3,,56.54,,0,
VEH-0151,32,Final Assembly,TRUE,1492.09,1531.99,39.9,36.8,,39.9,PASS,0,
VEH-0151,33,Final Assembly,TRUE,1531.99,1565.23,33.24,32.6,43.37,33.24,,0,
VEH-0151,34,Final Assembly,TRUE,1565.23,1632.81,67.58,68,,67.58,,0,
VEH-0151,35,Final Assembly,TRUE,1632.81,1697.57,64.76,68.6,,64.76,,0,
VEH-0151,36,Final Assembly,TRUE,1697.57,1761.88,64.31,62.3,42.97,64.31,,0,
VEH-0151,37,Final Assembly,TRUE,1761.88,1803.45,41.57,42.2,,41.57,,0,
VEH-0151,38,Final Assembly,TRUE,1803.45,1835.64,32.19,33.9,,32.19,,0,
VEH-0151,39,Final Assembly,FALSE,1835.64,1893.4,,57.4,,57.76,,0,
VEH-0151,40,Final Assembly,TRUE,1893.4,1940.13,46.73,47.6,,46.73,,0,
VEH-0152,1,Body,FALSE,0,45.4,,45,,45.4,,0,
VEH-0152,2,Body,FALSE,45.4,111.46,,68,,66.06,,0,
VEH-0152,3,Body,FALSE,111.46,165.27,,59.3,,53.81,,0,
VEH-0152,4,Body,TRUE,165.27,217.14,51.87,53.9,,51.87,,0,
VEH-0152,5,Body,TRUE,217.14,254.27,37.13,36.2,,37.13,PASS,0,
VEH-0152,6,Body,FALSE,254.27,287.19,,36.2,,32.92,,0,
VEH-0152,7,Body,FALSE,287.19,320.52,,32.3,,33.33,,0,
VEH-0152,8,Body,FALSE,320.52,393.33,,64.6,,72.81,,0,
VEH-0152,9,Body,FALSE,393.33,446.64,,54,,53.31,PASS,0,
VEH-0152,10,Body,TRUE,446.64,500.17,53.53,58.3,,53.53,,0,
VEH-0152,12,Body,TRUE,528.58,596.01,67.43,68.8,,67.43,,0,
VEH-0152,13,Body,TRUE,596.01,655.74,59.73,63.3,44.5,59.73,PASS,0,
VEH-0152,14,Body,TRUE,655.74,695.99,40.25,38.5,44.59,40.25,,0,
VEH-0152,16,Paint,FALSE,732.73,769.47,,37.3,,36.74,,0,
VEH-0152,17,Paint,TRUE,769.47,813.81,44.34,42.2,,44.34,,0,
VEH-0152,18,Paint,FALSE,813.81,868.11,,51,,54.3,,0,
VEH-0152,19,Paint,TRUE,868.11,916.41,48.3,47.3,45.2,48.3,,0,
VEH-0152,20,Paint,TRUE,916.41,958.49,42.08,41.6,,42.08,,0,
VEH-0152,21,Paint,TRUE,958.49,1016.89,58.4,54.5,,58.4,,0,
VEH-0152,22,Paint,TRUE,1016.89,1053.34,36.45,35.6,,36.45,PASS,0,
VEH-0152,23,Final Assembly,TRUE,1053.34,1098.22,44.88,41.7,,44.88,,0,
VEH-0152,24,Final Assembly,TRUE,1098.22,1141.98,43.76,44.7,,43.76,,0,
VEH-0152,25,Final Assembly,TRUE,1141.98,1186.96,44.98,48.2,,44.98,,0,
VEH-0152,26,Final Assembly,TRUE,1186.96,1246.31,59.35,61.4,,59.35,PASS,0,
VEH-0152,27,Final Assembly,TRUE,1246.31,1283.24,36.93,38,47.41,36.93,,0,
VEH-0152,28,Final Assembly,FALSE,1283.24,1335.7,,50.6,,52.46,,0,
VEH-0152,29,Final Assembly,TRUE,1335.7,1387.69,51.99,53.7,46.21,51.99,,0,
VEH-0152,30,Final Assembly,TRUE,1387.69,1419.38,31.69,31.9,,31.69,,0,
VEH-0152,31,Final Assembly,TRUE,1419.38,1478.11,58.73,54.3,,58.73,,0,
VEH-0152,32,Final Assembly,TRUE,1478.11,1514.3,36.19,36.8,,36.19,PASS,0,
VEH-0152,33,Final Assembly,TRUE,1514.3,1544.39,30.09,32.6,44.72,30.09,,0,
VEH-0152,34,Final Assembly,TRUE,1544.39,1611.26,66.87,68,,66.87,,0,
VEH-0152,35,Final Assembly,TRUE,1611.26,1675.25,63.99,68.6,,63.99,,0,
VEH-0152,36,Final Assembly,TRUE,1675.25,1739.38,64.13,62.3,47.14,64.13,,0,
VEH-0152,37,Final Assembly,TRUE,1739.38,1779.21,39.83,42.2,,39.83,,0,
VEH-0152,38,Final Assembly,TRUE,1779.21,1814.76,35.55,33.9,,35.55,,0,
VEH-0152,39,Final Assembly,FALSE,1814.76,1870.42,,57.4,,55.66,,0,
VEH-0152,40,Final Assembly,TRUE,1870.42,1917.96,47.54,47.6,,47.54,,0,
VEH-0153,1,Body,FALSE,0,44.54,,45,,44.54,,0,
VEH-0153,2,Body,FALSE,44.54,115.87,,68,,71.33,,0,
VEH-0153,3,Body,FALSE,115.87,176.07,,59.3,,60.2,,0,
VEH-0153,4,Body,TRUE,176.07,233.07,57,53.9,,57,,0,
VEH-0153,5,Body,TRUE,233.07,269.89,36.82,36.2,,36.82,PASS,0,
VEH-0153,6,Body,FALSE,269.89,303.74,,36.2,,33.85,,0,
VEH-0153,7,Body,FALSE,303.74,331.98,,32.3,,28.24,,0,
VEH-0153,8,Body,FALSE,331.98,404.54,,64.6,,72.56,,0,
VEH-0153,9,Body,FALSE,404.54,457.96,,54,,53.42,PASS,0,
VEH-0153,10,Body,TRUE,457.96,513.41,55.45,58.3,,55.45,,0,
VEH-0153,11,Body,TRUE,513.41,541.59,28.18,30.8,,28.18,PASS,0,
VEH-0153,12,Body,TRUE,541.59,607.86,66.27,68.8,,66.27,,0,
VEH-0153,14,Body,TRUE,670.54,709.4,38.86,38.5,47.41,38.86,,0,
VEH-0153,15,Body,FALSE,709.4,744.77,,37.3,,35.37,PASS,0,
VEH-0153,16,Paint,FALSE,744.77,783.71,,37.3,,38.94,,0,
VEH-0153,17,Paint,TRUE,783.71,826.01,42.3,42.2,,42.3,,0,
VEH-0153,18,Paint,FALSE,826.01,878.78,,51,,52.77,,0,
VEH-0153,19,Paint,TRUE,878.78,925.05,46.27,47.3,46.61,46.27,,0,
VEH-0153,20,Paint,TRUE,925.05,967.26,42.21,41.6,,42.21,,0,
VEH-0153,21,Paint,TRUE,967.26,1019.91,52.65,54.5,,52.65,,0,
VEH-0153,22,Paint,TRUE,1019.91,1055.49,35.58,35.6,,35.58,PASS,0,
VEH-0153,23,Final Assembly,TRUE,1055.49,1096.69,41.2,41.7,,41.2,,0,
VEH-0153,24,Final Assembly,TRUE,1096.69,1142.49,45.8,44.7,,45.8,,0,
VEH-0153,25,Final Assembly,TRUE,1142.49,1187.85,45.36,48.2,,45.36,,0,
VEH-0153,27,Final Assembly,TRUE,1249.16,1287.91,38.75,38,45.05,38.75,,0,
VEH-0153,28,Final Assembly,FALSE,1287.91,1341.92,,50.6,,54.01,,0,
VEH-0153,29,Final Assembly,TRUE,1341.92,1397.7,55.78,53.7,44.99,55.78,,0,
VEH-0153,30,Final Assembly,TRUE,1397.7,1429.94,32.24,31.9,,32.24,,0,
VEH-0153,31,Final Assembly,TRUE,1429.94,1485.04,55.1,54.3,,55.1,,0,
VEH-0153,33,Final Assembly,TRUE,1522.58,1552.2,29.62,32.6,44.55,29.62,,0,
VEH-0153,34,Final Assembly,TRUE,1552.2,1615.15,62.95,68,,62.95,,0,
VEH-0153,35,Final Assembly,TRUE,1615.15,1688.13,72.98,68.6,,72.98,,0,
VEH-0153,36,Final Assembly,TRUE,1688.13,1750.24,62.11,62.3,44.71,62.11,,0,
VEH-0153,37,Final Assembly,TRUE,1750.24,1794.33,44.09,42.2,,44.09,,0,
VEH-0153,38,Final Assembly,TRUE,1794.33,1828.95,34.62,33.9,,34.62,,0,
VEH-0153,39,Final Assembly,FALSE,1828.95,1883.11,,57.4,,54.16,,0,
VEH-0153,40,Final Assembly,TRUE,1883.11,1930.54,47.43,47.6,,47.43,,0,
VEH-0154,1,Body,FALSE,0,44.25,,45,,44.25,,0,
VEH-0154,2,Body,FALSE,44.25,118.2,,68,,73.95,,0,
VEH-0154,3,Body,FALSE,118.2,175.79,,59.3,,57.59,,0,
VEH-0154,4,Body,TRUE,175.79,230.8,55.01,53.9,,55.01,,0,
VEH-0154,5,Body,TRUE,230.8,264.84,34.04,36.2,,34.04,PASS,0,
VEH-0154,6,Body,FALSE,264.84,299.36,,36.2,,34.52,,0,
VEH-0154,7,Body,FALSE,299.36,333.48,,32.3,,34.12,,0,
VEH-0154,8,Body,FALSE,333.48,406.93,,64.6,,73.45,,0,
VEH-0154,9,Body,FALSE,406.93,464.07,,54,,57.14,PASS,0,
VEH-0154,10,Body,TRUE,464.07,525.54,61.47,58.3,,61.47,,0,
VEH-0154,11,Body,TRUE,525.54,553.12,27.58,30.8,,27.58,PASS,0,
VEH-0154,12,Body,TRUE,553.12,617.81,64.69,68.8,,64.69,,0,
VEH-0154,14,Body,TRUE,681.98,718.45,36.47,38.5,47.14,36.47,,0,
VEH-0154,16,Paint,FALSE,754.74,793.36,,37.3,,38.62,,0,
VEH-0154,17,Paint,TRUE,793.36,835.5,42.14,42.2,,42.14,,0,
VEH-0154,18,Paint,FALSE,835.5,884.77,,51,,49.27,,0,
VEH-0154,19,Paint,TRUE,884.77,928.14,43.37,47.3,45.35,43.37,,0,
VEH-0154,20,Paint,TRUE,928.14,972.77,44.63,41.6,,44.63,,0,
VEH-0154,21,Paint,TRUE,972.77,1025.49,52.72,54.5,,52.72,,0,
VEH-0154,22,Paint,TRUE,1025.49,1061.21,35.72,35.6,,35.72,PASS,0,
VEH-0154,23,Final Assembly,TRUE,1061.21,1099.73,38.52,41.7,,38.52,,0,
VEH-0154,24,Final Assembly,TRUE,1099.73,1142.92,43.19,44.7,,43.19,,0,
VEH-0154,25,Final Assembly,TRUE,1142.92,1191.94,49.02,48.2,,49.02,,0,
VEH-0154,26,Final Assembly,TRUE,1191.94,1255.62,63.68,61.4,,63.68,PASS,0,
VEH-0154,27,Final Assembly,TRUE,1255.62,1294.68,39.06,38,41.95,39.06,,0,
VEH-0154,28,Final Assembly,FALSE,1294.68,1344.12,,50.6,,49.44,,0,
VEH-0154,29,Final Assembly,TRUE,1344.12,1395.22,51.1,53.7,44.54,51.1,,0,
VEH-0154,30,Final Assembly,TRUE,1395.22,1426.94,31.72,31.9,,31.72,,0,
VEH-0154,31,Final Assembly,TRUE,1426.94,1484.13,57.19,54.3,,57.19,,0,
VEH-0154,32,Final Assembly,TRUE,1484.13,1521.47,37.34,36.8,,37.34,PASS,0,
VEH-0154,33,Final Assembly,TRUE,1521.47,1556.38,34.91,32.6,43.95,34.91,,0,
VEH-0154,34,Final Assembly,TRUE,1556.38,1619.56,63.18,68,,63.18,,0,
VEH-0154,35,Final Assembly,TRUE,1619.56,1693.15,73.59,68.6,,73.59,,0,
VEH-0154,36,Final Assembly,TRUE,1693.15,1756.8,63.65,62.3,43.89,63.65,,0,
VEH-0154,37,Final Assembly,TRUE,1756.8,1799.92,43.12,42.2,,43.12,,0,
VEH-0154,38,Final Assembly,TRUE,1799.92,1835.24,35.32,33.9,,35.32,,0,
VEH-0154,39,Final Assembly,FALSE,1835.24,1892.98,,57.4,,57.74,,0,
VEH-0154,40,Final Assembly,TRUE,1892.98,1938.84,45.86,47.6,,45.86,,0,
VEH-0155,1,Body,FALSE,0,44.81,,45,,44.81,,0,
VEH-0155,2,Body,FALSE,44.81,117.49,,68,,72.68,,0,
VEH-0155,3,Body,FALSE,117.49,170.3,,59.3,,52.81,,0,
VEH-0155,4,Body,TRUE,170.3,220.36,50.06,53.9,,50.06,,0,
VEH-0155,5,Body,TRUE,220.36,257.79,37.43,36.2,,37.43,PASS,0,
VEH-0155,6,Body,FALSE,257.79,294.02,,36.2,,36.23,,0,
VEH-0155,7,Body,FALSE,294.02,327.29,,32.3,,33.27,,0,
VEH-0155,8,Body,FALSE,327.29,399.95,,64.6,,72.66,,0,
VEH-0155,9,Body,FALSE,399.95,455.49,,54,,55.54,PASS,0,
VEH-0155,10,Body,TRUE,455.49,511.41,55.92,58.3,,55.92,,0,
VEH-0155,11,Body,TRUE,511.41,543.09,31.68,30.8,,31.68,PASS,0,
VEH-0155,12,Body,TRUE,543.09,615.31,72.22,68.8,,72.22,,0,
VEH-0155,14,Body,TRUE,682.48,721.45,38.97,38.5,45.41,38.97,,0,
VEH-0155,15,Body,FALSE,721.45,755.92,,37.3,,34.47,PASS,0,
VEH-0155,16,Paint,FALSE,755.92,792.23,,37.3,,36.31,,0,
VEH-0155,17,Paint,TRUE,792.23,834.02,41.79,42.2,,41.79,,0,
VEH-0155,18,Paint,FALSE,834.02,887.7,,51,,53.68,,0,
VEH-0155,19,Paint,TRUE,887.7,933.56,45.86,47.3,46.19,45.86,,0,
VEH-0155,20,Paint,TRUE,933.56,975.16,41.6,41.6,,41.6,,0,
VEH-0155,21,Paint,TRUE,975.16,1029.18,54.02,54.5,,54.02,,0,
VEH-0155,22,Paint,TRUE,1029.18,1065.22,36.04,35.6,,36.04,PASS,0,
VEH-0155,23,Final Assembly,TRUE,1065.22,1106.1,40.88,41.7,,40.88,,0,
VEH-0155,24,Final Assembly,TRUE,1106.1,1149.84,43.74,44.7,,43.74,,0,
VEH-0155,25,Final Assembly,TRUE,1149.84,1193.93,44.09,48.2,,44.09,,0,
VEH-0155,26,Final Assembly,TRUE,1193.93,1254.57,60.64,61.4,,60.64,PASS,0,
VEH-0155,27,Final Assembly,TRUE,1254.57,1291.66,37.09,38,44.23,37.09,,0,
VEH-0155,28,Final Assembly,FALSE,1291.66,1343.31,,50.6,,51.65,,0,
VEH-0155,29,Final Assembly,TRUE,1343.31,1398.78,55.47,53.7,45.35,55.47,,0,
VEH-0155,30,Final Assembly,TRUE,1398.78,1432.26,33.48,31.9,,33.48,,0,
VEH-0155,31,Final Assembly,TRUE,1432.26,1488.12,55.86,54.3,,55.86,,0,
VEH-0155,32,Final Assembly,TRUE,1488.12,1524.38,36.26,36.8,,36.26,PASS,0,
VEH-0155,33,Final Assembly,TRUE,1524.38,1556.23,31.85,32.6,45.47,31.85,,0,
VEH-0155,34,Final Assembly,TRUE,1556.23,1626.18,69.95,68,,69.95,,0,
VEH-0155,35,Final Assembly,TRUE,1626.18,1699.57,73.39,68.6,,73.39,,0,
VEH-0155,36,Final Assembly,TRUE,1699.57,1765.59,66.02,62.3,44.19,66.02,,0,
VEH-0155,37,Final Assembly,TRUE,1765.59,1807.57,41.98,42.2,,41.98,,0,
VEH-0155,38,Final Assembly,TRUE,1807.57,1842.61,35.04,33.9,,35.04,,0,
VEH-0155,39,Final Assembly,FALSE,1842.61,1903.08,,57.4,,60.47,,0,
VEH-0155,40,Final Assembly,TRUE,1903.08,1952.91,49.83,47.6,,49.83,,0,
VEH-0156,1,Body,FALSE,0,44.86,,45,,44.86,,0,
VEH-0156,2,Body,FALSE,44.86,115.6,,68,,70.74,,0,
VEH-0156,3,Body,FALSE,115.6,174.22,,59.3,,58.62,,0,
VEH-0156,4,Body,TRUE,174.22,226.14,51.92,53.9,,51.92,,0,
VEH-0156,6,Body,FALSE,261.16,296.15,,36.2,,34.99,,0,
VEH-0156,7,Body,FALSE,296.15,330.16,,32.3,,34.01,,0,
VEH-0156,8,Body,FALSE,330.16,403.32,,64.6,,73.16,,0,
VEH-0156,10,Body,TRUE,454.31,511.87,57.56,58.3,,57.56,,0,
VEH-0156,11,Body,TRUE,511.87,542.47,30.6,30.8,,30.6,PASS,0,
VEH-0156,12,Body,TRUE,542.47,603.91,61.44,68.8,,61.44,,0,
VEH-0156,14,Body,TRUE,666.59,704.82,38.23,38.5,45.38,38.23,,0,
VEH-0156,15,Body,FALSE,704.82,743.02,,37.3,,38.2,PASS,0,
VEH-0156,16,Paint,FALSE,743.02,779.68,,37.3,,36.66,,0,
VEH-0156,17,Paint,TRUE,779.68,823.42,43.74,42.2,,43.74,,0,
VEH-0156,18,Paint,FALSE,823.42,878.14,,51,,54.72,,0,
VEH-0156,19,Paint,TRUE,878.14,921.84,43.7,47.3,44.48,43.7,,0,
VEH-0156,20,Paint,TRUE,921.84,968.29,46.45,41.6,,46.45,,0,
VEH-0156,21,Paint,TRUE,968.29,1023.26,54.97,54.5,,54.97,,0,
VEH-0156,23,Final Assembly,TRUE,1058.8,1099.96,41.16,41.7,,41.16,,0,
VEH-0156,24,Final Assembly,TRUE,1099.96,1147.51,47.55,44.7,,47.55,,0,
VEH-0156,25,Final Assembly,TRUE,1147.51,1193.45,45.94,48.2,,45.94,,0,
VEH-0156,27,Final Assembly,TRUE,1257.69,1295.16,37.47,38,43.88,37.47,,0,
VEH-0156,28,Final Assembly,FALSE,1295.16,1345.18,,50.6,,50.02,,0,
VEH-0156,29,Final Assembly,TRUE,1345.18,1398.76,53.58,53.7,44.25,53.58,,0,
VEH-0156,30,Final Assembly,TRUE,1398.76,1432.43,33.67,31.9,,33.67,,0,
VEH-0156,31,Final Assembly,TRUE,1432.43,1484.72,52.29,54.3,,52.29,,0,
VEH-0156,33,Final Assembly,TRUE,1521.78,1555.26,33.48,32.6,45.19,33.48,,0,
VEH-0156,34,Final Assembly,TRUE,1555.26,1625.89,70.63,68,,70.63,,0,
VEH-0156,35,Final Assembly,TRUE,1625.89,1693,67.11,68.6,,67.11,,0,
VEH-0156,36,Final Assembly,TRUE,1693,1757.24,64.24,62.3,45.98,64.24,,0,
VEH-0156,37,Final Assembly,TRUE,1757.24,1801.48,44.24,42.2,,44.24,,0,
VEH-0156,38,Final Assembly,TRUE,1801.48,1832.17,30.69,33.9,,30.69,,0,
VEH-0156,39,Final Assembly,FALSE,1832.17,1891.03,,57.4,,58.86,,0,
VEH-0156,40,Final Assembly,TRUE,1891.03,1940.78,49.75,47.6,,49.75,,0,
VEH-0157,1,Body,FALSE,0,44.88,,45,,44.88,,0,
VEH-0157,2,Body,FALSE,44.88,115.1,,68,,70.22,,0,
VEH-0157,3,Body,FALSE,115.1,174.6,,59.3,,59.5,,0,
VEH-0157,4,Body,TRUE,174.6,228.14,53.54,53.9,,53.54,,0,
VEH-0157,6,Body,FALSE,266.47,300.29,,36.2,,33.82,,0,
VEH-0157,7,Body,FALSE,300.29,333.45,,32.3,,33.16,,0,
VEH-0157,8,Body,FALSE,333.45,400.88,,64.6,,67.43,,0,
VEH-0157,10,Body,TRUE,452.62,507.38,54.76,58.3,,54.76,,0,
VEH-0157,11,Body,TRUE,507.38,539.38,32,30.8,,32,PASS,0,
VEH-0157,12,Body,TRUE,539.38,607.95,68.57,68.8,,68.57,,0,
VEH-0157,13,Body,TRUE,607.95,671.21,63.26,63.3,43.34,63.26,PASS,0,
VEH-0157,14,Body,TRUE,671.21,709.13,37.92,38.5,43.85,37.92,,0,
VEH-0157,15,Body,FALSE,709.13,747.14,,37.3,,38.01,PASS,0,
VEH-0157,16,Paint,FALSE,747.14,782.6,,37.3,,35.46,,0,
VEH-0157,17,Paint,TRUE,782.6,827.61,45.01,42.2,,45.01,,0,
VEH-0157,18,Paint,FALSE,827.61,874.34,,51,,46.73,,0,
VEH-0157,19,Paint,TRUE,874.34,919.74,45.4,47.3,47.52,45.4,,0,
VEH-0157,20,Paint,TRUE,919.74,960.43,40.69,41.6,,40.69,,0,
VEH-0157,21,Paint,TRUE,960.43,1011.34,50.91,54.5,,50.91,,0,
VEH-0157,22,Paint,TRUE,1011.34,1047.33,35.99,35.6,,35.99,PASS,0,
VEH-0157,23,Final Assembly,TRUE,1047.33,1088.04,40.71,41.7,,40.71,,0,
VEH-0157,24,Final Assembly,TRUE,1088.04,1130.87,42.83,44.7,,42.83,,0,
VEH-0157,25,Final Assembly,TRUE,1130.87,1176.43,45.56,48.2,,45.56,,0,
VEH-0157,26,Final Assembly,TRUE,1176.43,1246.33,69.9,61.4,,69.9,PASS,0,
VEH-0157,27,Final Assembly,TRUE,1246.33,1283.85,37.52,38,42.11,37.52,,0,
VEH-0157,28,Final Assembly,FALSE,1283.85,1338.23,,50.6,,54.38,,0,
VEH-0157,29,Final Assembly,TRUE,1338.23,1393.57,55.34,53.7,43.85,55.34,,0,
VEH-0157,30,Final Assembly,TRUE,1393.57,1423.99,30.42,31.9,,30.42,,0,
VEH-0157,31,Final Assembly,TRUE,1423.99,1480.12,56.13,54.3,,56.13,,0,
VEH-0157,32,Final Assembly,TRUE,1480.12,1516.47,36.35,36.8,,36.35,PASS,0,
VEH-0157,33,Final Assembly,TRUE,1516.47,1545.93,29.46,32.6,47.68,29.46,,0,
VEH-0157,34,Final Assembly,TRUE,1545.93,1612.45,66.52,68,,66.52,,0,
VEH-0157,35,Final Assembly,TRUE,1612.45,1686.18,73.73,68.6,,73.73,,0,
VEH-0157,36,Final Assembly,TRUE,1686.18,1752.47,66.29,62.3,43.5,66.29,,0,
VEH-0157,37,Final Assembly,TRUE,1752.47,1796.85,44.38,42.2,,44.38,,0,
VEH-0157,38,Final Assembly,TRUE,1796.85,1829.64,32.79,33.9,,32.79,,0,
VEH-0157,39,Final Assembly,FALSE,1829.64,1881.68,,57.4,,52.04,,0,
VEH-0157,40,Final Assembly,TRUE,1881.68,1928.27,46.59,47.6,,46.59,,0,
VEH-0158,1,Body,FALSE,0,45.89,,45,,45.89,,0,
VEH-0158,2,Body,FALSE,45.89,114.44,,68,,68.55,,0,
VEH-0158,3,Body,FALSE,114.44,170.89,,59.3,,56.45,,0,
VEH-0158,4,Body,TRUE,170.89,223.65,52.76,53.9,,52.76,,0,
VEH-0158,5,Body,TRUE,223.65,257.03,33.38,36.2,,33.38,PASS,0,
VEH-0158,6,Body,FALSE,257.03,290.8,,36.2,,33.77,,0,
VEH-0158,7,Body,FALSE,290.8,324.29,,32.3,,33.49,,0,
VEH-0158,8,Body,FALSE,324.29,396.39,,64.6,,72.1,,0,
VEH-0158,9,Body,FALSE,396.39,449.25,,54,,52.86,PASS,0,
VEH-0158,10,Body,TRUE,449.25,505.39,56.14,58.3,,56.14,,0,
VEH-0158,12,Body,TRUE,535.6,608.3,72.7,68.8,,72.7,,0,
VEH-0158,13,Body,TRUE,608.3,672.06,63.76,63.3,43.23,63.76,PASS,0,
VEH-0158,14,Body,TRUE,672.06,712.55,40.49,38.5,47.59,40.49,,0,
VEH-0158,15,Body,FALSE,712.55,750.77,,37.3,,38.22,PASS,0,
VEH-0158,16,Paint,FALSE,750.77,789.73,,37.3,,38.96,,0,
VEH-0158,17,Paint,TRUE,789.73,834.51,44.78,42.2,,44.78,,0,
VEH-0158,18,Paint,FALSE,834.51,881.29,,51,,46.78,,0,
VEH-0158,19,Paint,TRUE,881.29,932.99,51.7,47.3,46.65,51.7,,0,
VEH-0158,20,Paint,TRUE,932.99,975.61,42.62,41.6,,42.62,,0,
VEH-0158,21,Paint,TRUE,975.61,1029.77,54.16,54.5,,54.16,,0,
VEH-0158,23,Final Assembly,TRUE,1062.99,1104,41.01,41.7,,41.01,,0,
VEH-0158,24,Final Assembly,TRUE,1104,1149.7,45.7,44.7,,45.7,,0,
VEH-0158,25,Final Assembly,TRUE,1149.7,1195.24,45.54,48.2,,45.54,,0,
VEH-0158,26,Final Assembly,TRUE,1195.24,1256.43,61.19,61.4,,61.19,PASS,0,
VEH-0158,27,Final Assembly,TRUE,1256.43,1292.18,35.75,38,44.42,35.75,,0,
VEH-0158,28,Final Assembly,FALSE,1292.18,1339.36,,50.6,,47.18,,0,
VEH-0158,29,Final Assembly,TRUE,1339.36,1389.14,49.78,53.7,45.51,49.78,,0,
VEH-0158,30,Final Assembly,TRUE,1389.14,1420.12,30.98,31.9,,30.98,,0,
VEH-0158,31,Final Assembly,TRUE,1420.12,1473.1,52.98,54.3,,52.98,,0,
VEH-0158,33,Final Assembly,TRUE,1508.73,1545.77,37.04,32.6,45.91,37.04,,0,
VEH-0158,34,Final Assembly,TRUE,1545.77,1616.2,70.43,68,,70.43,,0,
VEH-0158,35,Final Assembly,TRUE,1616.2,1682.14,65.94,68.6,,65.94,,0,
VEH-0158,36,Final Assembly,TRUE,1682.14,1746.01,63.87,62.3,44.66,63.87,,0,
VEH-0158,37,Final Assembly,TRUE,1746.01,1786.56,40.55,42.2,,40.55,,0,
VEH-0158,38,Final Assembly,TRUE,1786.56,1823.74,37.18,33.9,,37.18,,0,
VEH-0158,39,Final Assembly,FALSE,1823.74,1882.78,,57.4,,59.04,,0,
VEH-0158,40,Final Assembly,TRUE,1882.78,1931.62,48.84,47.6,,48.84,,0,
VEH-0159,1,Body,FALSE,0,45.07,,45,,45.07,,0,
VEH-0159,2,Body,FALSE,45.07,112.52,,68,,67.45,,0,
VEH-0159,3,Body,FALSE,112.52,172.8,,59.3,,60.28,,0,
VEH-0159,4,Body,TRUE,172.8,228.72,55.92,53.9,,55.92,,0,
VEH-0159,5,Body,TRUE,228.72,266.02,37.3,36.2,,37.3,PASS,0,
VEH-0159,6,Body,FALSE,266.02,301.62,,36.2,,35.6,,0,
VEH-0159,7,Body,FALSE,301.62,334.44,,32.3,,32.82,,0,
VEH-0159,8,Body,FALSE,334.44,409.19,,64.6,,74.75,,0,
VEH-0159,10,Body,TRUE,460.47,519.26,58.79,58.3,,58.79,,0,
VEH-0159,12,Body,TRUE,546.73,617.19,70.46,68.8,,70.46,,0,
VEH-0159,13,Body,TRUE,617.19,682.58,65.39,63.3,46.12,65.39,PASS,0,
VEH-0159,14,Body,TRUE,682.58,720.32,37.74,38.5,45.46,37.74,,0,
VEH-0159,15,Body,FALSE,720.32,760.27,,37.3,,39.95,PASS,0,
VEH-0159,16,Paint,FALSE,760.27,800.2,,37.3,,39.93,,0,
VEH-0159,17,Paint,TRUE,800.2,842.34,42.14,42.2,,42.14,,0,
VEH-0159,18,Paint,FALSE,842.34,893.7,,51,,51.36,,0,
VEH-0159,19,Paint,TRUE,893.7,943.62,49.92,47.3,42.75,49.92,,0,
VEH-0159,20,Paint,TRUE,943.62,984.55,40.93,41.6,,40.93,,0,
VEH-0159,21,Paint,TRUE,984.55,1042.7,58.15,54.5,,58.15,,0,
VEH-0159,23,Final Assembly,TRUE,1080.04,1122.51,42.47,41.7,,42.47,,0,
VEH-0159,24,Final Assembly,TRUE,1122.51,1163.84,41.33,44.7,,41.33,,0,
VEH-0159,25,Final Assembly,TRUE,1163.84,1211.92,48.08,48.2,,48.08,,0,
VEH-0159,26,Final Assembly,TRUE,1211.92,1271.51,59.59,61.4,,59.59,PASS,0,
VEH-0159,27,Final Assembly,TRUE,1271.51,1310.14,38.63,38,43.79,38.63,,0,
VEH-0159,28,Final Assembly,FALSE,1310.14,1358.14,,50.6,,48,,0,
VEH-0159,29,Final Assembly,TRUE,1358.14,1406.29,48.15,53.7,46.83,48.15,,0,
VEH-0159,30,Final Assembly,TRUE,1406.29,1437.55,31.26,31.9,,31.26,,0,
VEH-0159,31,Final Assembly,TRUE,1437.55,1492.28,54.73,54.3,,54.73,,0,
VEH-0159,33,Final Assembly,TRUE,1529.08,1559.94,30.86,32.6,43.11,30.86,,0,
VEH-0159,34,Final Assembly,TRUE,1559.94,1624.52,64.58,68,,64.58,,0,
VEH-0159,35,Final Assembly,TRUE,1624.52,1690.64,66.12,68.6,,66.12,,0,
VEH-0159,36,Final Assembly,TRUE,1690.64,1754.08,63.44,62.3,43.81,63.44,,0,
VEH-0159,37,Final Assembly,TRUE,1754.08,1799.97,45.89,42.2,,45.89,,0,
VEH-0159,38,Final Assembly,TRUE,1799.97,1835.62,35.65,33.9,,35.65,,0,
VEH-0159,39,Final Assembly,FALSE,1835.62,1895.34,,57.4,,59.72,,0,
VEH-0159,40,Final Assembly,TRUE,1895.34,1942.66,47.32,47.6,,47.32,,0,
VEH-0160,1,Body,FALSE,0,48.41,,45,,48.41,,0,
VEH-0160,2,Body,FALSE,48.41,116.31,,68,,67.9,,0,
VEH-0160,3,Body,FALSE,116.31,174.42,,59.3,,58.11,,0,
VEH-0160,4,Body,TRUE,174.42,230.42,56,53.9,,56,,0,
VEH-0160,6,Body,FALSE,264.68,299.46,,36.2,,34.78,,0,
VEH-0160,7,Body,FALSE,299.46,331.96,,32.3,,32.5,,0,
VEH-0160,8,Body,FALSE,331.96,404.16,,64.6,,72.2,,0,
VEH-0160,10,Body,TRUE,455.17,515.02,59.85,58.3,,59.85,,0,
VEH-0160,11,Body,TRUE,515.02,544.94,29.92,30.8,,29.92,PASS,0,
VEH-0160,12,Body,TRUE,544.94,610.83,65.89,68.8,,65.89,,0,
VEH-0160,14,Body,TRUE,673.58,712.01,38.43,38.5,44.46,38.43,,0,
VEH-0160,15,Body,FALSE,712.01,748.36,,37.3,,36.35,PASS,0,
VEH-0160,16,Paint,FALSE,748.36,784.72,,37.3,,36.36,,0,
VEH-0160,17,Paint,TRUE,784.72,829.02,44.3,42.2,,44.3,,0,
VEH-0160,18,Paint,FALSE,829.02,880.96,,51,,51.94,,0,
VEH-0160,19,Paint,TRUE,880.96,924.23,43.27,47.3,46.32,43.27,,0,
VEH-0160,20,Paint,TRUE,924.23,966.9,42.67,41.6,,42.67,,0,
VEH-0160,21,Paint,TRUE,966.9,1022.65,55.75,54.5,,55.75,,0,
VEH-0160,23,Final Assembly,TRUE,1059.83,1101.56,41.73,41.7,,41.73,,0,
VEH-0160,24,Final Assembly,TRUE,1101.56,1147.65,46.09,44.7,,46.09,,0,
VEH-0160,25,Final Assembly,TRUE,1147.65,1194.73,47.08,48.2,,47.08,,0,
VEH-0160,27,Final Assembly,TRUE,1258.73,1297.14,38.41,38,42.93,38.41,,0,
VEH-0160,28,Final Assembly,FALSE,1297.14,1350.36,,50.6,,53.22,,0,
VEH-0160,29,Final Assembly,TRUE,1350.36,1403.71,53.35,53.7,44.6,53.35,,0,
VEH-0160,30,Final Assembly,TRUE,1403.71,1434.91,31.2,31.9,,31.2,,0,
VEH-0160,31,Final Assembly,TRUE,1434.91,1488.21,53.3,54.3,,53.3,,0,
VEH-0160,33,Final Assembly,TRUE,1525.43,1556.42,30.99,32.6,42.65,30.99,,0,
VEH-0160,34,Final Assembly,TRUE,1556.42,1620.8,64.38,68,,64.38,,0,
VEH-0160,35,Final Assembly,TRUE,1620.8,1690.71,69.91,68.6,,69.91,,0,
VEH-0160,36,Final Assembly,TRUE,1690.71,1752.5,61.79,62.3,46.67,61.79,,0,
VEH-0160,37,Final Assembly,TRUE,1752.5,1794.56,42.06,42.2,,42.06,,0,
VEH-0160,38,Final Assembly,TRUE,1794.56,1829.89,35.33,33.9,,35.33,,0,
VEH-0160,39,Final Assembly,FALSE,1829.89,1885.3,,57.4,,55.41,,0,
VEH-0160,40,Final Assembly,TRUE,1885.3,1931.86,46.56,47.6,,46.56,,0,
VEH-0161,1,Body,FALSE,0,44.14,,45,,44.14,,0,
VEH-0161,2,Body,FALSE,44.14,114.66,,68,,70.52,,0,
VEH-0161,3,Body,FALSE,114.66,173.45,,59.3,,58.79,,0,
VEH-0161,4,Body,TRUE,173.45,228.47,55.02,53.9,,55.02,,0,
VEH-0161,5,Body,TRUE,228.47,263.54,35.07,36.2,,35.07,PASS,0,
VEH-0161,6,Body,FALSE,263.54,300.16,,36.2,,36.62,,0,
VEH-0161,7,Body,FALSE,300.16,333.71,,32.3,,33.55,,0,
VEH-0161,8,Body,FALSE,333.71,404.92,,64.6,,71.21,,0,
VEH-0161,9,Body,FALSE,404.92,461.03,,54,,56.11,PASS,0,
VEH-0161,10,Body,TRUE,461.03,519.48,58.45,58.3,,58.45,,0,
VEH-0161,11,Body,TRUE,519.48,551.89,32.41,30.8,,32.41,PASS,0,
VEH-0161,12,Body,TRUE,551.89,620,68.11,68.8,,68.11,,0,
VEH-0161,14,Body,TRUE,684.51,722.82,38.31,38.5,45.39,38.31,,0,
VEH-0161,15,Body,FALSE,722.82,761.12,,37.3,,38.3,PASS,0,
VEH-0161,16,Paint,FALSE,761.12,796.1,,37.3,,34.98,,0,
VEH-0161,17,Paint,TRUE,796.1,841.32,45.22,42.2,,45.22,,0,
VEH-0161,18,Paint,FALSE,841.32,887.58,,51,,46.26,,0,
VEH-0161,19,Paint,TRUE,887.58,933.26,45.68,47.3,44.86,45.68,,0,
VEH-0161,20,Paint,TRUE,933.26,975.72,42.46,41.6,,42.46,,0,
VEH-0161,21,Paint,TRUE,975.72,1034.52,58.8,54.5,,58.8,,0,
VEH-0161,22,Paint,TRUE,1034.52,1066.81,32.29,35.6,,32.29,PASS,0,
VEH-0161,23,Final Assembly,TRUE,1066.81,1107.45,40.64,41.7,,40.64,,0,
VEH-0161,24,Final Assembly,TRUE,1107.45,1147.39,39.94,44.7,,39.94,,0,
VEH-0161,25,Final Assembly,TRUE,1147.39,1195.67,48.28,48.2,,48.28,,0,
VEH-0161,26,Final Assembly,TRUE,1195.67,1257.9,62.23,61.4,,62.23,PASS,0,
VEH-0161,27,Final Assembly,TRUE,1257.9,1298.92,41.02,38,45.18,41.02,,0,
VEH-0161,28,Final Assembly,FALSE,1298.92,1352.16,,50.6,,53.24,,0,
VEH-0161,29,Final Assembly,TRUE,1352.16,1407.43,55.27,53.7,44.35,55.27,,0,
VEH-0161,30,Final Assembly,TRUE,1407.43,1437.09,29.66,31.9,,29.66,,0,
VEH-0161,31,Final Assembly,TRUE,1437.09,1492.14,55.05,54.3,,55.05,,0,
VEH-0161,33,Final Assembly,TRUE,1526.19,1560.9,34.71,32.6,44.76,34.71,,0,
VEH-0161,34,Final Assembly,TRUE,1560.9,1632.96,72.06,68,,72.06,,0,
VEH-0161,35,Final Assembly,TRUE,1632.96,1699.91,66.95,68.6,,66.95,,0,
VEH-0161,36,Final Assembly,TRUE,1699.91,1763.05,63.14,62.3,45.31,63.14,,0,
VEH-0161,37,Final Assembly,TRUE,1763.05,1805.15,42.1,42.2,,42.1,,0,
VEH-0161,38,Final Assembly,TRUE,1805.15,1838.31,33.16,33.9,,33.16,,0,
VEH-0161,39,Final Assembly,FALSE,1838.31,1896.84,,57.4,,58.53,,0,
VEH-0161,40,Final Assembly,TRUE,1896.84,1942.24,45.4,47.6,,45.4,,0,
VEH-0162,1,Body,FALSE,0,42.28,,45,,42.28,,0,
VEH-0162,2,Body,FALSE,42.28,108.9,,68,,66.62,,0,
VEH-0162,3,Body,FALSE,108.9,162.35,,59.3,,53.45,,0,
VEH-0162,4,Body,TRUE,162.35,213.25,50.9,53.9,,50.9,,0,
VEH-0162,5,Body,TRUE,213.25,248.96,35.71,36.2,,35.71,PASS,0,
VEH-0162,6,Body,FALSE,248.96,284.97,,36.2,,36.01,,0,
VEH-0162,7,Body,FALSE,284.97,318.08,,32.3,,33.11,,0,
VEH-0162,8,Body,FALSE,318.08,391.18,,64.6,,73.1,,0,
VEH-0162,9,Body,FALSE,391.18,445.85,,54,,54.67,PASS,0,
VEH-0162,10,Body,TRUE,445.85,502.93,57.08,58.3,,57.08,,0,
VEH-0162,11,Body,TRUE,502.93,533.79,30.86,30.8,,30.86,PASS,0,
VEH-0162,12,Body,TRUE,533.79,604.14,70.35,68.8,,70.35,,0,
VEH-0162,13,Body,TRUE,604.14,672.11,67.97,63.3,44.23,67.97,PASS,0,
VEH-0162,14,Body,TRUE,672.11,710.89,38.78,38.5,46.3,38.78,,0,
VEH-0162,15,Body,FALSE,710.89,745.51,,37.3,,34.62,PASS,0,
VEH-0162,16,Paint,FALSE,745.51,786.53,,37.3,,41.02,,0,
VEH-0162,17,Paint,TRUE,786.53,831.22,44.69,42.2,,44.69,,0,
VEH-0162,18,Paint,FALSE,831.22,877.86,,51,,46.64,,0,
VEH-0162,19,Paint,TRUE,877.86,926.04,48.18,47.3,44.15,48.18,,0,
VEH-0162,20,Paint,TRUE,926.04,966.81,40.77,41.6,,40.77,,0,
VEH-0162,21,Paint,TRUE,966.81,1022.27,55.46,54.5,,55.46,,0,
VEH-0162,23,Final Assembly,TRUE,1059.74,1100.47,40.73,41.7,,40.73,,0,
VEH-0162,24,Final Assembly,TRUE,1100.47,1144.16,43.69,44.7,,43.69,,0,
VEH-0162,25,Final Assembly,TRUE,1144.16,1193.26,49.1,48.2,,49.1,,0,
VEH-0162,27,Final Assembly,TRUE,1256.42,1292.51,36.09,38,47.59,36.09,,0,
VEH-0162,28,Final Assembly,FALSE,1292.51,1341.48,,50.6,,48.97,,0,
VEH-0162,29,Final Assembly,TRUE,1341.48,1397.77,56.29,53.7,45.68,56.29,,0,
VEH-0162,30,Final Assembly,TRUE,1397.77,1430.63,32.86,31.9,,32.86,,0,
VEH-0162,31,Final Assembly,TRUE,1430.63,1483.24,52.61,54.3,,52.61,,0,
VEH-0162,33,Final Assembly,TRUE,1516.87,1549.44,32.57,32.6,44.97,32.57,,0,
VEH-0162,34,Final Assembly,TRUE,1549.44,1614.18,64.74,68,,64.74,,0,
VEH-0162,35,Final Assembly,TRUE,1614.18,1685.93,71.75,68.6,,71.75,,0,
VEH-0162,36,Final Assembly,TRUE,1685.93,1748.07,62.14,62.3,43.79,62.14,,0,
VEH-0162,37,Final Assembly,TRUE,1748.07,1791.5,43.43,42.2,,43.43,,0,
VEH-0162,38,Final Assembly,TRUE,1791.5,1826.44,34.94,33.9,,34.94,,0,
VEH-0162,39,Final Assembly,FALSE,1826.44,1881.78,,57.4,,55.34,,0,
VEH-0162,40,Final Assembly,TRUE,1881.78,1932.32,50.54,47.6,,50.54,,0,
VEH-0163,1,Body,FALSE,0,46.29,,45,,46.29,,0,
VEH-0163,2,Body,FALSE,46.29,119.02,,68,,72.73,,0,
VEH-0163,3,Body,FALSE,119.02,179.71,,59.3,,60.69,,0,
VEH-0163,4,Body,TRUE,179.71,233.89,54.18,53.9,,54.18,,0,
VEH-0163,5,Body,TRUE,233.89,268.3,34.41,36.2,,34.41,PASS,0,
VEH-0163,6,Body,FALSE,268.3,305.44,,36.2,,37.14,,0,
VEH-0163,7,Body,FALSE,305.44,341.21,,32.3,,35.77,,0,
VEH-0163,8,Body,FALSE,341.21,413.93,,64.6,,72.72,,0,
VEH-0163,10,Body,TRUE,466.91,523.57,56.66,58.3,,56.66,,0,
VEH-0163,11,Body,TRUE,523.57,553.62,30.05,30.8,,30.05,PASS,0,
VEH-0163,12,Body,TRUE,553.62,612.98,59.36,68.8,,59.36,,0,
VEH-0163,14,Body,TRUE,677.56,712.95,35.39,38.5,46.13,35.39,,0,
VEH-0163,16,Paint,FALSE,748.24,784.91,,37.3,,36.67,,0,
VEH-0163,17,Paint,TRUE,784.91,830.2,45.29,42.2,,45.29,,0,
VEH-0163,18,Paint,FALSE,830.2,877.61,,51,,47.41,,0,
VEH-0163,19,Paint,TRUE,877.61,921.29,43.68,47.3,45.4,43.68,,0,
VEH-0163,20,Paint,TRUE,921.29,965.28,43.99,41.6,,43.99,,0,
VEH-0163,21,Paint,TRUE,965.28,1015.48,50.2,54.5,,50.2,,0,
VEH-0163,23,Final Assembly,TRUE,1051.81,1094.72,42.91,41.7,,42.91,,0,
VEH-0163,24,Final Assembly,TRUE,1094.72,1134.81,40.09,44.7,,40.09,,0,
VEH-0163,25,Final Assembly,TRUE,1134.81,1184.93,50.12,48.2,,50.12,,0,
VEH-0163,27,Final Assembly,TRUE,1249.02,1286.43,37.41,38,46.88,37.41,,0,
VEH-0163,28,Final Assembly,FALSE,1286.43,1339.91,,50.6,,53.48,,0,
VEH-0163,29,Final Assembly,TRUE,1339.91,1393.89,53.98,53.7,44.32,53.98,,0,
VEH-0163,30,Final Assembly,TRUE,1393.89,1424.24,30.35,31.9,,30.35,,0,
VEH-0163,31,Final Assembly,TRUE,1424.24,1478.44,54.2,54.3,,54.2,,0,
VEH-0163,33,Final Assembly,TRUE,1516.29,1548.36,32.07,32.6,41.7,32.07,,0,
VEH-0163,34,Final Assembly,TRUE,1548.36,1620.67,72.31,68,,72.31,,0,
VEH-0163,35,Final Assembly,TRUE,1620.67,1689.92,69.25,68.6,,69.25,,0,
VEH-0163,36,Final Assembly,TRUE,1689.92,1751.04,61.12,62.3,46.29,61.12,,0,
VEH-0163,37,Final Assembly,TRUE,1751.04,1796.46,45.42,42.2,,45.42,,0,
VEH-0163,38,Final Assembly,TRUE,1796.46,1825.6,29.14,33.9,,29.14,,0,
VEH-0163,39,Final Assembly,FALSE,1825.6,1884.25,,57.4,,58.65,,0,
VEH-0163,40,Final Assembly,TRUE,1884.25,1928.45,44.2,47.6,,44.2,,0,
VEH-0164,1,Body,FALSE,0,46.12,,45,,46.12,,0,
VEH-0164,2,Body,FALSE,46.12,107.91,,68,,61.79,,0,
VEH-0164,3,Body,FALSE,107.91,170.18,,59.3,,62.27,,0,
VEH-0164,4,Body,TRUE,170.18,225.67,55.49,53.9,,55.49,,0,
VEH-0164,5,Body,TRUE,225.67,259.44,33.77,36.2,,33.77,PASS,0,
VEH-0164,6,Body,FALSE,259.44,296.11,,36.2,,36.67,,0,
VEH-0164,7,Body,FALSE,296.11,328.42,,32.3,,32.31,,0,
VEH-0164,8,Body,FALSE,328.42,401.1,,64.6,,72.68,,0,
VEH-0164,9,Body,FALSE,401.1,447.26,,54,,46.16,PASS,0,
VEH-0164,10,Body,TRUE,447.26,503.63,56.37,58.3,,56.37,,0,
VEH-0164,11,Body,TRUE,503.63,534.9,31.27,30.8,,31.27,PASS,0,
VEH-0164,12,Body,TRUE,534.9,601.81,66.91,68.8,,66.91,,0,
VEH-0164,13,Body,TRUE,601.81,664.41,62.6,63.3,47.25,62.6,PASS,0,
VEH-0164,14,Body,TRUE,664.41,702.76,38.35,38.5,41.85,38.35,,0,
VEH-0164,15,Body,FALSE,702.76,739.72,,37.3,,36.96,PASS,0,
VEH-0164,16,Paint,FALSE,739.72,777.2,,37.3,,37.48,,0,
VEH-0164,17,Paint,TRUE,777.2,817.66,40.46,42.2,,40.46,,0,
VEH-0164,18,Paint,FALSE,817.66,870.53,,51,,52.87,,0,
VEH-0164,19,Paint,TRUE,870.53,914.38,43.85,47.3,44.79,43.85,,0,
VEH-0164,20,Paint,TRUE,914.38,952.91,38.53,41.6,,38.53,,0,
VEH-0164,21,Paint,TRUE,952.91,1006.6,53.69,54.5,,53.69,,0,
VEH-0164,22,Paint,TRUE,1006.6,1043.46,36.86,35.6,,36.86,PASS,0,
VEH-0164,23,Final Assembly,TRUE,1043.46,1084.82,41.36,41.7,,41.36,,0,
VEH-0164,24,Final Assembly,TRUE,1084.82,1129.03,44.21,44.7,,44.21,,0,
VEH-0164,25,Final Assembly,TRUE,1129.03,1177.3,48.27,48.2,,48.27,,0,
VEH-0164,27,Final Assembly,TRUE,1238.94,1278.26,39.32,38,46.05,39.32,,0,
VEH-0164,28,Final Assembly,FALSE,1278.26,1332.46,,50.6,,54.2,,0,
VEH-0164,29,Final Assembly,TRUE,1332.46,1386.61,54.15,53.7,42.51,54.15,,0,
VEH-0164,30,Final Assembly,TRUE,1386.61,1419.87,33.26,31.9,,33.26,,0,
VEH-0164,31,Final Assembly,TRUE,1419.87,1477.83,57.96,54.3,,57.96,,0,
VEH-0164,33,Final Assembly,TRUE,1519.16,1554.13,34.97,32.6,44.26,34.97,,0,
VEH-0164,34,Final Assembly,TRUE,1554.13,1622.77,68.64,68,,68.64,,0,
VEH-0164,35,Final Assembly,TRUE,1622.77,1690.44,67.67,68.6,,67.67,,0,
VEH-0164,36,Final Assembly,TRUE,1690.44,1751.47,61.03,62.3,44.83,61.03,,0,
VEH-0164,37,Final Assembly,TRUE,1751.47,1796.38,44.91,42.2,,44.91,,0,
VEH-0164,38,Final Assembly,TRUE,1796.38,1827.58,31.2,33.9,,31.2,,0,
VEH-0164,39,Final Assembly,FALSE,1827.58,1882.1,,57.4,,54.52,,0,
VEH-0164,40,Final Assembly,TRUE,1882.1,1932.6,50.5,47.6,,50.5,,0,
VEH-0165,1,Body,FALSE,0,40.76,,45,,40.76,,0,
VEH-0165,2,Body,FALSE,40.76,103.58,,68,,62.82,,0,
VEH-0165,3,Body,FALSE,103.58,162.83,,59.3,,59.25,,0,
VEH-0165,4,Body,TRUE,162.83,217.52,54.69,53.9,,54.69,,0,
VEH-0165,5,Body,TRUE,217.52,254.6,37.08,36.2,,37.08,PASS,0,
VEH-0165,6,Body,FALSE,254.6,290.25,,36.2,,35.65,,0,
VEH-0165,7,Body,FALSE,290.25,326.62,,32.3,,36.37,,0,
VEH-0165,8,Body,FALSE,326.62,400.21,,64.6,,73.59,,0,
VEH-0165,10,Body,TRUE,453.59,509.56,55.97,58.3,,55.97,,0,
VEH-0165,12,Body,TRUE,540.55,611.47,70.92,68.8,,70.92,,0,
VEH-0165,13,Body,TRUE,611.47,678.59,67.12,63.3,42.77,67.12,PASS,0,
VEH-0165,14,Body,TRUE,678.59,716.62,38.03,38.5,45.67,38.03,,0,
VEH-0165,16,Paint,FALSE,755.01,792.32,,37.3,,37.31,,0,
VEH-0165,17,Paint,TRUE,792.32,835.66,43.34,42.2,,43.34,,0,
VEH-0165,18,Paint,FALSE,835.66,884.6,,51,,48.94,,0,
VEH-0165,19,Paint,TRUE,884.6,935.58,50.98,47.3,46.49,50.98,,0,
VEH-0165,20,Paint,TRUE,935.58,974.38,38.8,41.6,,38.8,,0,
VEH-0165,21,Paint,TRUE,974.38,1025.94,51.56,54.5,,51.56,,0,
VEH-0165,22,Paint,TRUE,1025.94,1059.68,33.74,35.6,,33.74,PASS,0,
VEH-0165,23,Final Assembly,TRUE,1059.68,1102.8,43.12,41.7,,43.12,,0,
VEH-0165,24,Final Assembly,TRUE,1102.8,1144.62,41.82,44.7,,41.82,,0,
VEH-0165,25,Final Assembly,TRUE,1144.62,1192.02,47.4,48.2,,47.4,,0,
VEH-0165,26,Final Assembly,TRUE,1192.02,1254.82,62.8,61.4,,62.8,PASS,0,
VEH-0165,27,Final Assembly,TRUE,1254.82,1292.69,37.87,38,45.39,37.87,,0,
VEH-0165,28,Final Assembly,FALSE,1292.69,1340.59,,50.6,,47.9,,0,
VEH-0165,29,Final Assembly,TRUE,1340.59,1395.89,55.3,53.7,44.08,55.3,,0,
VEH-0165,30,Final Assembly,TRUE,1395.89,1427.27,31.38,31.9,,31.38,,0,
VEH-0165,31,Final Assembly,TRUE,1427.27,1482.21,54.94,54.3,,54.94,,0,
VEH-0165,33,Final Assembly,TRUE,1519.2,1551.84,32.64,32.6,43.87,32.64,,0,
VEH-0165,34,Final Assembly,TRUE,1551.84,1618.82,66.98,68,,66.98,,0,
VEH-0165,35,Final Assembly,TRUE,1618.82,1687.43,68.61,68.6,,68.61,,0,
VEH-0165,36,Final Assembly,TRUE,1687.43,1745.44,58.01,62.3,44.31,58.01,,0,
VEH-0165,37,Final Assembly,TRUE,1745.44,1788.46,43.02,42.2,,43.02,,0,
VEH-0165,38,Final Assembly,TRUE,1788.46,1820.19,31.73,33.9,,31.73,,0,
VEH-0165,39,Final Assembly,FALSE,1820.19,1880.91,,57.4,,60.72,,0,
VEH-0165,40,Final Assembly,TRUE,1880.91,1931.53,50.62,47.6,,50.62,,0,
VEH-0166,1,Body,FALSE,0,42.2,,45,,42.2,,0,
VEH-0166,2,Body,FALSE,42.2,115.38,,68,,73.18,,0,
VEH-0166,3,Body,FALSE,115.38,174.09,,59.3,,58.71,,0,
VEH-0166,4,Body,TRUE,174.09,231.17,57.08,53.9,,57.08,,0,
VEH-0166,5,Body,TRUE,231.17,264.76,33.59,36.2,,33.59,PASS,0,
VEH-0166,6,Body,FALSE,264.76,301.2,,36.2,,36.44,,0,
VEH-0166,7,Body,FALSE,301.2,332.63,,32.3,,31.43,,0,
VEH-0166,8,Body,FALSE,332.63,408.05,,64.6,,75.42,,0,
VEH-0166,9,Body,FALSE,408.05,461.25,,54,,53.2,PASS,0,
VEH-0166,10,Body,TRUE,461.25,515.63,54.38,58.3,,54.38,,0,
VEH-0166,11,Body,TRUE,515.63,545.06,29.43,30.8,,29.43,PASS,0,
VEH-0166,12,Body,TRUE,545.06,608.21,63.15,68.8,,63.15,,0,
VEH-0166,13,Body,TRUE,608.21,667.37,59.16,63.3,45.72,59.16,PASS,0,
VEH-0166,14,Body,TRUE,667.37,705.39,38.02,38.5,45.35,38.02,,0,
VEH-0166,15,Body,FALSE,705.39,746.07,,37.3,,40.68,PASS,0,
VEH-0166,16,Paint,FALSE,746.07,782.82,,37.3,,36.75,,0,
VEH-0166,17,Paint,TRUE,782.82,826.36,43.54,42.2,,43.54,,0,
VEH-0166,18,Paint,FALSE,826.36,877.43,,51,,51.07,,0,
VEH-0166,19,Paint,TRUE,877.43,931.25,53.82,47.3,40.47,53.82,,0,
VEH-0166,20,Paint,TRUE,931.25,971.36,40.11,41.6,,40.11,,0,
VEH-0166,21,Paint,TRUE,971.36,1027.65,56.29,54.5,,56.29,,0,
VEH-0166,23,Final Assembly,TRUE,1061.91,1104.79,42.88,41.7,,42.88,,0,
VEH-0166,24,Final Assembly,TRUE,1104.79,1149.36,44.57,44.7,,44.57,,0,
VEH-0166,25,Final Assembly,TRUE,1149.36,1199.64,50.28,48.2,,50.28,,0,
VEH-0166,26,Final Assembly,TRUE,1199.64,1257.56,57.92,61.4,,57.92,PASS,0,
VEH-0166,27,Final Assembly,TRUE,1257.56,1295.89,38.33,38,45.7,38.33,,0,
VEH-0166,28,Final Assembly,FALSE,1295.89,1346.82,,50.6,,50.93,,0,
VEH-0166,29,Final Assembly,TRUE,1346.82,1400.92,54.1,53.7,46.8,54.1,,0,
VEH-0166,30,Final Assembly,TRUE,1400.92,1430.15,29.23,31.9,,29.23,,0,
VEH-0166,31,Final Assembly,TRUE,1430.15,1484.79,54.64,54.3,,54.64,,0,
VEH-0166,32,Final Assembly,TRUE,1484.79,1519.37,34.58,36.8,,34.58,PASS,0,
VEH-0166,33,Final Assembly,TRUE,1519.37,1553.2,33.83,32.6,43.74,33.83,,0,
VEH-0166,34,Final Assembly,TRUE,1553.2,1612.79,59.59,68,,59.59,,0,
VEH-0166,35,Final Assembly,TRUE,1612.79,1684.07,71.28,68.6,,71.28,,0,
VEH-0166,36,Final Assembly,TRUE,1684.07,1745.53,61.46,62.3,45.53,61.46,,0,
VEH-0166,37,Final Assembly,TRUE,1745.53,1790.74,45.21,42.2,,45.21,,0,
VEH-0166,38,Final Assembly,TRUE,1790.74,1825.27,34.53,33.9,,34.53,,0,
VEH-0166,39,Final Assembly,FALSE,1825.27,1883.16,,57.4,,57.89,,0,
VEH-0166,40,Final Assembly,TRUE,1883.16,1930.65,47.49,47.6,,47.49,,0,
VEH-0167,1,Body,FALSE,0,40.34,,45,,40.34,,0,
VEH-0167,2,Body,FALSE,40.34,107.64,,68,,67.3,,0,
VEH-0167,3,Body,FALSE,107.64,165.27,,59.3,,57.63,,0,
VEH-0167,4,Body,TRUE,165.27,217.27,52,53.9,,52,,0,
VEH-0167,5,Body,TRUE,217.27,254.17,36.9,36.2,,36.9,PASS,0,
VEH-0167,6,Body,FALSE,254.17,292.4,,36.2,,38.23,,0,
VEH-0167,7,Body,FALSE,292.4,324.49,,32.3,,32.09,,0,
VEH-0167,8,Body,FALSE,324.49,399.85,,64.6,,75.36,,0,
VEH-0167,10,Body,TRUE,454.16,512.47,58.31,58.3,,58.31,,0,
VEH-0167,11,Body,TRUE,512.47,541.59,29.12,30.8,,29.12,PASS,0,
VEH-0167,12,Body,TRUE,541.59,614.2,72.61,68.8,,72.61,,0,
VEH-0167,13,Body,TRUE,614.2,678.44,64.24,63.3,45.59,64.24,PASS,0,
VEH-0167,14,Body,TRUE,678.44,715.38,36.94,38.5,44.31,36.94,,0,
VEH-0167,15,Body,FALSE,715.38,752.35,,37.3,,36.97,PASS,0,
VEH-0167,16,Paint,FALSE,752.35,786.8,,37.3,,34.45,,0,
VEH-0167,17,Paint,TRUE,786.8,825.44,38.64,42.2,,38.64,,0,
VEH-0167,18,Paint,FALSE,825.44,874.91,,51,,49.47,,0,
VEH-0167,19,Paint,TRUE,874.91,923.44,48.53,47.3,44.02,48.53,,0,
VEH-0167,20,Paint,TRUE,923.44,962.92,39.48,41.6,,39.48,,0,
VEH-0167,21,Paint,TRUE,962.92,1015.2,52.28,54.5,,52.28,,0,
VEH-0167,23,Final Assembly,TRUE,1049.99,1090.95,40.96,41.7,,40.96,,0,
VEH-0167,24,Final Assembly,TRUE,1090.95,1140.5,49.55,44.7,,49.55,,0,
VEH-0167,25,Final Assembly,TRUE,1140.5,1191.24,50.74,48.2,,50.74,,0,
VEH-0167,27,Final Assembly,TRUE,1255.79,1296.01,40.22,38,43.5,40.22,,0,
VEH-0167,28,Final Assembly,FALSE,1296.01,1343.52,,50.6,,47.51,,0,
VEH-0167,29,Final Assembly,TRUE,1343.52,1394.24,50.72,53.7,47,50.72,,0,
VEH-0167,30,Final Assembly,TRUE,1394.24,1425.27,31.03,31.9,,31.03,,0,
VEH-0167,31,Final Assembly,TRUE,1425.27,1476.18,50.91,54.3,,50.91,,0,
VEH-0167,32,Final Assembly,TRUE,1476.18,1512.19,36.01,36.8,,36.01,PASS,0,
VEH-0167,33,Final Assembly,TRUE,1512.19,1544.4,32.21,32.6,45.4,32.21,,0,
VEH-0167,34,Final Assembly,TRUE,1544.4,1613.25,68.85,68,,68.85,,0,
VEH-0167,35,Final Assembly,TRUE,1613.25,1679.01,65.76,68.6,,65.76,,0,
VEH-0167,36,Final Assembly,TRUE,1679.01,1743.45,64.44,62.3,44.04,64.44,,0,
VEH-0167,37,Final Assembly,TRUE,1743.45,1785.32,41.87,42.2,,41.87,,0,
VEH-0167,38,Final Assembly,TRUE,1785.32,1820.39,35.07,33.9,,35.07,,0,
VEH-0167,39,Final Assembly,FALSE,1820.39,1875.95,,57.4,,55.56,,0,
VEH-0167,40,Final Assembly,TRUE,1875.95,1922.19,46.24,47.6,,46.24,,0,
VEH-0168,1,Body,FALSE,0,46.33,,45,,46.33,,0,
VEH-0168,2,Body,FALSE,46.33,112.96,,68,,66.63,,0,
VEH-0168,3,Body,FALSE,112.96,174.69,,59.3,,61.73,,0,
VEH-0168,4,Body,TRUE,174.69,232.53,57.84,53.9,,57.84,,0,
VEH-0168,5,Body,TRUE,232.53,268.88,36.35,36.2,,36.35,PASS,0,
VEH-0168,6,Body,FALSE,268.88,302.94,,36.2,,34.06,,0,
VEH-0168,7,Body,FALSE,302.94,331.23,,32.3,,28.29,,0,
VEH-0168,8,Body,FALSE,331.23,405.99,,64.6,,74.76,,0,
VEH-0168,9,Body,FALSE,405.99,460.67,,54,,54.68,PASS,0,
VEH-0168,10,Body,TRUE,460.67,517.27,56.6,58.3,,56.6,,0,
VEH-0168,11,Body,TRUE,517.27,548.28,31.01,30.8,,31.01,PASS,0,
VEH-0168,12,Body,TRUE,548.28,618.56,70.28,68.8,,70.28,,0,
VEH-0168,14,Body,TRUE,685.01,723.42,38.41,38.5,44.73,38.41,,0,
VEH-0168,16,Paint,FALSE,760.78,797.13,,37.3,,36.35,,0,
VEH-0168,17,Paint,TRUE,797.13,838.24,41.11,42.2,,41.11,,0,
VEH-0168,18,Paint,FALSE,838.24,888.08,,51,,49.84,,0,
VEH-0168,19,Paint,TRUE,888.08,935.75,47.67,47.3,43.73,47.67,,0,
VEH-0168,20,Paint,TRUE,935.75,976.41,40.66,41.6,,40.66,,0,
VEH-0168,21,Paint,TRUE,976.41,1035.85,59.44,54.5,,59.44,,0,
VEH-0168,22,Paint,TRUE,1035.85,1073.05,37.2,35.6,,37.2,PASS,0,
VEH-0168,23,Final Assembly,TRUE,1073.05,1112.75,39.7,41.7,,39.7,,0,
VEH-0168,24,Final Assembly,TRUE,1112.75,1159.39,46.64,44.7,,46.64,,0,
VEH-0168,25,Final Assembly,TRUE,1159.39,1209.1,49.71,48.2,,49.71,,0,
VEH-0168,27,Final Assembly,TRUE,1270.18,1306.83,36.65,38,43.77,36.65,,0,
VEH-0168,28,Final Assembly,FALSE,1306.83,1358,,50.6,,51.17,,0,
VEH-0168,29,Final Assembly,TRUE,1358,1409.42,51.42,53.7,46.65,51.42,,0,
VEH-0168,30,Final Assembly,TRUE,1409.42,1443.52,34.1,31.9,,34.1,,0,
VEH-0168,31,Final Assembly,TRUE,1443.52,1497.7,54.18,54.3,,54.18,,0,
VEH-0168,33,Final Assembly,TRUE,1536.6,1568.53,31.93,32.6,43.93,31.93,,0,
VEH-0168,34,Final Assembly,TRUE,1568.53,1640.27,71.74,68,,71.74,,0,
VEH-0168,35,Final Assembly,TRUE,1640.27,1714.29,74.02,68.6,,74.02,,0,
VEH-0168,36,Final Assembly,TRUE,1714.29,1782.72,68.43,62.3,45.5,68.43,,0,
VEH-0168,37,Final Assembly,TRUE,1782.72,1826.74,44.02,42.2,,44.02,,0,
VEH-0168,38,Final Assembly,TRUE,1826.74,1861.17,34.43,33.9,,34.43,,0,
VEH-0168,39,Final Assembly,FALSE,1861.17,1922.6,,57.4,,61.43,,0,
VEH-0168,40,Final Assembly,TRUE,1922.6,1971.23,48.63,47.6,,48.63,,0,
VEH-0169,1,Body,FALSE,0,45.1,,45,,45.1,,0,
VEH-0169,2,Body,FALSE,45.1,111.33,,68,,66.23,,0,
VEH-0169,3,Body,FALSE,111.33,168.16,,59.3,,56.83,,0,
VEH-0169,4,Body,TRUE,168.16,221.43,53.27,53.9,,53.27,,0,
VEH-0169,5,Body,TRUE,221.43,258.88,37.45,36.2,,37.45,PASS,0,
VEH-0169,6,Body,FALSE,258.88,296.07,,36.2,,37.19,,0,
VEH-0169,7,Body,FALSE,296.07,327.23,,32.3,,31.16,,0,
VEH-0169,8,Body,FALSE,327.23,399.57,,64.6,,72.34,,0,
VEH-0169,9,Body,FALSE,399.57,455.34,,54,,55.77,PASS,0,
VEH-0169,10,Body,TRUE,455.34,511.53,56.19,58.3,,56.19,,0,
VEH-0169,12,Body,TRUE,542.42,611.65,69.23,68.8,,69.23,,0,
VEH-0169,13,Body,TRUE,611.65,675.94,64.29,63.3,46.29,64.29,PASS,0,
VEH-0169,14,Body,TRUE,675.94,712,36.06,38.5,42.13,36.06,,0,
VEH-0169,16,Paint,FALSE,748.24,788.89,,37.3,,40.65,,0,
VEH-0169,17,Paint,TRUE,788.89,835.36,46.47,42.2,,46.47,,0,
VEH-0169,18,Paint,FALSE,835.36,891.03,,51,,55.67,,0,
VEH-0169,19,Paint,TRUE,891.03,937.87,46.84,47.3,42.33,46.84,,0,
VEH-0169,20,Paint,TRUE,937.87,974.6,36.73,41.6,,36.73,,0,
VEH-0169,21,Paint,TRUE,974.6,1027.42,52.82,54.5,,52.82,,0,
VEH-0169,23,Final Assembly,TRUE,1062.67,1107.09,44.42,41.7,,44.42,,0,
VEH-0169,24,Final Assembly,TRUE,1107.09,1153.73,46.64,44.7,,46.64,,0,
VEH-0169,25,Final Assembly,TRUE,1153.73,1202.48,48.75,48.2,,48.75,,0,
VEH-0169,26,Final Assembly,TRUE,1202.48,1261.15,58.67,61.4,,58.67,PASS,0,
VEH-0169,27,Final Assembly,TRUE,1261.15,1297.32,36.17,38,45.38,36.17,,0,
VEH-0169,28,Final Assembly,FALSE,1297.32,1349.68,,50.6,,52.36,,0,
VEH-0169,29,Final Assembly,TRUE,1349.68,1404.43,54.75,53.7,43.45,54.75,,0,
VEH-0169,30,Final Assembly,TRUE,1404.43,1437.36,32.93,31.9,,32.93,,0,
VEH-0169,31,Final Assembly,TRUE,1437.36,1492.81,55.45,54.3,,55.45,,0,
VEH-0169,33,Final Assembly,TRUE,1527.64,1558.96,31.32,32.6,46.03,31.32,,0,
VEH-0169,34,Final Assembly,TRUE,1558.96,1626.16,67.2,68,,67.2,,0,
VEH-0169,35,Final Assembly,TRUE,1626.16,1700.21,74.05,68.6,,74.05,,0,
VEH-0169,36,Final Assembly,TRUE,1700.21,1764.07,63.86,62.3,44.27,63.86,,0,
VEH-0169,37,Final Assembly,TRUE,1764.07,1806.25,42.18,42.2,,42.18,,0,
VEH-0169,38,Final Assembly,TRUE,1806.25,1840.26,34.01,33.9,,34.01,,0,
VEH-0169,39,Final Assembly,FALSE,1840.26,1895.57,,57.4,,55.31,,0,
VEH-0169,40,Final Assembly,TRUE,1895.57,1941,45.43,47.6,,45.43,,0,
VEH-0170,1,Body,FALSE,0,46.58,,45,,46.58,,0,
VEH-0170,2,Body,FALSE,46.58,112.65,,68,,66.07,,0,
VEH-0170,3,Body,FALSE,112.65,169.44,,59.3,,56.79,,0,
VEH-0170,4,Body,TRUE,169.44,218.48,49.04,53.9,,49.04,,0,
VEH-0170,5,Body,TRUE,218.48,253.98,35.5,36.2,,35.5,PASS,0,
VEH-0170,6,Body,FALSE,253.98,291.58,,36.2,,37.6,,0,
VEH-0170,7,Body,FALSE,291.58,322.47,,32.3,,30.89,,0,
VEH-0170,8,Body,FALSE,322.47,397.79,,64.6,,75.32,,0,
VEH-0170,9,Body,FALSE,397.79,451.18,,54,,53.39,PASS,0,
VEH-0170,10,Body,TRUE,451.18,507.53,56.35,58.3,,56.35,,0,
VEH-0170,11,Body,TRUE,507.53,539.62,32.09,30.8,,32.09,PASS,0,
VEH-0170,12,Body,TRUE,539.62,614.07,74.45,68.8,,74.45,,0,
VEH-0170,13,Body,TRUE,614.07,680.55,66.48,63.3,43.96,66.48,PASS,0,
VEH-0170,14,Body,TRUE,680.55,722.9,42.35,38.5,46.5,42.35,,0,
VEH-0170,16,Paint,FALSE,759.35,795.21,,37.3,,35.86,,0,
VEH-0170,17,Paint,TRUE,795.21,839.78,44.57,42.2,,44.57,,0,
VEH-0170,18,Paint,FALSE,839.78,891.22,,51,,51.44,,0,
VEH-0170,19,Paint,TRUE,891.22,936.51,45.29,47.3,44.78,45.29,,0,
VEH-0170,20,Paint,TRUE,936.51,977.26,40.75,41.6,,40.75,,0,
VEH-0170,21,Paint,TRUE,977.26,1029.51,52.25,54.5,,52.25,,0,
VEH-0170,23,Final Assembly,TRUE,1066.92,1110.25,43.33,41.7,,43.33,,0,
VEH-0170,24,Final Assembly,TRUE,1110.25,1156.83,46.58,44.7,,46.58,,0,
VEH-0170,25,Final Assembly,TRUE,1156.83,1207.02,50.19,48.2,,50.19,,0,
VEH-0170,26,Final Assembly,TRUE,1207.02,1265.61,58.59,61.4,,58.59,PASS,0,
VEH-0170,27,Final Assembly,TRUE,1265.61,1302.46,36.85,38,47.19,36.85,,0,
VEH-0170,28,Final Assembly,FALSE,1302.46,1353.33,,50.6,,50.87,,0,
VEH-0170,29,Final Assembly,TRUE,1353.33,1403.07,49.74,53.7,45.33,49.74,,0,
VEH-0170,30,Final Assembly,TRUE,1403.07,1436.01,32.94,31.9,,32.94,,0,
VEH-0170,31,Final Assembly,TRUE,1436.01,1491.73,55.72,54.3,,55.72,,0,
VEH-0170,33,Final Assembly,TRUE,1526.8,1562.48,35.68,32.6,42.75,35.68,,0,
VEH-0170,34,Final Assembly,TRUE,1562.48,1630.86,68.38,68,,68.38,,0,
VEH-0170,35,Final Assembly,TRUE,1630.86,1705.42,74.56,68.6,,74.56,,0,
VEH-0170,36,Final Assembly,TRUE,1705.42,1769.57,64.15,62.3,46.25,64.15,,0,
VEH-0170,37,Final Assembly,TRUE,1769.57,1809.55,39.98,42.2,,39.98,,0,
VEH-0170,38,Final Assembly,TRUE,1809.55,1844.04,34.49,33.9,,34.49,,0,
VEH-0170,39,Final Assembly,FALSE,1844.04,1901.33,,57.4,,57.29,,0,
VEH-0170,40,Final Assembly,TRUE,1901.33,1946.24,44.91,47.6,,44.91,,0,
VEH-0171,1,Body,FALSE,0,45.28,,45,,45.28,,0,
VEH-0171,2,Body,FALSE,45.28,112.54,,68,,67.26,,0,
VEH-0171,3,Body,FALSE,112.54,171.07,,59.3,,58.53,,0,
VEH-0171,4,Body,TRUE,171.07,225.31,54.24,53.9,,54.24,,0,
VEH-0171,5,Body,TRUE,225.31,260.01,34.7,36.2,,34.7,PASS,0,
VEH-0171,6,Body,FALSE,260.01,296.43,,36.2,,36.42,,0,
VEH-0171,7,Body,FALSE,296.43,329.46,,32.3,,33.03,,0,
VEH-0171,8,Body,FALSE,329.46,405.58,,64.6,,76.12,,0,
VEH-0171,10,Body,TRUE,460.82,520.39,59.57,58.3,,59.57,,0,
VEH-0171,11,Body,TRUE,520.39,548.46,28.07,30.8,,28.07,PASS,0,
VEH-0171,12,Body,TRUE,548.46,619.45,70.99,68.8,,70.99,,0,
VEH-0171,14,Body,TRUE,680.62,716.99,36.37,38.5,45.65,36.37,,0,
VEH-0171,15,Body,FALSE,716.99,753.88,,37.3,,36.89,PASS,0,
VEH-0171,16,Paint,FALSE,753.88,788.05,,37.3,,34.17,,0,
VEH-0171,17,Paint,TRUE,788.05,831.26,43.21,42.2,,43.21,,0,
VEH-0171,18,Paint,FALSE,831.26,878.59,,51,,47.33,,0,
VEH-0171,19,Paint,TRUE,878.59,926.22,47.63,47.3,45.36,47.63,,0,
VEH-0171,20,Paint,TRUE,926.22,969.66,43.44,41.6,,43.44,,0,
VEH-0171,21,Paint,TRUE,969.66,1029.02,59.36,54.5,,59.36,,0,
VEH-0171,22,Paint,TRUE,1029.02,1062.19,33.17,35.6,,33.17,PASS,0,
VEH-0171,23,Final Assembly,TRUE,1062.19,1103.78,41.59,41.7,,41.59,,0,
VEH-0171,24,Final Assembly,TRUE,1103.78,1147.86,44.08,44.7,,44.08,,0,
VEH-0171,25,Final Assembly,TRUE,1147.86,1197.11,49.25,48.2,,49.25,,0,
VEH-0171,27,Final Assembly,TRUE,1259.17,1296.5,37.33,38,44.34,37.33,,0,
VEH-0171,28,Final Assembly,FALSE,1296.5,1344.28,,50.6,,47.78,,0,
VEH-0171,29,Final Assembly,TRUE,1344.28,1400.64,56.36,53.7,45.69,56.36,,0,
VEH-0171,30,Final Assembly,TRUE,1400.64,1434,33.36,31.9,,33.36,,0,
VEH-0171,31,Final Assembly,TRUE,1434,1487.46,53.46,54.3,,53.46,,0,
VEH-0171,32,Final Assembly,TRUE,1487.46,1523.05,35.59,36.8,,35.59,PASS,0,
VEH-0171,33,Final Assembly,TRUE,1523.05,1553.89,30.84,32.6,45.54,30.84,,0,
VEH-0171,34,Final Assembly,TRUE,1553.89,1618.35,64.46,68,,64.46,,0,
VEH-0171,35,Final Assembly,TRUE,1618.35,1693.29,74.94,68.6,,74.94,,0,
VEH-0171,36,Final Assembly,TRUE,1693.29,1751.51,58.22,62.3,45.41,58.22,,0,
VEH-0171,37,Final Assembly,TRUE,1751.51,1797.02,45.51,42.2,,45.51,,0,
VEH-0171,38,Final Assembly,TRUE,1797.02,1831.94,34.92,33.9,,34.92,,0,
VEH-0171,39,Final Assembly,FALSE,1831.94,1889.84,,57.4,,57.9,,0,
VEH-0171,40,Final Assembly,TRUE,1889.84,1935.14,45.3,47.6,,45.3,,0,
VEH-0172,1,Body,FALSE,0,41.89,,45,,41.89,,0,
VEH-0172,2,Body,FALSE,41.89,109.78,,68,,67.89,,0,
VEH-0172,3,Body,FALSE,109.78,170.07,,59.3,,60.29,,0,
VEH-0172,4,Body,TRUE,170.07,220.26,50.19,53.9,,50.19,,0,
VEH-0172,5,Body,TRUE,220.26,254.77,34.51,36.2,,34.51,PASS,0,
VEH-0172,6,Body,FALSE,254.77,291.86,,36.2,,37.09,,0,
VEH-0172,7,Body,FALSE,291.86,323.28,,32.3,,31.42,,0,
VEH-0172,8,Body,FALSE,323.28,398.58,,64.6,,75.3,,0,
VEH-0172,9,Body,FALSE,398.58,454.04,,54,,55.46,PASS,0,
VEH-0172,10,Body,TRUE,454.04,518.29,64.25,58.3,,64.25,,0,
VEH-0172,12,Body,TRUE,548.75,623.64,74.89,68.8,,74.89,,0,
VEH-0172,14,Body,TRUE,680.73,718.59,37.86,38.5,44.2,37.86,,0,
VEH-0172,15,Body,FALSE,718.59,757.11,,37.3,,38.52,PASS,0,
VEH-0172,16,Paint,FALSE,757.11,794.01,,37.3,,36.9,,0,
VEH-0172,17,Paint,TRUE,794.01,831.94,37.93,42.2,,37.93,,0,
VEH-0172,18,Paint,FALSE,831.94,878.89,,51,,46.95,,0,
VEH-0172,19,Paint,TRUE,878.89,927.89,49,47.3,42.54,49,,0,
VEH-0172,20,Paint,TRUE,927.89,971.05,43.16,41.6,,43.16,,0,
VEH-0172,21,Paint,TRUE,971.05,1025.89,54.84,54.5,,54.84,,0,
VEH-0172,22,Paint,TRUE,1025.89,1061.19,35.3,35.6,,35.3,PASS,0,
VEH-0172,23,Final Assembly,TRUE,1061.19,1102.72,41.53,41.7,,41.53,,0,
VEH-0172,24,Final Assembly,TRUE,1102.72,1148.57,45.85,44.7,,45.85,,0,
VEH-0172,25,Final Assembly,TRUE,1148.57,1193.93,45.36,48.2,,45.36,,0,
VEH-0172,27,Final Assembly,TRUE,1255.46,1291.29,35.83,38,45.25,35.83,,0,
VEH-0172,28,Final Assembly,FALSE,1291.29,1343.53,,50.6,,52.24,,0,
VEH-0172,29,Final Assembly,TRUE,1343.53,1397.68,54.15,53.7,45.91,54.15,,0,
VEH-0172,30,Final Assembly,TRUE,1397.68,1428.47,30.79,31.9,,30.79,,0,
VEH-0172,31,Final Assembly,TRUE,1428.47,1482.6,54.13,54.3,,54.13,,0,
VEH-0172,32,Final Assembly,TRUE,1482.6,1518.96,36.36,36.8,,36.36,PASS,0,
VEH-0172,33,Final Assembly,TRUE,1518.96,1551.07,32.11,32.6,43.8,32.11,,0,
VEH-0172,34,Final Assembly,TRUE,1551.07,1617.6,66.53,68,,66.53,,0,
VEH-0172,35,Final Assembly,TRUE,1617.6,1682.38,64.78,68.6,,64.78,,0,
VEH-0172,36,Final Assembly,TRUE,1682.38,1739.39,57.01,62.3,43.95,57.01,,0,
VEH-0172,37,Final Assembly,TRUE,1739.39,1782.91,43.52,42.2,,43.52,,0,
VEH-0172,38,Final Assembly,TRUE,1782.91,1817.21,34.3,33.9,,34.3,,0,
VEH-0172,39,Final Assembly,FALSE,1817.21,1871,,57.4,,53.79,,0,
VEH-0172,40,Final Assembly,TRUE,1871,1917.63,46.63,47.6,,46.63,,0,
VEH-0173,1,Body,FALSE,0,42.53,,45,,42.53,,0,
VEH-0173,2,Body,FALSE,42.53,108.41,,68,,65.88,,0,
VEH-0173,3,Body,FALSE,108.41,169.2,,59.3,,60.79,,0,
VEH-0173,4,Body,TRUE,169.2,226.37,57.17,53.9,,57.17,,0,
VEH-0173,5,Body,TRUE,226.37,259.87,33.5,36.2,,33.5,PASS,0,
VEH-0173,6,Body,FALSE,259.87,295.76,,36.2,,35.89,,0,
VEH-0173,7,Body,FALSE,295.76,328.52,,32.3,,32.76,,0,
VEH-0173,8,Body,FALSE,328.52,404.01,,64.6,,75.49,,0,
VEH-0173,9,Body,FALSE,404.01,451.32,,54,,47.31,PASS,0,
VEH-0173,10,Body,TRUE,451.32,511.08,59.76,58.3,,59.76,,0,
VEH-0173,12,Body,TRUE,544.22,613.42,69.2,68.8,,69.2,,0,
VEH-0173,14,Body,TRUE,673.45,715.37,41.92,38.5,46.36,41.92,,0,
VEH-0173,15,Body,FALSE,715.37,753.86,,37.3,,38.49,PASS,0,
VEH-0173,16,Paint,FALSE,753.86,791.82,,37.3,,37.96,,0,
VEH-0173,17,Paint,TRUE,791.82,832.63,40.81,42.2,,40.81,,0,
VEH-0173,18,Paint,FALSE,832.63,883.12,,51,,50.49,,0,
VEH-0173,19,Paint,TRUE,883.12,930.24,47.12,47.3,45.82,47.12,,0,
VEH-0173,20,Paint,TRUE,930.24,974.98,44.74,41.6,,44.74,,0,
VEH-0173,21,Paint,TRUE,974.98,1032.53,57.55,54.5,,57.55,,0,
VEH-0173,23,Final Assembly,TRUE,1065.6,1107.77,42.17,41.7,,42.17,,0,
VEH-0173,24,Final Assembly,TRUE,1107.77,1154.12,46.35,44.7,,46.35,,0,
VEH-0173,25,Final Assembly,TRUE,1154.12,1203.81,49.69,48.2,,49.69,,0,
VEH-0173,27,Final Assembly,TRUE,1263.28,1306.82,43.54,38,43.08,43.54,,0,
VEH-0173,28,Final Assembly,FALSE,1306.82,1354.68,,50.6,,47.86,,0,
VEH-0173,29,Final Assembly,TRUE,1354.68,1409.01,54.33,53.7,48.18,54.33,,0,
VEH-0173,30,Final Assembly,TRUE,1409.01,1439.58,30.57,31.9,,30.57,,0,
VEH-0173,31,Final Assembly,TRUE,1439.58,1493.16,53.58,54.3,,53.58,,0,
VEH-0173,32,Final Assembly,TRUE,1493.16,1531.94,38.78,36.8,,38.78,PASS,0,
VEH-0173,33,Final Assembly,TRUE,1531.94,1564.51,32.57,32.6,44.5,32.57,,0,
VEH-0173,34,Final Assembly,TRUE,1564.51,1634.43,69.92,68,,69.92,,0,
VEH-0173,35,Final Assembly,TRUE,1634.43,1703.96,69.53,68.6,,69.53,,0,
VEH-0173,36,Final Assembly,TRUE,1703.96,1769.47,65.51,62.3,46.94,65.51,,0,
VEH-0173,37,Final Assembly,TRUE,1769.47,1812.32,42.85,42.2,,42.85,,0,
VEH-0173,38,Final Assembly,TRUE,1812.32,1846.72,34.4,33.9,,34.4,,0,
VEH-0173,39,Final Assembly,FALSE,1846.72,1904.73,,57.4,,58.01,,0,
VEH-0173,40,Final Assembly,TRUE,1904.73,1953.49,48.76,47.6,,48.76,,0,
VEH-0174,1,Body,FALSE,0,45.12,,45,,45.12,,0,
VEH-0174,2,Body,FALSE,45.12,120.85,,68,,75.73,,0,
VEH-0174,3,Body,FALSE,120.85,181.14,,59.3,,60.29,,0,
VEH-0174,4,Body,TRUE,181.14,234.44,53.3,53.9,,53.3,,0,
VEH-0174,5,Body,TRUE,234.44,273.16,38.72,36.2,,38.72,PASS,0,
VEH-0174,6,Body,FALSE,273.16,309.62,,36.2,,36.46,,0,
VEH-0174,7,Body,FALSE,309.62,344.06,,32.3,,34.44,,0,
VEH-0174,8,Body,FALSE,344.06,424.09,,64.6,,80.03,,0,
VEH-0174,9,Body,FALSE,424.09,474.65,,54,,50.56,PASS,0,
VEH-0174,10,Body,TRUE,474.65,534.29,59.64,58.3,,59.64,,0,
VEH-0174,12,Body,TRUE,567.75,633.11,65.36,68.8,,65.36,,0,
VEH-0174,14,Body,TRUE,693.28,733.5,40.22,38.5,45.43,40.22,,0,
VEH-0174,16,Paint,FALSE,767.2,805.13,,37.3,,37.93,,0,
VEH-0174,17,Paint,TRUE,805.13,846.8,41.67,42.2,,41.67,,0,
VEH-0174,18,Paint,FALSE,846.8,897.51,,51,,50.71,,0,
VEH-0174,19,Paint,TRUE,897.51,942.83,45.32,47.3,45.52,45.32,,0,
VEH-0174,20,Paint,TRUE,942.83,986.61,43.78,41.6,,43.78,,0,
VEH-0174,21,Paint,TRUE,986.61,1039.36,52.75,54.5,,52.75,,0,
VEH-0174,23,Final Assembly,TRUE,1071.97,1113.04,41.07,41.7,,41.07,,0,
VEH-0174,24,Final Assembly,TRUE,1113.04,1159.43,46.39,44.7,,46.39,,0,
VEH-0174,25,Final Assembly,TRUE,1159.43,1206.62,47.19,48.2,,47.19,,0,
VEH-0174,26,Final Assembly,TRUE,1206.62,1263.42,56.8,61.4,,56.8,PASS,0,
VEH-0174,27,Final Assembly,TRUE,1263.42,1302.87,39.45,38,47.12,39.45,,0,
VEH-0174,28,Final Assembly,FALSE,1302.87,1353.52,,50.6,,50.65,,0,
VEH-0174,29,Final Assembly,TRUE,1353.52,1402.9,49.38,53.7,44.52,49.38,,0,
VEH-0174,30,Final Assembly,TRUE,1402.9,1435.04,32.14,31.9,,32.14,,0,
VEH-0174,31,Final Assembly,TRUE,1435.04,1487.15,52.11,54.3,,52.11,,0,
VEH-0174,33,Final Assembly,TRUE,1525.02,1556.14,31.12,32.6,45.04,31.12,,0,
VEH-0174,34,Final Assembly,TRUE,1556.14,1623.36,67.22,68,,67.22,,0,
VEH-0174,35,Final Assembly,TRUE,1623.36,1694.07,70.71,68.6,,70.71,,0,
VEH-0174,36,Final Assembly,TRUE,1694.07,1756.33,62.26,62.3,44.71,62.26,,0,
VEH-0174,37,Final Assembly,TRUE,1756.33,1796.84,40.51,42.2,,40.51,,0,
VEH-0174,38,Final Assembly,TRUE,1796.84,1830.8,33.96,33.9,,33.96,,0,
VEH-0174,39,Final Assembly,FALSE,1830.8,1887.45,,57.4,,56.65,,0,
VEH-0174,40,Final Assembly,TRUE,1887.45,1932.98,45.53,47.6,,45.53,,0,
VEH-0175,1,Body,FALSE,0,49.43,,45,,49.43,,0,
VEH-0175,2,Body,FALSE,49.43,120.63,,68,,71.2,,0,
VEH-0175,3,Body,FALSE,120.63,177.68,,59.3,,57.05,,0,
VEH-0175,4,Body,TRUE,177.68,233.12,55.44,53.9,,55.44,,0,
VEH-0175,5,Body,TRUE,233.12,269.53,36.41,36.2,,36.41,PASS,0,
VEH-0175,6,Body,FALSE,269.53,306.44,,36.2,,36.91,,0,
VEH-0175,7,Body,FALSE,306.44,338.96,,32.3,,32.52,,0,
VEH-0175,8,Body,FALSE,338.96,419,,64.6,,80.04,,0,
VEH-0175,10,Body,TRUE,473.93,532.05,58.12,58.3,,58.12,,0,
VEH-0175,12,Body,TRUE,564.45,634.05,69.6,68.8,,69.6,,0,
VEH-0175,13,Body,TRUE,634.05,697.74,63.69,63.3,45.47,63.69,PASS,0,
VEH-0175,14,Body,TRUE,697.74,736.06,38.32,38.5,45.01,38.32,,0,
VEH-0175,15,Body,FALSE,736.06,772.27,,37.3,,36.21,PASS,0,
VEH-0175,16,Paint,FALSE,772.27,808.17,,37.3,,35.9,,0,
VEH-0175,17,Paint,TRUE,808.17,848.26,40.09,42.2,,40.09,,0,
VEH-0175,18,Paint,FALSE,848.26,895.71,,51,,47.45,,0,
VEH-0175,19,Paint,TRUE,895.71,940.93,45.22,47.3,44.74,45.22,,0,
VEH-0175,20,Paint,TRUE,940.93,982.74,41.81,41.6,,41.81,,0,
VEH-0175,21,Paint,TRUE,982.74,1036.5,53.76,54.5,,53.76,,0,
VEH-0175,22,Paint,TRUE,1036.5,1067.91,31.41,35.6,,31.41,PASS,0,
VEH-0175,23,Final Assembly,TRUE,1067.91,1112.9,44.99,41.7,,44.99,,0,
VEH-0175,24,Final Assembly,TRUE,1112.9,1160.03,47.13,44.7,,47.13,,0,
VEH-0175,25,Final Assembly,TRUE,1160.03,1209.3,49.27,48.2,,49.27,,0,
VEH-0175,27,Final Assembly,TRUE,1276.56,1312.7,36.14,38,47.83,36.14,,0,
VEH-0175,28,Final Assembly,FALSE,1312.7,1360.86,,50.6,,48.16,,0,
VEH-0175,29,Final Assembly,TRUE,1360.86,1415.2,54.34,53.7,43.09,54.34,,0,
VEH-0175,30,Final Assembly,TRUE,1415.2,1447.12,31.92,31.9,,31.92,,0,
VEH-0175,31,Final Assembly,TRUE,1447.12,1502.47,55.35,54.3,,55.35,,0,
VEH-0175,32,Final Assembly,TRUE,1502.47,1538.99,36.52,36.8,,36.52,PASS,0,
VEH-0175,33,Final Assembly,TRUE,1538.99,1572.75,33.76,32.6,45.15,33.76,,0,
VEH-0175,34,Final Assembly,TRUE,1572.75,1638.97,66.22,68,,66.22,,0,
VEH-0175,35,Final Assembly,TRUE,1638.97,1705.63,66.66,68.6,,66.66,,0,
VEH-0175,36,Final Assembly,TRUE,1705.63,1770.46,64.83,62.3,44.02,64.83,,0,
VEH-0175,37,Final Assembly,TRUE,1770.46,1814.59,44.13,42.2,,44.13,,0,
VEH-0175,38,Final Assembly,TRUE,1814.59,1850.57,35.98,33.9,,35.98,,0,
VEH-0175,39,Final Assembly,FALSE,1850.57,1903.18,,57.4,,52.61,,0,
VEH-0175,40,Final Assembly,TRUE,1903.18,1953.48,50.3,47.6,,50.3,,0,
VEH-0176,1,Body,FALSE,0,49.64,,45,,49.64,,0,
VEH-0176,2,Body,FALSE,49.64,114.24,,68,,64.6,,0,
VEH-0176,3,Body,FALSE,114.24,175.73,,59.3,,61.49,,0,
VEH-0176,4,Body,TRUE,175.73,226.23,50.5,53.9,,50.5,,0,
VEH-0176,5,Body,TRUE,226.23,261.7,35.47,36.2,,35.47,PASS,0,
VEH-0176,6,Body,FALSE,261.7,296,,36.2,,34.3,,0,
VEH-0176,7,Body,FALSE,296,327.56,,32.3,,31.56,,0,
VEH-0176,8,Body,FALSE,327.56,403.44,,64.6,,75.88,,0,
VEH-0176,10,Body,TRUE,456.34,510.47,54.13,58.3,,54.13,,0,
VEH-0176,12,Body,TRUE,540.98,606.48,65.5,68.8,,65.5,,0,
VEH-0176,14,Body,TRUE,667.76,708.1,40.34,38.5,43.03,40.34,,0,
VEH-0176,16,Paint,FALSE,748.32,784.67,,37.3,,36.35,,0,
VEH-0176,17,Paint,TRUE,784.67,825.6,40.93,42.2,,40.93,,0,
VEH-0176,18,Paint,FALSE,825.6,874.33,,51,,48.73,,0,
VEH-0176,19,Paint,TRUE,874.33,921.76,47.43,47.3,47.97,47.43,,0,
VEH-0176,20,Paint,TRUE,921.76,960.16,38.4,41.6,,38.4,,0,
VEH-0176,21,Paint,TRUE,960.16,1009.04,48.88,54.5,,48.88,,0,
VEH-0176,22,Paint,TRUE,1009.04,1045.12,36.08,35.6,,36.08,PASS,0,
VEH-0176,23,Final Assembly,TRUE,1045.12,1088.01,42.89,41.7,,42.89,,0,
VEH-0176,24,Final Assembly,TRUE,1088.01,1132.83,44.82,44.7,,44.82,,0,
VEH-0176,25,Final Assembly,TRUE,1132.83,1182.47,49.64,48.2,,49.64,,0,
VEH-0176,27,Final Assembly,TRUE,1240.4,1276.6,36.2,38,45.19,36.2,,0,
VEH-0176,28,Final Assembly,FALSE,1276.6,1331.65,,50.6,,55.05,,0,
VEH-0176,29,Final Assembly,TRUE,1331.65,1386.86,55.21,53.7,45.91,55.21,,0,
VEH-0176,30,Final Assembly,TRUE,1386.86,1417.05,30.19,31.9,,30.19,,0,
VEH-0176,31,Final Assembly,TRUE,1417.05,1472.49,55.44,54.3,,55.44,,0,
VEH-0176,33,Final Assembly,TRUE,1507.11,1542.59,35.48,32.6,43.48,35.48,,0,
VEH-0176,34,Final Assembly,TRUE,1542.59,1607.88,65.29,68,,65.29,,0,
VEH-0176,35,Final Assembly,TRUE,1607.88,1671.43,63.55,68.6,,63.55,,0,
VEH-0176,36,Final Assembly,TRUE,1671.43,1734,62.57,62.3,45.07,62.57,,0,
VEH-0176,37,Final Assembly,TRUE,1734,1779.39,45.39,42.2,,45.39,,0,
VEH-0176,38,Final Assembly,TRUE,1779.39,1814.61,35.22,33.9,,35.22,,0,
VEH-0176,39,Final Assembly,FALSE,1814.61,1869.74,,57.4,,55.13,,0,
VEH-0176,40,Final Assembly,TRUE,1869.74,1919.42,49.68,47.6,,49.68,,0,
VEH-0177,1,Body,FALSE,0,42.23,,45,,42.23,,0,
VEH-0177,2,Body,FALSE,42.23,108.83,,68,,66.6,,0,
VEH-0177,3,Body,FALSE,108.83,173.49,,59.3,,64.66,,0,
VEH-0177,4,Body,TRUE,173.49,228.95,55.46,53.9,,55.46,,0,
VEH-0177,5,Body,TRUE,228.95,260.64,31.69,36.2,,31.69,PASS,0,
VEH-0177,6,Body,FALSE,260.64,299.04,,36.2,,38.4,,0,
VEH-0177,7,Body,FALSE,299.04,333.09,,32.3,,34.05,,0,
VEH-0177,8,Body,FALSE,333.09,408.5,,64.6,,75.41,,0,
VEH-0177,10,Body,TRUE,464.44,520.23,55.79,58.3,,55.79,,0,
VEH-0177,12,Body,TRUE,550.31,624.26,73.95,68.8,,73.95,,0,
VEH-0177,14,Body,TRUE,686.7,725.08,38.38,38.5,44.88,38.38,,0,
VEH-0177,16,Paint,FALSE,764.61,801.94,,37.3,,37.33,,0,
VEH-0177,17,Paint,TRUE,801.94,843.25,41.31,42.2,,41.31,,0,
VEH-0177,18,Paint,FALSE,843.25,896.91,,51,,53.66,,0,
VEH-0177,19,Paint,TRUE,896.91,944.5,47.59,47.3,43.87,47.59,,0,
VEH-0177,20,Paint,TRUE,944.5,988.5,44,41.6,,44,,0,
VEH-0177,21,Paint,TRUE,988.5,1043.53,55.03,54.5,,55.03,,0,
VEH-0177,22,Paint,TRUE,1043.53,1079.14,35.61,35.6,,35.61,PASS,0,
VEH-0177,23,Final Assembly,TRUE,1079.14,1121.21,42.07,41.7,,42.07,,0,
VEH-0177,24,Final Assembly,TRUE,1121.21,1163.51,42.3,44.7,,42.3,,0,
VEH-0177,25,Final Assembly,TRUE,1163.51,1210.44,46.93,48.2,,46.93,,0,
VEH-0177,27,Final Assembly,TRUE,1271.85,1309.48,37.63,38,46.91,37.63,,0,
VEH-0177,28,Final Assembly,FALSE,1309.48,1360.63,,50.6,,51.15,,0,
VEH-0177,29,Final Assembly,TRUE,1360.63,1416.63,56,53.7,45.01,56,,0,
VEH-0177,30,Final Assembly,TRUE,1416.63,1450.21,33.58,31.9,,33.58,,0,
VEH-0177,31,Final Assembly,TRUE,1450.21,1505.59,55.38,54.3,,55.38,,0,
VEH-0177,33,Final Assembly,TRUE,1542.41,1574.99,32.58,32.6,43.57,32.58,,0,
VEH-0177,34,Final Assembly,TRUE,1574.99,1644.71,69.72,68,,69.72,,0,
VEH-0177,35,Final Assembly,TRUE,1644.71,1713.17,68.46,68.6,,68.46,,0,
VEH-0177,36,Final Assembly,TRUE,1713.17,1773.9,60.73,62.3,46.66,60.73,,0,
VEH-0177,37,Final Assembly,TRUE,1773.9,1813.46,39.56,42.2,,39.56,,0,
VEH-0177,38,Final Assembly,TRUE,1813.46,1846.64,33.18,33.9,,33.18,,0,
VEH-0177,39,Final Assembly,FALSE,1846.64,1906.99,,57.4,,60.35,,0,
VEH-0177,40,Final Assembly,TRUE,1906.99,1955.34,48.35,47.6,,48.35,,0,
VEH-0178,1,Body,FALSE,0,44.89,,45,,44.89,,0,
VEH-0178,2,Body,FALSE,44.89,116.48,,68,,71.59,,0,
VEH-0178,3,Body,FALSE,116.48,178.57,,59.3,,62.09,,0,
VEH-0178,4,Body,TRUE,178.57,229.29,50.72,53.9,,50.72,,0,
VEH-0178,5,Body,TRUE,229.29,267.75,38.46,36.2,,38.46,PASS,0,
VEH-0178,6,Body,FALSE,267.75,304.48,,36.2,,36.73,,0,
VEH-0178,7,Body,FALSE,304.48,334.84,,32.3,,30.36,,0,
VEH-0178,8,Body,FALSE,334.84,417.28,,64.6,,82.44,,0,
VEH-0178,10,Body,TRUE,470.94,523.57,52.63,58.3,,52.63,,0,
VEH-0178,11,Body,TRUE,523.57,553.28,29.71,30.8,,29.71,PASS,0,
VEH-0178,12,Body,TRUE,553.28,618.8,65.52,68.8,,65.52,,0,
VEH-0178,13,Body,TRUE,618.8,679.94,61.14,63.3,44.33,61.14,PASS,0,
VEH-0178,14,Body,TRUE,679.94,717.94,38,38.5,44.56,38,,0,
VEH-0178,15,Body,FALSE,717.94,755.06,,37.3,,37.12,PASS,0,
VEH-0178,16,Paint,FALSE,755.06,793.45,,37.3,,38.39,,0,
VEH-0178,17,Paint,TRUE,793.45,834.08,40.63,42.2,,40.63,,0,
VEH-0178,18,Paint,FALSE,834.08,888.09,,51,,54.01,,0,
VEH-0178,19,Paint,TRUE,888.09,932.5,44.41,47.3,45.92,44.41,,0,
VEH-0178,20,Paint,TRUE,932.5,977.52,45.02,41.6,,45.02,,0,
VEH-0178,21,Paint,TRUE,977.52,1031.54,54.02,54.5,,54.02,,0,
VEH-0178,22,Paint,TRUE,1031.54,1067.48,35.94,35.6,,35.94,PASS,0,
VEH-0178,23,Final Assembly,TRUE,1067.48,1107.16,39.68,41.7,,39.68,,0,
VEH-0178,24,Final Assembly,TRUE,1107.16,1150.71,43.55,44.7,,43.55,,0,
VEH-0178,25,Final Assembly,TRUE,1150.71,1202.69,51.98,48.2,,51.98,,0,
VEH-0178,27,Final Assembly,TRUE,1266.39,1305.19,38.8,38,42.09,38.8,,0,
VEH-0178,28,Final Assembly,FALSE,1305.19,1353.98,,50.6,,48.79,,0,
VEH-0178,29,Final Assembly,TRUE,1353.98,1412.36,58.38,53.7,45.62,58.38,,0,
VEH-0178,30,Final Assembly,TRUE,1412.36,1445.11,32.75,31.9,,32.75,,0,
VEH-0178,31,Final Assembly,TRUE,1445.11,1499.87,54.76,54.3,,54.76,,0,
VEH-0178,32,Final Assembly,TRUE,1499.87,1535.54,35.67,36.8,,35.67,PASS,0,
VEH-0178,33,Final Assembly,TRUE,1535.54,1568.68,33.14,32.6,42.7,33.14,,0,
VEH-0178,34,Final Assembly,TRUE,1568.68,1631.22,62.54,68,,62.54,,0,
VEH-0178,35,Final Assembly,TRUE,1631.22,1697.3,66.08,68.6,,66.08,,0,
VEH-0178,36,Final Assembly,TRUE,1697.3,1760.2,62.9,62.3,42.65,62.9,,0,
VEH-0178,37,Final Assembly,TRUE,1760.2,1802.67,42.47,42.2,,42.47,,0,
VEH-0178,38,Final Assembly,TRUE,1802.67,1834.88,32.21,33.9,,32.21,,0,
VEH-0178,39,Final Assembly,FALSE,1834.88,1889.81,,57.4,,54.93,,0,
VEH-0178,40,Final Assembly,TRUE,1889.81,1940.5,50.69,47.6,,50.69,,0,
VEH-0179,1,Body,FALSE,0,42.84,,45,,42.84,,0,
VEH-0179,2,Body,FALSE,42.84,110.84,,68,,68,,0,
VEH-0179,3,Body,FALSE,110.84,169.86,,59.3,,59.02,,0,
VEH-0179,4,Body,TRUE,169.86,219.95,50.09,53.9,,50.09,,0,
VEH-0179,5,Body,TRUE,219.95,256.45,36.5,36.2,,36.5,PASS,0,
VEH-0179,6,Body,FALSE,256.45,294.4,,36.2,,37.95,,0,
VEH-0179,7,Body,FALSE,294.4,324.88,,32.3,,30.48,,0,
VEH-0179,8,Body,FALSE,324.88,405.93,,64.6,,81.05,,0,
VEH-0179,9,Body,FALSE,405.93,455.72,,54,,49.79,PASS,0,
VEH-0179,10,Body,TRUE,455.72,520.2,64.48,58.3,,64.48,,0,
VEH-0179,12,Body,TRUE,550.37,619.67,69.3,68.8,,69.3,,0,
VEH-0179,14,Body,TRUE,676.97,715.91,38.94,38.5,44.87,38.94,,0,
VEH-0179,15,Body,FALSE,715.91,752.16,,37.3,,36.25,PASS,0,
VEH-0179,16,Paint,FALSE,752.16,787.7,,37.3,,35.54,,0,
VEH-0179,17,Paint,TRUE,787.7,832.29,44.59,42.2,,44.59,,0,
VEH-0179,18,Paint,FALSE,832.29,883.37,,51,,51.08,,0,
VEH-0179,19,Paint,TRUE,883.37,934.31,50.94,47.3,44.21,50.94,,0,
VEH-0179,20,Paint,TRUE,934.31,975.01,40.7,41.6,,40.7,,0,
VEH-0179,21,Paint,TRUE,975.01,1031.74,56.73,54.5,,56.73,,0,
VEH-0179,22,Paint,TRUE,1031.74,1064.45,32.71,35.6,,32.71,PASS,0,
VEH-0179,23,Final Assembly,TRUE,1064.45,1103.61,39.16,41.7,,39.16,,0,
VEH-0179,24,Final Assembly,TRUE,1103.61,1150.77,47.16,44.7,,47.16,,0,
VEH-0179,25,Final Assembly,TRUE,1150.77,1196.15,45.38,48.2,,45.38,,0,
VEH-0179,27,Final Assembly,TRUE,1251.97,1293.52,41.55,38,42.91,41.55,,0,
VEH-0179,28,Final Assembly,FALSE,1293.52,1344.59,,50.6,,51.07,,0,
VEH-0179,29,Final Assembly,TRUE,1344.59,1398.48,53.89,53.7,40.78,53.89,,0,
VEH-0179,30,Final Assembly,TRUE,1398.48,1429.95,31.47,31.9,,31.47,,0,
VEH-0179,31,Final Assembly,TRUE,1429.95,1485.47,55.52,54.3,,55.52,,0,
VEH-0179,32,Final Assembly,TRUE,1485.47,1522.92,37.45,36.8,,37.45,PASS,0,
VEH-0179,33,Final Assembly,TRUE,1522.92,1556.99,34.07,32.6,44.42,34.07,,0,
VEH-0179,34,Final Assembly,TRUE,1556.99,1627.41,70.42,68,,70.42,,0,
VEH-0179,35,Final Assembly,TRUE,1627.41,1693.65,66.24,68.6,,66.24,,0,
VEH-0179,36,Final Assembly,TRUE,1693.65,1751.55,57.9,62.3,43.05,57.9,,0,
VEH-0179,37,Final Assembly,TRUE,1751.55,1790.66,39.11,42.2,,39.11,,0,
VEH-0179,38,Final Assembly,TRUE,1790.66,1826.28,35.62,33.9,,35.62,,0,
VEH-0179,39,Final Assembly,FALSE,1826.28,1879.33,,57.4,,53.05,,0,
VEH-0179,40,Final Assembly,TRUE,1879.33,1927.58,48.25,47.6,,48.25,,0,
VEH-0180,1,Body,FALSE,0,44.4,,45,,44.4,,0,
VEH-0180,2,Body,FALSE,44.4,106.84,,68,,62.44,,0,
VEH-0180,3,Body,FALSE,106.84,160,,59.3,,53.16,,0,
VEH-0180,4,Body,TRUE,160,216.3,56.3,53.9,,56.3,,0,
VEH-0180,5,Body,TRUE,216.3,249.63,33.33,36.2,,33.33,PASS,0,
VEH-0180,6,Body,FALSE,249.63,286.67,,36.2,,37.04,,0,
VEH-0180,7,Body,FALSE,286.67,317.11,,32.3,,30.44,,0,
VEH-0180,8,Body,FALSE,317.11,390.56,,64.6,,73.45,,0,
VEH-0180,9,Body,FALSE,390.56,442.62,,54,,52.06,PASS,0,
VEH-0180,10,Body,TRUE,442.62,501.49,58.87,58.3,,58.87,,0,
VEH-0180,12,Body,TRUE,530.31,596.99,66.68,68.8,,66.68,,0,
VEH-0180,13,Body,TRUE,596.99,660.21,63.22,63.3,43.18,63.22,PASS,0,
VEH-0180,14,Body,TRUE,660.21,701.47,41.26,38.5,42.42,41.26,,0,
VEH-0180,16,Paint,FALSE,738.36,778.03,,37.3,,39.67,,0,
VEH-0180,17,Paint,TRUE,778.03,817.44,39.41,42.2,,39.41,,0,
VEH-0180,18,Paint,FALSE,817.44,868.16,,51,,50.72,,0,
VEH-0180,19,Paint,TRUE,868.16,915.77,47.61,47.3,43.79,47.61,,0,
VEH-0180,20,Paint,TRUE,915.77,957.21,41.44,41.6,,41.44,,0,
VEH-0180,21,Paint,TRUE,957.21,1013.24,56.03,54.5,,56.03,,0,
VEH-0180,22,Paint,TRUE,1013.24,1048.01,34.77,35.6,,34.77,PASS,0,
VEH-0180,23,Final Assembly,TRUE,1048.01,1091.31,43.3,41.7,,43.3,,0,
VEH-0180,24,Final Assembly,TRUE,1091.31,1136.89,45.58,44.7,,45.58,,0,
VEH-0180,25,Final Assembly,TRUE,1136.89,1183.69,46.8,48.2,,46.8,,0,
VEH-0180,27,Final Assembly,TRUE,1248.55,1285.14,36.59,38,46.28,36.59,,0,
VEH-0180,28,Final Assembly,FALSE,1285.14,1333.91,,50.6,,48.77,,0,
VEH-0180,29,Final Assembly,TRUE,1333.91,1386.76,52.85,53.7,44.76,52.85,,0,
VEH-0180,30,Final Assembly,TRUE,1386.76,1419.2,32.44,31.9,,32.44,,0,
VEH-0180,31,Final Assembly,TRUE,1419.2,1466.96,47.76,54.3,,47.76,,0,
VEH-0180,33,Final Assembly,TRUE,1504.6,1537.03,32.43,32.6,45.43,32.43,,0,
VEH-0180,34,Final Assembly,TRUE,1537.03,1606.74,69.71,68,,69.71,,0,
VEH-0180,35,Final Assembly,TRUE,1606.74,1676.69,69.95,68.6,,69.95,,0,
VEH-0180,36,Final Assembly,TRUE,1676.69,1732.73,56.04,62.3,43.41,56.04,,0,
VEH-0180,37,Final Assembly,TRUE,1732.73,1775.63,42.9,42.2,,42.9,,0,
VEH-0180,38,Final Assembly,TRUE,1775.63,1809.87,34.24,33.9,,34.24,,0,
VEH-0180,39,Final Assembly,FALSE,1809.87,1865,,57.4,,55.13,,0,
VEH-0180,40,Final Assembly,TRUE,1865,1914.36,49.36,47.6,,49.36,,0,
VEH-0181,1,Body,FALSE,0,47.92,,45,,47.92,,0,
VEH-0181,2,Body,FALSE,47.92,113.49,,68,,65.57,,0,
VEH-0181,3,Body,FALSE,113.49,175.55,,59.3,,62.06,,0,
VEH-0181,4,Body,TRUE,175.55,234.34,58.79,53.9,,58.79,,0,
VEH-0181,5,Body,TRUE,234.34,272.74,38.4,36.2,,38.4,PASS,0,
VEH-0181,6,Body,FALSE,272.74,309.13,,36.2,,36.39,,0,
VEH-0181,7,Body,FALSE,309.13,340.9,,32.3,,31.77,,0,
VEH-0181,8,Body,FALSE,340.9,413.28,,64.6,,72.38,,0,
VEH-0181,10,Body,TRUE,468.12,523.16,55.04,58.3,,55.04,,0,
VEH-0181,11,Body,TRUE,523.16,552.74,29.58,30.8,,29.58,PASS,0,
VEH-0181,12,Body,TRUE,552.74,617.44,64.7,68.8,,64.7,,0,
VEH-0181,13,Body,TRUE,617.44,679.28,61.84,63.3,44.96,61.84,PASS,0,
VEH-0181,14,Body,TRUE,679.28,718.31,39.03,38.5,44.1,39.03,,0,
VEH-0181,15,Body,FALSE,718.31,757.6,,37.3,,39.29,PASS,0,
VEH-0181,16,Paint,FALSE,757.6,794.51,,37.3,,36.91,,0,
VEH-0181,17,Paint,TRUE,794.51,835.05,40.54,42.2,,40.54,,0,
VEH-0181,18,Paint,FALSE,835.05,886.63,,51,,51.58,,0,
VEH-0181,19,Paint,TRUE,886.63,938.56,51.93,47.3,45.5,51.93,,0,
VEH-0181,20,Paint,TRUE,938.56,979.41,40.85,41.6,,40.85,,0,
VEH-0181,21,Paint,TRUE,979.41,1029.74,50.33,54.5,,50.33,,0,
VEH-0181,22,Paint,TRUE,1029.74,1064.95,35.21,35.6,,35.21,PASS,0,
VEH-0181,23,Final Assembly,TRUE,1064.95,1107.14,42.19,41.7,,42.19,,0,
VEH-0181,24,Final Assembly,TRUE,1107.14,1150.97,43.83,44.7,,43.83,,0,
VEH-0181,25,Final Assembly,TRUE,1150.97,1195.16,44.19,48.2,,44.19,,0,
VEH-0181,27,Final Assembly,TRUE,1253.95,1294.71,40.76,38,47.15,40.76,,0,
VEH-0181,28,Final Assembly,FALSE,1294.71,1343.07,,50.6,,48.36,,0,
VEH-0181,29,Final Assembly,TRUE,1343.07,1398.58,55.51,53.7,43.23,55.51,,0,
VEH-0181,30,Final Assembly,TRUE,1398.58,1432.71,34.13,31.9,,34.13,,0,
VEH-0181,31,Final Assembly,TRUE,1432.71,1487.67,54.96,54.3,,54.96,,0,
VEH-0181,33,Final Assembly,TRUE,1526.22,1556.02,29.8,32.6,46.02,29.8,,0,
VEH-0181,34,Final Assembly,TRUE,1556.02,1623.99,67.97,68,,67.97,,0,
VEH-0181,35,Final Assembly,TRUE,1623.99,1695.51,71.52,68.6,,71.52,,0,
VEH-0181,36,Final Assembly,TRUE,1695.51,1760.66,65.15,62.3,45.1,65.15,,0,
VEH-0181,37,Final Assembly,TRUE,1760.66,1801.59,40.93,42.2,,40.93,,0,
VEH-0181,38,Final Assembly,TRUE,1801.59,1836.82,35.23,33.9,,35.23,,0,
VEH-0181,39,Final Assembly,FALSE,1836.82,1894.05,,57.4,,57.23,,0,
VEH-0181,40,Final Assembly,TRUE,1894.05,1939.57,45.52,47.6,,45.52,,0,
VEH-0182,1,Body,FALSE,0,42.93,,45,,42.93,,0,
VEH-0182,2,Body,FALSE,42.93,108.58,,68,,65.65,,0,
VEH-0182,3,Body,FALSE,108.58,163.83,,59.3,,55.25,,0,
VEH-0182,4,Body,TRUE,163.83,219.05,55.22,53.9,,55.22,,0,
VEH-0182,6,Body,FALSE,256.04,291.7,,36.2,,35.66,,0,
VEH-0182,7,Body,FALSE,291.7,320.94,,32.3,,29.24,,0,
VEH-0182,8,Body,FALSE,320.94,397.68,,64.6,,76.74,,0,
VEH-0182,10,Body,TRUE,452.57,513.24,60.67,58.3,,60.67,,0,
VEH-0182,12,Body,TRUE,546.74,619.39,72.65,68.8,,72.65,,0,
VEH-0182,14,Body,TRUE,683.21,720.28,37.07,38.5,47.03,37.07,,0,
VEH-0182,15,Body,FALSE,720.28,757.89,,37.3,,37.61,PASS,0,
VEH-0182,16,Paint,FALSE,757.89,796.36,,37.3,,38.47,,0,
VEH-0182,17,Paint,TRUE,796.36,837.31,40.95,42.2,,40.95,,0,
VEH-0182,18,Paint,FALSE,837.31,885.15,,51,,47.84,,0,
VEH-0182,19,Paint,TRUE,885.15,931.51,46.36,47.3,44.55,46.36,,0,
VEH-0182,20,Paint,TRUE,931.51,973.51,42,41.6,,42,,0,
VEH-0182,21,Paint,TRUE,973.51,1026,52.49,54.5,,52.49,,0,
VEH-0182,23,Final Assembly,TRUE,1061.64,1105.8,44.16,41.7,,44.16,,0,
VEH-0182,24,Final Assembly,TRUE,1105.8,1146.75,40.95,44.7,,40.95,,0,
VEH-0182,25,Final Assembly,TRUE,1146.75,1189.85,43.1,48.2,,43.1,,0,
VEH-0182,27,Final Assembly,TRUE,1255.07,1290.29,35.22,38,44.43,35.22,,0,
VEH-0182,28,Final Assembly,FALSE,1290.29,1342.43,,50.6,,52.14,,0,
VEH-0182,29,Final Assembly,TRUE,1342.43,1395.97,53.54,53.7,44.89,53.54,,0,
VEH-0182,30,Final Assembly,TRUE,1395.97,1427.99,32.02,31.9,,32.02,,0,
VEH-0182,31,Final Assembly,TRUE,1427.99,1489.12,61.13,54.3,,61.13,,0,
VEH-0182,32,Final Assembly,TRUE,1489.12,1529.2,40.08,36.8,,40.08,PASS,0,
VEH-0182,33,Final Assembly,TRUE,1529.2,1560.67,31.47,32.6,46.58,31.47,,0,
VEH-0182,34,Final Assembly,TRUE,1560.67,1630.39,69.72,68,,69.72,,0,
VEH-0182,35,Final Assembly,TRUE,1630.39,1698.92,68.53,68.6,,68.53,,0,
VEH-0182,36,Final Assembly,TRUE,1698.92,1758.39,59.47,62.3,45.68,59.47,,0,
VEH-0182,37,Final Assembly,TRUE,1758.39,1799.94,41.55,42.2,,41.55,,0,
VEH-0182,38,Final Assembly,TRUE,1799.94,1833.19,33.25,33.9,,33.25,,0,
VEH-0182,39,Final Assembly,FALSE,1833.19,1888.39,,57.4,,55.2,,0,
VEH-0182,40,Final Assembly,TRUE,1888.39,1938.37,49.98,47.6,,49.98,,0,
VEH-0183,1,Body,FALSE,0,43.83,,45,,43.83,,0,
VEH-0183,2,Body,FALSE,43.83,110,,68,,66.17,,0,
VEH-0183,3,Body,FALSE,110,166.39,,59.3,,56.39,,0,
VEH-0183,4,Body,TRUE,166.39,211.56,45.17,53.9,,45.17,,0,
VEH-0183,5,Body,TRUE,211.56,250.49,38.93,36.2,,38.93,PASS,0,
VEH-0183,6,Body,FALSE,250.49,284.88,,36.2,,34.39,,0,
VEH-0183,7,Body,FALSE,284.88,316.52,,32.3,,31.64,,0,
VEH-0183,8,Body,FALSE,316.52,389.51,,64.6,,72.99,,0,
VEH-0183,10,Body,TRUE,446.13,504.85,58.72,58.3,,58.72,,0,
VEH-0183,11,Body,TRUE,504.85,534.38,29.53,30.8,,29.53,PASS,0,
VEH-0183,12,Body,TRUE,534.38,601.83,67.45,68.8,,67.45,,0,
VEH-0183,13,Body,TRUE,601.83,670.45,68.62,63.3,44.89,68.62,PASS,0,
VEH-0183,14,Body,TRUE,670.45,708.6,38.15,38.5,43.59,38.15,,0,
VEH-0183,16,Paint,FALSE,742.38,779.38,,37.3,,37,,0,
VEH-0183,17,Paint,TRUE,779.38,822.27,42.89,42.2,,42.89,,0,
VEH-0183,18,Paint,FALSE,822.27,876.07,,51,,53.8,,0,
VEH-0183,19,Paint,TRUE,876.07,918.06,41.99,47.3,43.31,41.99,,0,
VEH-0183,20,Paint,TRUE,918.06,958.45,40.39,41.6,,40.39,,0,
VEH-0183,21,Paint,TRUE,958.45,1012.94,54.49,54.5,,54.49,,0,
VEH-0183,23,Final Assembly,TRUE,1048.28,1089.73,41.45,41.7,,41.45,,0,
VEH-0183,24,Final Assembly,TRUE,1089.73,1135.34,45.61,44.7,,45.61,,0,
VEH-0183,25,Final Assembly,TRUE,1135.34,1181.36,46.02,48.2,,46.02,,0,
VEH-0183,26,Final Assembly,TRUE,1181.36,1245.63,64.27,61.4,,64.27,PASS,0,
VEH-0183,27,Final Assembly,TRUE,1245.63,1284.45,38.82,38,44.52,38.82,,0,
VEH-0183,28,Final Assembly,FALSE,1284.45,1339.1,,50.6,,54.65,,0,
VEH-0183,29,Final Assembly,TRUE,1339.1,1396.99,57.89,53.7,46.4,57.89,,0,
VEH-0183,30,Final Assembly,TRUE,1396.99,1424.09,27.1,31.9,,27.1,,0,
VEH-0183,31,Final Assembly,TRUE,1424.09,1482.67,58.58,54.3,,58.58,,0,
VEH-0183,33,Final Assembly,TRUE,1520.93,1556.8,35.87,32.6,46.86,35.87,,0,
VEH-0183,34,Final Assembly,TRUE,1556.8,1630.17,73.37,68,,73.37,,0,
VEH-0183,35,Final Assembly,TRUE,1630.17,1701.78,71.61,68.6,,71.61,,0,
VEH-0183,36,Final Assembly,TRUE,1701.78,1768.29,66.51,62.3,47.99,66.51,,0,
VEH-0183,37,Final Assembly,TRUE,1768.29,1810.95,42.66,42.2,,42.66,,0,
VEH-0183,38,Final Assembly,TRUE,1810.95,1842.18,31.23,33.9,,31.23,,0,
VEH-0183,39,Final Assembly,FALSE,1842.18,1898.7,,57.4,,56.52,,0,
VEH-0183,40,Final Assembly,TRUE,1898.7,1947.23,48.53,47.6,,48.53,,0,
VEH-0184,1,Body,FALSE,0,45.17,,45,,45.17,,0,
VEH-0184,2,Body,FALSE,45.17,106.2,,68,,61.03,,0,
VEH-0184,3,Body,FALSE,106.2,168.3,,59.3,,62.1,,0,
VEH-0184,4,Body,TRUE,168.3,221.88,53.58,53.9,,53.58,,0,
VEH-0184,5,Body,TRUE,221.88,259.86,37.98,36.2,,37.98,PASS,0,
VEH-0184,6,Body,FALSE,259.86,296.76,,36.2,,36.9,,0,
VEH-0184,7,Body,FALSE,296.76,328.8,,32.3,,32.04,,0,
VEH-0184,8,Body,FALSE,328.8,407.32,,64.6,,78.52,,0,
VEH-0184,9,Body,FALSE,407.32,461.86,,54,,54.54,PASS,0,
VEH-0184,10,Body,TRUE,461.86,524.47,62.61,58.3,,62.61,,0,
VEH-0184,11,Body,TRUE,524.47,555.37,30.9,30.8,,30.9,PASS,0,
VEH-0184,12,Body,TRUE,555.37,625.16,69.79,68.8,,69.79,,0,
VEH-0184,14,Body,TRUE,684.46,725.77,41.31,38.5,45.64,41.31,,0,
VEH-0184,15,Body,FALSE,725.77,761.06,,37.3,,35.29,PASS,0,
VEH-0184,16,Paint,FALSE,761.06,796.55,,37.3,,35.49,,0,
VEH-0184,17,Paint,TRUE,796.55,837.19,40.64,42.2,,40.64,,0,
VEH-0184,18,Paint,FALSE,837.19,890.74,,51,,53.55,,0,
VEH-0184,19,Paint,TRUE,890.74,940.11,49.37,47.3,39.82,49.37,,0,
VEH-0184,20,Paint,TRUE,940.11,981.54,41.43,41.6,,41.43,,0,
VEH-0184,21,Paint,TRUE,981.54,1036.44,54.9,54.5,,54.9,,0,
VEH-0184,23,Final Assembly,TRUE,1070.33,1111.21,40.88,41.7,,40.88,,0,
VEH-0184,24,Final Assembly,TRUE,1111.21,1158.89,47.68,44.7,,47.68,,0,
VEH-0184,25,Final Assembly,TRUE,1158.89,1208.08,49.19,48.2,,49.19,,0,
VEH-0184,26,Final Assembly,TRUE,1208.08,1267.95,59.87,61.4,,59.87,PASS,0,
VEH-0184,27,Final Assembly,TRUE,1267.95,1305.59,37.64,38,44.66,37.64,,0,
VEH-0184,28,Final Assembly,FALSE,1305.59,1356.9,,50.6,,51.31,,0,
VEH-0184,29,Final Assembly,TRUE,1356.9,1406.75,49.85,53.7,44,49.85,,0,
VEH-0184,30,Final Assembly,TRUE,1406.75,1440.3,33.55,31.9,,33.55,,0,
VEH-0184,31,Final Assembly,TRUE,1440.3,1494.4,54.1,54.3,,54.1,,0,
VEH-0184,33,Final Assembly,TRUE,1529.64,1560.92,31.28,32.6,46.08,31.28,,0,
VEH-0184,34,Final Assembly,TRUE,1560.92,1627.16,66.24,68,,66.24,,0,
VEH-0184,35,Final Assembly,TRUE,1627.16,1697.51,70.35,68.6,,70.35,,0,
VEH-0184,36,Final Assembly,TRUE,1697.51,1757.85,60.34,62.3,43.31,60.34,,0,
VEH-0184,37,Final Assembly,TRUE,1757.85,1800.57,42.72,42.2,,42.72,,0,
VEH-0184,38,Final Assembly,TRUE,1800.57,1834.3,33.73,33.9,,33.73,,0,
VEH-0184,39,Final Assembly,FALSE,1834.3,1893.67,,57.4,,59.37,,0,
VEH-0184,40,Final Assembly,TRUE,1893.67,1943.37,49.7,47.6,,49.7,,0,
VEH-0185,1,Body,FALSE,0,44.54,,45,,44.54,,0,
VEH-0185,2,Body,FALSE,44.54,111.23,,68,,66.69,,0,
VEH-0185,3,Body,FALSE,111.23,168.12,,59.3,,56.89,,0,
VEH-0185,4,Body,TRUE,168.12,219.94,51.82,53.9,,51.82,,0,
VEH-0185,5,Body,TRUE,219.94,256.72,36.78,36.2,,36.78,PASS,0,
VEH-0185,6,Body,FALSE,256.72,290.54,,36.2,,33.82,,0,
VEH-0185,7,Body,FALSE,290.54,324.44,,32.3,,33.9,,0,
VEH-0185,8,Body,FALSE,324.44,400.78,,64.6,,76.34,,0,
VEH-0185,10,Body,TRUE,454.38,508.78,54.4,58.3,,54.4,,0,
VEH-0185,11,Body,TRUE,508.78,539.56,30.78,30.8,,30.78,PASS,0,
VEH-0185,12,Body,TRUE,539.56,607.23,67.67,68.8,,67.67,,0,
VEH-0185,14,Body,TRUE,670.37,709.21,38.84,38.5,43.81,38.84,,0,
VEH-0185,15,Body,FALSE,709.21,745.19,,37.3,,35.98,PASS,0,
VEH-0185,16,Paint,FALSE,745.19,783.6,,37.3,,38.41,,0,
VEH-0185,17,Paint,TRUE,783.6,828.54,44.94,42.2,,44.94,,0,
VEH-0185,18,Paint,FALSE,828.54,880.26,,51,,51.72,,0,
VEH-0185,19,Paint,TRUE,880.26,929.19,48.93,47.3,45.91,48.93,,0,
VEH-0185,20,Paint,TRUE,929.19,973.74,44.55,41.6,,44.55,,0,
VEH-0185,21,Paint,TRUE,973.74,1022.92,49.18,54.5,,49.18,,0,
VEH-0185,23,Final Assembly,TRUE,1059.71,1103.47,43.76,41.7,,43.76,,0,
VEH-0185,24,Final Assembly,TRUE,1103.47,1145.17,41.7,44.7,,41.7,,0,
VEH-0185,25,Final Assembly,TRUE,1145.17,1191.24,46.07,48.2,,46.07,,0,
VEH-0185,26,Final Assembly,TRUE,1191.24,1250.03,58.79,61.4,,58.79,PASS,0,
VEH-0185,27,Final Assembly,TRUE,1250.03,1286.65,36.62,38,44.28,36.62,,0,
VEH-0185,28,Final Assembly,FALSE,1286.65,1337.86,,50.6,,51.21,,0,
VEH-0185,29,Final Assembly,TRUE,1337.86,1393.89,56.03,53.7,46.62,56.03,,0,
VEH-0185,30,Final Assembly,TRUE,1393.89,1424.46,30.57,31.9,,30.57,,0,
VEH-0185,31,Final Assembly,TRUE,1424.46,1476.47,52.01,54.3,,52.01,,0,
VEH-0185,32,Final Assembly,TRUE,1476.47,1515.69,39.22,36.8,,39.22,PASS,0,
VEH-0185,33,Final Assembly,TRUE,1515.69,1549.34,33.65,32.6,45.12,33.65,,0,
VEH-0185,34,Final Assembly,TRUE,1549.34,1618.95,69.61,68,,69.61,,0,
VEH-0185,35,Final Assembly,TRUE,1618.95,1687.45,68.5,68.6,,68.5,,0,
VEH-0185,36,Final Assembly,TRUE,1687.45,1751.39,63.94,62.3,44.5,63.94,,0,
VEH-0185,37,Final Assembly,TRUE,1751.39,1794.16,42.77,42.2,,42.77,,0,
VEH-0185,38,Final Assembly,TRUE,1794.16,1825.49,31.33,33.9,,31.33,,0,
VEH-0185,39,Final Assembly,FALSE,1825.49,1880.92,,57.4,,55.43,,0,
VEH-0185,40,Final Assembly,TRUE,1880.92,1926.91,45.99,47.6,,45.99,,0,
VEH-0186,1,Body,FALSE,0,44.16,,45,,44.16,,0,
VEH-0186,2,Body,FALSE,44.16,111.96,,68,,67.8,,0,
VEH-0186,3,Body,FALSE,111.96,166.46,,59.3,,54.5,,0,
VEH-0186,4,Body,TRUE,166.46,213.93,47.47,53.9,,47.47,,0,
VEH-0186,5,Body,TRUE,213.93,248.8,34.87,36.2,,34.87,PASS,0,
VEH-0186,6,Body,FALSE,248.8,285.75,,36.2,,36.95,,0,
VEH-0186,7,Body,FALSE,285.75,316.77,,32.3,,31.02,,0,
VEH-0186,8,Body,FALSE,316.77,396.3,,64.6,,79.53,,0,
VEH-0186,10,Body,TRUE,450.59,508.48,57.89,58.3,,57.89,,0,
VEH-0186,12,Body,TRUE,541.23,607.98,66.75,68.8,,66.75,,0,
VEH-0186,13,Body,TRUE,607.98,672.49,64.51,63.3,42.3,64.51,PASS,0,
VEH-0186,14,Body,TRUE,672.49,711.18,38.69,38.5,44.61,38.69,,0,
VEH-0186,16,Paint,FALSE,746.28,784.32,,37.3,,38.04,,0,
VEH-0186,17,Paint,TRUE,784.32,824.96,40.64,42.2,,40.64,,0,
VEH-0186,18,Paint,FALSE,824.96,880.38,,51,,55.42,,0,
VEH-0186,19,Paint,TRUE,880.38,921.94,41.56,47.3,45.37,41.56,,0,
VEH-0186,20,Paint,TRUE,921.94,963.63,41.69,41.6,,41.69,,0,
VEH-0186,21,Paint,TRUE,963.63,1017.36,53.73,54.5,,53.73,,0,
VEH-0186,22,Paint,TRUE,1017.36,1052.02,34.66,35.6,,34.66,PASS,0,
VEH-0186,23,Final Assembly,TRUE,1052.02,1093.86,41.84,41.7,,41.84,,0,
VEH-0186,24,Final Assembly,TRUE,1093.86,1140.94,47.08,44.7,,47.08,,0,
VEH-0186,25,Final Assembly,TRUE,1140.94,1185.11,44.17,48.2,,44.17,,0,
VEH-0186,26,Final Assembly,TRUE,1185.11,1244.04,58.93,61.4,,58.93,PASS,0,
VEH-0186,27,Final Assembly,TRUE,1244.04,1280.04,36,38,43.35,36,,0,
VEH-0186,28,Final Assembly,FALSE,1280.04,1331.51,,50.6,,51.47,,0,
VEH-0186,29,Final Assembly,TRUE,1331.51,1386.8,55.29,53.7,46.6,55.29,,0,
VEH-0186,30,Final Assembly,TRUE,1386.8,1419.66,32.86,31.9,,32.86,,0,
VEH-0186,31,Final Assembly,TRUE,1419.66,1475.82,56.16,54.3,,56.16,,0,
VEH-0186,32,Final Assembly,TRUE,1475.82,1510.02,34.2,36.8,,34.2,PASS,0,
VEH-0186,33,Final Assembly,TRUE,1510.02,1545.04,35.02,32.6,44.69,35.02,,0,
VEH-0186,34,Final Assembly,TRUE,1545.04,1616.55,71.51,68,,71.51,,0,
VEH-0186,35,Final Assembly,TRUE,1616.55,1680.43,63.88,68.6,,63.88,,0,
VEH-0186,36,Final Assembly,TRUE,1680.43,1741.98,61.55,62.3,46.41,61.55,,0,
VEH-0186,37,Final Assembly,TRUE,1741.98,1784.24,42.26,42.2,,42.26,,0,
VEH-0186,38,Final Assembly,TRUE,1784.24,1816.86,32.62,33.9,,32.62,,0,
VEH-0186,39,Final Assembly,FALSE,1816.86,1878.02,,57.4,,61.16,,0,
VEH-0186,40,Final Assembly,TRUE,1878.02,1922.83,44.81,47.6,,44.81,,0,
VEH-0187,1,Body,FALSE,0,49.12,,45,,49.12,,0,
VEH-0187,2,Body,FALSE,49.12,118.8,,68,,69.68,,0,
VEH-0187,3,Body,FALSE,118.8,175.23,,59.3,,56.43,,0,
VEH-0187,4,Body,TRUE,175.23,229.8,54.57,53.9,,54.57,,0,
VEH-0187,5,Body,TRUE,229.8,267.36,37.56,36.2,,37.56,PASS,0,
VEH-0187,6,Body,FALSE,267.36,302.5,,36.2,,35.14,,0,
VEH-0187,7,Body,FALSE,302.5,336.55,,32.3,,34.05,,0,
VEH-0187,8,Body,FALSE,336.55,416.22,,64.6,,79.67,,0,
VEH-0187,9,Body,FALSE,416.22,463.9,,54,,47.68,PASS,0,
VEH-0187,10,Body,TRUE,463.9,523.08,59.18,58.3,,59.18,,0,
VEH-0187,11,Body,TRUE,523.08,553.25,30.17,30.8,,30.17,PASS,0,
VEH-0187,12,Body,TRUE,553.25,623.9,70.65,68.8,,70.65,,0,
VEH-0187,13,Body,TRUE,623.9,690.19,66.29,63.3,45.29,66.29,PASS,0,
VEH-0187,14,Body,TRUE,690.19,731.9,41.71,38.5,44.73,41.71,,0,
VEH-0187,15,Body,FALSE,731.9,770.36,,37.3,,38.46,PASS,0,
VEH-0187,16,Paint,FALSE,770.36,809.16,,37.3,,38.8,,0,
VEH-0187,17,Paint,TRUE,809.16,851.15,41.99,42.2,,41.99,,0,
VEH-0187,18,Paint,FALSE,851.15,904.14,,51,,52.99,,0,
VEH-0187,19,Paint,TRUE,904.14,950.04,45.9,47.3,44.37,45.9,,0,
VEH-0187,20,Paint,TRUE,950.04,988.91,38.87,41.6,,38.87,,0,
VEH-0187,21,Paint,TRUE,988.91,1044.07,55.16,54.5,,55.16,,0,
VEH-0187,23,Final Assembly,TRUE,1080.25,1124.41,44.16,41.7,,44.16,,0,
VEH-0187,24,Final Assembly,TRUE,1124.41,1170.88,46.47,44.7,,46.47,,0,
VEH-0187,25,Final Assembly,TRUE,1170.88,1218.39,47.51,48.2,,47.51,,0,
VEH-0187,26,Final Assembly,TRUE,1218.39,1276.17,57.78,61.4,,57.78,PASS,0,
VEH-0187,27,Final Assembly,TRUE,1276.17,1314.99,38.82,38,46.67,38.82,,0,
VEH-0187,28,Final Assembly,FALSE,1314.99,1367.5,,50.6,,52.51,,0,
VEH-0187,29,Final Assembly,TRUE,1367.5,1424.12,56.62,53.7,44.68,56.62,,0,
VEH-0187,30,Final Assembly,TRUE,1424.12,1455.28,31.16,31.9,,31.16,,0,
VEH-0187,31,Final Assembly,TRUE,1455.28,1507.58,52.3,54.3,,52.3,,0,
VEH-0187,32,Final Assembly,TRUE,1507.58,1544.28,36.7,36.8,,36.7,PASS,0,
VEH-0187,33,Final Assembly,TRUE,1544.28,1576.75,32.47,32.6,45.31,32.47,,0,
VEH-0187,34,Final Assembly,TRUE,1576.75,1644.31,67.56,68,,67.56,,0,
VEH-0187,35,Final Assembly,TRUE,1644.31,1712.45,68.14,68.6,,68.14,,0,
VEH-0187,36,Final Assembly,TRUE,1712.45,1772.33,59.88,62.3,46.41,59.88,,0,
VEH-0187,37,Final Assembly,TRUE,1772.33,1814.69,42.36,42.2,,42.36,,0,
VEH-0187,38,Final Assembly,TRUE,1814.69,1848.29,33.6,33.9,,33.6,,0,
VEH-0187,39,Final Assembly,FALSE,1848.29,1903.54,,57.4,,55.25,,0,
VEH-0187,40,Final Assembly,TRUE,1903.54,1947.97,44.43,47.6,,44.43,,0,
VEH-0188,1,Body,FALSE,0,47.94,,45,,47.94,,0,
VEH-0188,2,Body,FALSE,47.94,117.35,,68,,69.41,,0,
VEH-0188,3,Body,FALSE,117.35,172.9,,59.3,,55.55,,0,
VEH-0188,4,Body,TRUE,172.9,226.17,53.27,53.9,,53.27,,0,
VEH-0188,5,Body,TRUE,226.17,262.04,35.87,36.2,,35.87,PASS,0,
VEH-0188,6,Body,FALSE,262.04,297.36,,36.2,,35.32,,0,
VEH-0188,7,Body,FALSE,297.36,330.76,,32.3,,33.4,,0,
VEH-0188,8,Body,FALSE,330.76,407.34,,64.6,,76.58,,0,
VEH-0188,10,Body,TRUE,460.37,514.99,54.62,58.3,,54.62,,0,
VEH-0188,12,Body,TRUE,546.37,618.41,72.04,68.8,,72.04,,0,
VEH-0188,14,Body,TRUE,680.57,718.79,38.22,38.5,41.21,38.22,,0,
VEH-0188,16,Paint,FALSE,755.99,792.96,,37.3,,36.97,,0,
VEH-0188,17,Paint,TRUE,792.96,835.38,42.42,42.2,,42.42,,0,
VEH-0188,18,Paint,FALSE,835.38,887.03,,51,,51.65,,0,
VEH-0188,19,Paint,TRUE,887.03,932.72,45.69,47.3,47.21,45.69,,0,
VEH-0188,20,Paint,TRUE,932.72,974.18,41.46,41.6,,41.46,,0,
VEH-0188,21,Paint,TRUE,974.18,1028.13,53.95,54.5,,53.95,,0,
VEH-0188,23,Final Assembly,TRUE,1065.06,1106.8,41.74,41.7,,41.74,,0,
VEH-0188,24,Final Assembly,TRUE,1106.8,1157.25,50.45,44.7,,50.45,,0,
VEH-0188,25,Final Assembly,TRUE,1157.25,1204.94,47.69,48.2,,47.69,,0,
VEH-0188,27,Final Assembly,TRUE,1267.42,1304,36.58,38,46.31,36.58,,0,
VEH-0188,28,Final Assembly,FALSE,1304,1355.38,,50.6,,51.38,,0,
VEH-0188,29,Final Assembly,TRUE,1355.38,1408.17,52.79,53.7,43.69,52.79,,0,
VEH-0188,30,Final Assembly,TRUE,1408.17,1437.99,29.82,31.9,,29.82,,0,
VEH-0188,31,Final Assembly,TRUE,1437.99,1493.42,55.43,54.3,,55.43,,0,
VEH-0188,33,Final Assembly,TRUE,1527.67,1562.4,34.73,32.6,43.11,34.73,,0,
VEH-0188,34,Final Assembly,TRUE,1562.4,1629.79,67.39,68,,67.39,,0,
VEH-0188,35,Final Assembly,TRUE,1629.79,1695.37,65.58,68.6,,65.58,,0,
VEH-0188,36,Final Assembly,TRUE,1695.37,1757.77,62.4,62.3,45.04,62.4,,0,
VEH-0188,37,Final Assembly,TRUE,1757.77,1800.91,43.14,42.2,,43.14,,0,
VEH-0188,38,Final Assembly,TRUE,1800.91,1832.22,31.31,33.9,,31.31,,0,
VEH-0188,39,Final Assembly,FALSE,1832.22,1887.43,,57.4,,55.21,,0,
VEH-0188,40,Final Assembly,TRUE,1887.43,1937.34,49.91,47.6,,49.91,,0,
VEH-0189,1,Body,FALSE,0,47,,45,,47,,0,
VEH-0189,2,Body,FALSE,47,120.88,,68,,73.88,,0,
VEH-0189,3,Body,FALSE,120.88,181.78,,59.3,,60.9,,0,
VEH-0189,4,Body,TRUE,181.78,234.52,52.74,53.9,,52.74,,0,
VEH-0189,5,Body,TRUE,234.52,273.12,38.6,36.2,,38.6,PASS,0,
VEH-0189,6,Body,FALSE,273.12,309.26,,36.2,,36.14,,0,
VEH-0189,7,Body,FALSE,309.26,341.92,,32.3,,32.66,,0,
VEH-0189,8,Body,FALSE,341.92,420.59,,64.6,,78.67,,0,
VEH-0189,9,Body,FALSE,420.59,466.63,,54,,46.04,PASS,0,
VEH-0189,10,Body,TRUE,466.63,529.62,62.99,58.3,,62.99,,0,
VEH-0189,11,Body,TRUE,529.62,561.18,31.56,30.8,,31.56,PASS,0,
VEH-0189,12,Body,TRUE,561.18,631.11,69.93,68.8,,69.93,,0,
VEH-0189,13,Body,TRUE,631.11,694.21,63.1,63.3,45.25,63.1,PASS,0,
VEH-0189,14,Body,TRUE,694.21,731.56,37.35,38.5,45.92,37.35,,0,
VEH-0189,16,Paint,FALSE,766.43,804.08,,37.3,,37.65,,0,
VEH-0189,17,Paint,TRUE,804.08,847.46,43.38,42.2,,43.38,,0,
VEH-0189,18,Paint,FALSE,847.46,897.95,,51,,50.49,,0,
VEH-0189,19,Paint,TRUE,897.95,946.13,48.18,47.3,43.51,48.18,,0,
VEH-0189,20,Paint,TRUE,946.13,985.72,39.59,41.6,,39.59,,0,
VEH-0189,21,Paint,TRUE,985.72,1040.87,55.15,54.5,,55.15,,0,
VEH-0189,23,Final Assembly,TRUE,1077.68,1115.46,37.78,41.7,,37.78,,0,
VEH-0189,24,Final Assembly,TRUE,1115.46,1161.33,45.87,44.7,,45.87,,0,
VEH-0189,25,Final Assembly,TRUE,1161.33,1208.22,46.89,48.2,,46.89,,0,
VEH-0189,27,Final Assembly,TRUE,1269.03,1304.48,35.45,38,43.72,35.45,,0,
VEH-0189,28,Final Assembly,FALSE,1304.48,1357.52,,50.6,,53.04,,0,
VEH-0189,29,Final Assembly,TRUE,1357.52,1411.31,53.79,53.7,44.43,53.79,,0,
VEH-0189,30,Final Assembly,TRUE,1411.31,1443.02,31.71,31.9,,31.71,,0,
VEH-0189,31,Final Assembly,TRUE,1443.02,1498.65,55.63,54.3,,55.63,,0,
VEH-0189,32,Final Assembly,TRUE,1498.65,1536.26,37.61,36.8,,37.61,PASS,0,
VEH-0189,33,Final Assembly,TRUE,1536.26,1568.74,32.48,32.6,46.64,32.48,,0,
VEH-0189,34,Final Assembly,TRUE,1568.74,1640.04,71.3,68,,71.3,,0,
VEH-0189,35,Final Assembly,TRUE,1640.04,1710.06,70.02,68.6,,70.02,,0,
VEH-0189,36,Final Assembly,TRUE,1710.06,1772.53,62.47,62.3,45.99,62.47,,0,
VEH-0189,37,Final Assembly,TRUE,1772.53,1815.39,42.86,42.2,,42.86,,0,
VEH-0189,38,Final Assembly,TRUE,1815.39,1851.09,35.7,33.9,,35.7,,0,
VEH-0189,39,Final Assembly,FALSE,1851.09,1911.07,,57.4,,59.98,,0,
VEH-0189,40,Final Assembly,TRUE,1911.07,1956.25,45.18,47.6,,45.18,,0,
VEH-0190,1,Body,FALSE,0,42.56,,45,,42.56,,0,
VEH-0190,2,Body,FALSE,42.56,110.76,,68,,68.2,,0,
VEH-0190,3,Body,FALSE,110.76,169.55,,59.3,,58.79,,0,
VEH-0190,4,Body,TRUE,169.55,227.38,57.83,53.9,,57.83,,0,
VEH-0190,5,Body,TRUE,227.38,261.25,33.87,36.2,,33.87,PASS,0,
VEH-0190,6,Body,FALSE,261.25,299.94,,36.2,,38.69,,0,
VEH-0190,7,Body,FALSE,299.94,330.41,,32.3,,30.47,,0,
VEH-0190,8,Body,FALSE,330.41,412.19,,64.6,,81.78,,0,
VEH-0190,9,Body,FALSE,412.19,469.18,,54,,56.99,PASS,0,
VEH-0190,10,Body,TRUE,469.18,528.42,59.24,58.3,,59.24,,0,
VEH-0190,11,Body,TRUE,528.42,558,29.58,30.8,,29.58,PASS,0,
VEH-0190,12,Body,TRUE,558,621.56,63.56,68.8,,63.56,,0,
VEH-0190,13,Body,TRUE,621.56,678.67,57.11,63.3,47.78,57.11,PASS,0,
VEH-0190,14,Body,TRUE,678.67,716.6,37.93,38.5,43.34,37.93,,0,
VEH-0190,16,Paint,FALSE,751.77,789.38,,37.3,,37.61,,0,
VEH-0190,17,Paint,TRUE,789.38,830.75,41.37,42.2,,41.37,,0,
VEH-0190,18,Paint,FALSE,830.75,876.86,,51,,46.11,,0,
VEH-0190,19,Paint,TRUE,876.86,926.2,49.34,47.3,45.5,49.34,,0,
VEH-0190,20,Paint,TRUE,926.2,971.63,45.43,41.6,,45.43,,0,
VEH-0190,21,Paint,TRUE,971.63,1029.24,57.61,54.5,,57.61,,0,
VEH-0190,23,Final Assembly,TRUE,1059.33,1103.99,44.66,41.7,,44.66,,0,
VEH-0190,24,Final Assembly,TRUE,1103.99,1151.39,47.4,44.7,,47.4,,0,
VEH-0190,25,Final Assembly,TRUE,1151.39,1197.82,46.43,48.2,,46.43,,0,
VEH-0190,27,Final Assembly,TRUE,1257.89,1296.67,38.78,38,43.48,38.78,,0,
VEH-0190,28,Final Assembly,FALSE,1296.67,1346.66,,50.6,,49.99,,0,
VEH-0190,29,Final Assembly,TRUE,1346.66,1403.05,56.39,53.7,45.78,56.39,,0,
VEH-0190,30,Final Assembly,TRUE,1403.05,1433.89,30.84,31.9,,30.84,,0,
VEH-0190,31,Final Assembly,TRUE,1433.89,1490.96,57.07,54.3,,57.07,,0,
VEH-0190,33,Final Assembly,TRUE,1528.32,1561.36,33.04,32.6,44.23,33.04,,0,
VEH-0190,34,Final Assembly,TRUE,1561.36,1629.34,67.98,68,,67.98,,0,
VEH-0190,35,Final Assembly,TRUE,1629.34,1695.28,65.94,68.6,,65.94,,0,
VEH-0190,36,Final Assembly,TRUE,1695.28,1751.53,56.25,62.3,44.58,56.25,,0,
VEH-0190,37,Final Assembly,TRUE,1751.53,1793.47,41.94,42.2,,41.94,,0,
VEH-0190,38,Final Assembly,TRUE,1793.47,1827.6,34.13,33.9,,34.13,,0,
VEH-0190,39,Final Assembly,FALSE,1827.6,1888.48,,57.4,,60.88,,0,
VEH-0190,40,Final Assembly,TRUE,1888.48,1934.53,46.05,47.6,,46.05,,0,
VEH-0191,1,Body,FALSE,0,46.09,,45,,46.09,,0,
VEH-0191,2,Body,FALSE,46.09,113.95,,68,,67.86,,0,
VEH-0191,3,Body,FALSE,113.95,175.93,,59.3,,61.98,,0,
VEH-0191,4,Body,TRUE,175.93,225.91,49.98,53.9,,49.98,,0,
VEH-0191,5,Body,TRUE,225.91,260.91,35,36.2,,35,PASS,0,
VEH-0191,6,Body,FALSE,260.91,296.89,,36.2,,35.98,,0,
VEH-0191,7,Body,FALSE,296.89,331.39,,32.3,,34.5,,0,
VEH-0191,8,Body,FALSE,331.39,410.05,,64.6,,78.66,,0,
VEH-0191,10,Body,TRUE,465.27,521.85,56.58,58.3,,56.58,,0,
VEH-0191,12,Body,TRUE,553.4,627.97,74.57,68.8,,74.57,,0,
VEH-0191,14,Body,TRUE,694.43,734.23,39.8,38.5,45.87,39.8,,0,
VEH-0191,16,Paint,FALSE,772.47,811.84,,37.3,,39.37,,0,
VEH-0191,17,Paint,TRUE,811.84,856.37,44.53,42.2,,44.53,,0,
VEH-0191,18,Paint,FALSE,856.37,907.05,,51,,50.68,,0,
VEH-0191,19,Paint,TRUE,907.05,955.86,48.81,47.3,44.43,48.81,,0,
VEH-0191,20,Paint,TRUE,955.86,995.54,39.68,41.6,,39.68,,0,
VEH-0191,21,Paint,TRUE,995.54,1049.3,53.76,54.5,,53.76,,0,
VEH-0191,22,Paint,TRUE,1049.3,1084.76,35.46,35.6,,35.46,PASS,0,
VEH-0191,23,Final Assembly,TRUE,1084.76,1122.99,38.23,41.7,,38.23,,0,
VEH-0191,24,Final Assembly,TRUE,1122.99,1169.62,46.63,44.7,,46.63,,0,
VEH-0191,25,Final Assembly,TRUE,1169.62,1211.15,41.53,48.2,,41.53,,0,
VEH-0191,26,Final Assembly,TRUE,1211.15,1280.88,69.73,61.4,,69.73,PASS,0,
VEH-0191,27,Final Assembly,TRUE,1280.88,1321.73,40.85,38,44.61,40.85,,0,
VEH-0191,28,Final Assembly,FALSE,1321.73,1372.35,,50.6,,50.62,,0,
VEH-0191,29,Final Assembly,TRUE,1372.35,1426.86,54.51,53.7,44.12,54.51,,0,
VEH-0191,30,Final Assembly,TRUE,1426.86,1459.07,32.21,31.9,,32.21,,0,
VEH-0191,31,Final Assembly,TRUE,1459.07,1512.98,53.91,54.3,,53.91,,0,
VEH-0191,32,Final Assembly,TRUE,1512.98,1549.61,36.63,36.8,,36.63,PASS,0,
VEH-0191,33,Final Assembly,TRUE,1549.61,1582.51,32.9,32.6,43.03,32.9,,0,
VEH-0191,34,Final Assembly,TRUE,1582.51,1650.64,68.13,68,,68.13,,0,
VEH-0191,35,Final Assembly,TRUE,1650.64,1719.8,69.16,68.6,,69.16,,0,
VEH-0191,36,Final Assembly,TRUE,1719.8,1782.5,62.7,62.3,44.68,62.7,,0,
VEH-0191,37,Final Assembly,TRUE,1782.5,1827.1,44.6,42.2,,44.6,,0,
VEH-0191,38,Final Assembly,TRUE,1827.1,1860.4,33.3,33.9,,33.3,,0,
VEH-0191,39,Final Assembly,FALSE,1860.4,1918.45,,57.4,,58.05,,0,
VEH-0191,40,Final Assembly,TRUE,1918.45,1969.14,50.69,47.6,,50.69,,0,
VEH-0192,1,Body,FALSE,0,44.82,,45,,44.82,,0,
VEH-0192,2,Body,FALSE,44.82,112.82,,68,,68,,0,
VEH-0192,3,Body,FALSE,112.82,166.38,,59.3,,53.56,,0,
VEH-0192,4,Body,TRUE,166.38,216.98,50.6,53.9,,50.6,,0,
VEH-0192,5,Body,TRUE,216.98,252.66,35.68,36.2,,35.68,PASS,0,
VEH-0192,6,Body,FALSE,252.66,286.81,,36.2,,34.15,,0,
VEH-0192,7,Body,FALSE,286.81,318.27,,32.3,,31.46,,0,
VEH-0192,8,Body,FALSE,318.27,395.27,,64.6,,77,,0,
VEH-0192,9,Body,FALSE,395.27,447.84,,54,,52.57,PASS,0,
VEH-0192,10,Body,TRUE,447.84,510.34,62.5,58.3,,62.5,,0,
VEH-0192,12,Body,TRUE,541.06,613.08,72.02,68.8,,72.02,,0,
VEH-0192,14,Body,TRUE,676.9,717.37,40.47,38.5,44.11,40.47,,0,
VEH-0192,16,Paint,FALSE,758.32,794.77,,37.3,,36.45,,0,
VEH-0192,17,Paint,TRUE,794.77,837.39,42.62,42.2,,42.62,,0,
VEH-0192,18,Paint,FALSE,837.39,889.35,,51,,51.96,,0,
VEH-0192,19,Paint,TRUE,889.35,937.8,48.45,47.3,46.19,48.45,,0,
VEH-0192,20,Paint,TRUE,937.8,977.83,40.03,41.6,,40.03,,0,
VEH-0192,21,Paint,TRUE,977.83,1034.27,56.44,54.5,,56.44,,0,
VEH-0192,23,Final Assembly,TRUE,1070.9,1112.6,41.7,41.7,,41.7,,0,
VEH-0192,24,Final Assembly,TRUE,1112.6,1156.87,44.27,44.7,,44.27,,0,
VEH-0192,25,Final Assembly,TRUE,1156.87,1203.12,46.25,48.2,,46.25,,0,
VEH-0192,26,Final Assembly,TRUE,1203.12,1265.99,62.87,61.4,,62.87,PASS,0,
VEH-0192,27,Final Assembly,TRUE,1265.99,1302.74,36.75,38,45.36,36.75,,0,
VEH-0192,28,Final Assembly,FALSE,1302.74,1353.08,,50.6,,50.34,,0,
VEH-0192,29,Final Assembly,TRUE,1353.08,1403.19,50.11,53.7,43.6,50.11,,0,
VEH-0192,30,Final Assembly,TRUE,1403.19,1435.73,32.54,31.9,,32.54,,0,
VEH-0192,31,Final Assembly,TRUE,1435.73,1488.61,52.88,54.3,,52.88,,0,
VEH-0192,32,Final Assembly,TRUE,1488.61,1524.38,35.77,36.8,,35.77,PASS,0,
VEH-0192,33,Final Assembly,TRUE,1524.38,1555.73,31.35,32.6,43.9,31.35,,0,
VEH-0192,34,Final Assembly,TRUE,1555.73,1629.32,73.59,68,,73.59,,0,
VEH-0192,35,Final Assembly,TRUE,1629.32,1694.08,64.76,68.6,,64.76,,0,
VEH-0192,36,Final Assembly,TRUE,1694.08,1760.98,66.9,62.3,44.5,66.9,,0,
VEH-0192,37,Final Assembly,TRUE,1760.98,1801.8,40.82,42.2,,40.82,,0,
VEH-0192,38,Final Assembly,TRUE,1801.8,1836.35,34.55,33.9,,34.55,,0,
VEH-0192,39,Final Assembly,FALSE,1836.35,1893.9,,57.4,,57.55,,0,
VEH-0192,40,Final Assembly,TRUE,1893.9,1941.03,47.13,47.6,,47.13,,0,
VEH-0193,1,Body,FALSE,0,43.37,,45,,43.37,,0,
VEH-0193,2,Body,FALSE,43.37,103.97,,68,,60.6,,0,
VEH-0193,3,Body,FALSE,103.97,160.33,,59.3,,56.36,,0,
VEH-0193,4,Body,TRUE,160.33,212.75,52.42,53.9,,52.42,,0,
VEH-0193,5,Body,TRUE,212.75,248.5,35.75,36.2,,35.75,PASS,0,
VEH-0193,6,Body,FALSE,248.5,282.66,,36.2,,34.16,,0,
VEH-0193,7,Body,FALSE,282.66,314.17,,32.3,,31.51,,0,
VEH-0193,8,Body,FALSE,314.17,389.33,,64.6,,75.16,,0,
VEH-0193,9,Body,FALSE,389.33,442.99,,54,,53.66,PASS,0,
VEH-0193,10,Body,TRUE,442.99,498.16,55.17,58.3,,55.17,,0,
VEH-0193,11,Body,TRUE,498.16,527.65,29.49,30.8,,29.49,PASS,0,
VEH-0193,12,Body,TRUE,527.65,591.95,64.3,68.8,,64.3,,0,
VEH-0193,13,Body,TRUE,591.95,654.76,62.81,63.3,43.7,62.81,PASS,0,
VEH-0193,14,Body,TRUE,654.76,695.01,40.25,38.5,45.61,40.25,,0,
VEH-0193,15,Body,FALSE,695.01,732.18,,37.3,,37.17,PASS,0,
VEH-0193,16,Paint,FALSE,732.18,768,,37.3,,35.82,,0,
VEH-0193,17,Paint,TRUE,768,811,43,42.2,,43,,0,
VEH-0193,18,Paint,FALSE,811,863.76,,51,,52.76,,0,
VEH-0193,19,Paint,TRUE,863.76,911.4,47.64,47.3,47.41,47.64,,0,
VEH-0193,20,Paint,TRUE,911.4,953.96,42.56,41.6,,42.56,,0,
VEH-0193,21,Paint,TRUE,953.96,1010.95,56.99,54.5,,56.99,,0,
VEH-0193,22,Paint,TRUE,1010.95,1046.79,35.84,35.6,,35.84,PASS,0,
VEH-0193,23,Final Assembly,TRUE,1046.79,1089.9,43.11,41.7,,43.11,,0,
VEH-0193,24,Final Assembly,TRUE,1089.9,1132.82,42.92,44.7,,42.92,,0,
VEH-0193,25,Final Assembly,TRUE,1132.82,1179.92,47.1,48.2,,47.1,,0,
VEH-0193,27,Final Assembly,TRUE,1242.39,1281.04,38.65,38,45.76,38.65,,0,
VEH-0193,28,Final Assembly,FALSE,1281.04,1334.42,,50.6,,53.38,,0,
VEH-0193,29,Final Assembly,TRUE,1334.42,1384.29,49.87,53.7,43.54,49.87,,0,
VEH-0193,30,Final Assembly,TRUE,1384.29,1416.56,32.27,31.9,,32.27,,0,
VEH-0193,31,Final Assembly,TRUE,1416.56,1468.9,52.34,54.3,,52.34,,0,
VEH-0193,32,Final Assembly,TRUE,1468.9,1511.92,43.02,36.8,,43.02,PASS,0,
VEH-0193,33,Final Assembly,TRUE,1511.92,1545.36,33.44,32.6,44.88,33.44,,0,
VEH-0193,34,Final Assembly,TRUE,1545.36,1611.61,66.25,68,,66.25,,0,
VEH-0193,35,Final Assembly,TRUE,1611.61,1678.56,66.95,68.6,,66.95,,0,
VEH-0193,36,Final Assembly,TRUE,1678.56,1740.95,62.39,62.3,45.17,62.39,,0,
VEH-0193,37,Final Assembly,TRUE,1740.95,1782.19,41.24,42.2,,41.24,,0,
VEH-0193,38,Final Assembly,TRUE,1782.19,1815.63,33.44,33.9,,33.44,,0,
VEH-0193,39,Final Assembly,FALSE,1815.63,1876.89,,57.4,,61.26,,0,
VEH-0193,40,Final Assembly,TRUE,1876.89,1927.79,50.9,47.6,,50.9,,0,
VEH-0194,1,Body,FALSE,0,45.57,,45,,45.57,,0,
VEH-0194,2,Body,FALSE,45.57,113.76,,68,,68.19,,0,
VEH-0194,3,Body,FALSE,113.76,171.41,,59.3,,57.65,,0,
VEH-0194,4,Body,TRUE,171.41,228.9,57.49,53.9,,57.49,,0,
VEH-0194,5,Body,TRUE,228.9,263.49,34.59,36.2,,34.59,PASS,0,
VEH-0194,6,Body,FALSE,263.49,303.25,,36.2,,39.76,,0,
VEH-0194,7,Body,FALSE,303.25,334.37,,32.3,,31.12,,0,
VEH-0194,8,Body,FALSE,334.37,409.05,,64.6,,74.68,,0,
VEH-0194,10,Body,TRUE,459.94,515,55.06,58.3,,55.06,,0,
VEH-0194,12,Body,TRUE,545.44,612.63,67.19,68.8,,67.19,,0,
VEH-0194,14,Body,TRUE,679.18,717.25,38.07,38.5,49.66,38.07,,0,
VEH-0194,16,Paint,FALSE,754.11,791.22,,37.3,,37.11,,0,
VEH-0194,17,Paint,TRUE,791.22,830.72,39.5,42.2,,39.5,,0,
VEH-0194,18,Paint,FALSE,830.72,881.51,,51,,50.79,,0,
VEH-0194,19,Paint,TRUE,881.51,929.51,48,47.3,43.22,48,,0,
VEH-0194,20,Paint,TRUE,929.51,970.07,40.56,41.6,,40.56,,0,
VEH-0194,21,Paint,TRUE,970.07,1025.46,55.39,54.5,,55.39,,0,
VEH-0194,22,Paint,TRUE,1025.46,1060.13,34.67,35.6,,34.67,PASS,0,
VEH-0194,23,Final Assembly,TRUE,1060.13,1100.3,40.17,41.7,,40.17,,0,
VEH-0194,24,Final Assembly,TRUE,1100.3,1146.75,46.45,44.7,,46.45,,0,
VEH-0194,25,Final Assembly,TRUE,1146.75,1191.86,45.11,48.2,,45.11,,0,
VEH-0194,27,Final Assembly,TRUE,1249.92,1288.26,38.34,38,46.27,38.34,,0,
VEH-0194,28,Final Assembly,FALSE,1288.26,1339.63,,50.6,,51.37,,0,
VEH-0194,29,Final Assembly,TRUE,1339.63,1392.73,53.1,53.7,44.54,53.1,,0,
VEH-0194,30,Final Assembly,TRUE,1392.73,1426.24,33.51,31.9,,33.51,,0,
VEH-0194,31,Final Assembly,TRUE,1426.24,1482.87,56.63,54.3,,56.63,,0,
VEH-0194,33,Final Assembly,TRUE,1519.76,1551.91,32.15,32.6,45.05,32.15,,0,
VEH-0194,34,Final Assembly,TRUE,1551.91,1617.44,65.53,68,,65.53,,0,
VEH-0194,35,Final Assembly,TRUE,1617.44,1685.52,68.08,68.6,,68.08,,0,
VEH-0194,36,Final Assembly,TRUE,1685.52,1746.29,60.77,62.3,44.85,60.77,,0,
VEH-0194,37,Final Assembly,TRUE,1746.29,1787.53,41.24,42.2,,41.24,,0,
VEH-0194,38,Final Assembly,TRUE,1787.53,1822.32,34.79,33.9,,34.79,,0,
VEH-0194,39,Final Assembly,FALSE,1822.32,1882.07,,57.4,,59.75,,0,
VEH-0194,40,Final Assembly,TRUE,1882.07,1928.77,46.7,47.6,,46.7,,0,
VEH-0195,1,Body,FALSE,0,44.32,,45,,44.32,,0,
VEH-0195,2,Body,FALSE,44.32,115.18,,68,,70.86,,0,
VEH-0195,3,Body,FALSE,115.18,175.03,,59.3,,59.85,,0,
VEH-0195,4,Body,TRUE,175.03,230.58,55.55,53.9,,55.55,,0,
VEH-0195,5,Body,TRUE,230.58,266.36,35.78,36.2,,35.78,PASS,0,
VEH-0195,6,Body,FALSE,266.36,301.94,,36.2,,35.58,,0,
VEH-0195,7,Body,FALSE,301.94,332.38,,32.3,,30.44,,0,
VEH-0195,8,Body,FALSE,332.38,410,,64.6,,77.62,,0,
VEH-0195,9,Body,FALSE,410,455.03,,54,,45.03,PASS,0,
VEH-0195,10,Body,TRUE,455.03,511.61,56.58,58.3,,56.58,,0,
VEH-0195,12,Body,TRUE,542.28,613.02,70.74,68.8,,70.74,,0,
VEH-0195,14,Body,TRUE,675.47,709.76,34.29,38.5,44.91,34.29,,0,
VEH-0195,15,Body,FALSE,709.76,743.94,,37.3,,34.18,PASS,0,
VEH-0195,16,Paint,FALSE,743.94,778.99,,37.3,,35.05,,0,
VEH-0195,17,Paint,TRUE,778.99,820.8,41.81,42.2,,41.81,,0,
VEH-0195,18,Paint,FALSE,820.8,875.05,,51,,54.25,,0,
VEH-0195,19,Paint,TRUE,875.05,923.23,48.18,47.3,45.03,48.18,,0,
VEH-0195,20,Paint,TRUE,923.23,964.79,41.56,41.6,,41.56,,0,
VEH-0195,21,Paint,TRUE,964.79,1017.34,52.55,54.5,,52.55,,0,
VEH-0195,22,Paint,TRUE,1017.34,1051.97,34.63,35.6,,34.63,PASS,0,
VEH-0195,23,Final Assembly,TRUE,1051.97,1094.56,42.59,41.7,,42.59,,0,
VEH-0195,24,Final Assembly,TRUE,1094.56,1136.16,41.6,44.7,,41.6,,0,
VEH-0195,25,Final Assembly,TRUE,1136.16,1185.79,49.63,48.2,,49.63,,0,
VEH-0195,27,Final Assembly,TRUE,1246,1285.57,39.57,38,46.44,39.57,,0,
VEH-0195,28,Final Assembly,FALSE,1285.57,1331.94,,50.6,,46.37,,0,
VEH-0195,29,Final Assembly,TRUE,1331.94,1384.08,52.14,53.7,43.72,52.14,,0,
VEH-0195,30,Final Assembly,TRUE,1384.08,1413.1,29.02,31.9,,29.02,,0,
VEH-0195,31,Final Assembly,TRUE,1413.1,1464.6,51.5,54.3,,51.5,,0,
VEH-0195,33,Final Assembly,TRUE,1505.89,1539.48,33.59,32.6,47.88,33.59,,0,
VEH-0195,34,Final Assembly,TRUE,1539.48,1610.3,70.82,68,,70.82,,0,
VEH-0195,35,Final Assembly,TRUE,1610.3,1676.36,66.06,68.6,,66.06,,0,
VEH-0195,36,Final Assembly,TRUE,1676.36,1737.47,61.11,62.3,45.88,61.11,,0,
VEH-0195,37,Final Assembly,TRUE,1737.47,1780.59,43.12,42.2,,43.12,,0,
VEH-0195,38,Final Assembly,TRUE,1780.59,1813.51,32.92,33.9,,32.92,,0,
VEH-0195,39,Final Assembly,FALSE,1813.51,1866.58,,57.4,,53.07,,0,
VEH-0195,40,Final Assembly,TRUE,1866.58,1922,55.42,47.6,,55.42,,0,
VEH-0196,1,Body,FALSE,0,44.68,,45,,44.68,,0,
VEH-0196,2,Body,FALSE,44.68,111.27,,68,,66.59,,0,
VEH-0196,3,Body,FALSE,111.27,173.32,,59.3,,62.05,,0,
VEH-0196,4,Body,TRUE,173.32,224.13,50.81,53.9,,50.81,,0,
VEH-0196,5,Body,TRUE,224.13,260.46,36.33,36.2,,36.33,PASS,0,
VEH-0196,6,Body,FALSE,260.46,296.48,,36.2,,36.02,,0,
VEH-0196,7,Body,FALSE,296.48,326.34,,32.3,,29.86,,0,
VEH-0196,8,Body,FALSE,326.34,405,,64.6,,78.66,,0,
VEH-0196,10,Body,TRUE,457.43,519.86,62.43,58.3,,62.43,,0,
VEH-0196,12,Body,TRUE,550.03,620.04,70.01,68.8,,70.01,,0,
VEH-0196,13,Body,TRUE,620.04,679.44,59.4,63.3,45.35,59.4,PASS,0,
VEH-0196,14,Body,TRUE,679.44,717.14,37.7,38.5,43.84,37.7,,0,
VEH-0196,15,Body,FALSE,717.14,759.71,,37.3,,42.57,PASS,0,
VEH-0196,16,Paint,FALSE,759.71,796.35,,37.3,,36.64,,0,
VEH-0196,17,Paint,TRUE,796.35,838.1,41.75,42.2,,41.75,,0,
VEH-0196,18,Paint,FALSE,838.1,891.4,,51,,53.3,,0,
VEH-0196,19,Paint,TRUE,891.4,936.89,45.49,47.3,45.6,45.49,,0,
VEH-0196,20,Paint,TRUE,936.89,979.55,42.66,41.6,,42.66,,0,
VEH-0196,21,Paint,TRUE,979.55,1034.72,55.17,54.5,,55.17,,0,
VEH-0196,22,Paint,TRUE,1034.72,1074.41,39.69,35.6,,39.69,PASS,0,
VEH-0196,23,Final Assembly,TRUE,1074.41,1114.43,40.02,41.7,,40.02,,0,
VEH-0196,24,Final Assembly,TRUE,1114.43,1162.57,48.14,44.7,,48.14,,0,
VEH-0196,25,Final Assembly,TRUE,1162.57,1211.91,49.34,48.2,,49.34,,0,
VEH-0196,27,Final Assembly,TRUE,1276.1,1314.75,38.65,38,47.82,38.65,,0,
VEH-0196,28,Final Assembly,FALSE,1314.75,1364.54,,50.6,,49.79,,0,
VEH-0196,29,Final Assembly,TRUE,1364.54,1419.58,55.04,53.7,46.96,55.04,,0,
VEH-0196,30,Final Assembly,TRUE,1419.58,1450.59,31.01,31.9,,31.01,,0,
VEH-0196,31,Final Assembly,TRUE,1450.59,1507.6,57.01,54.3,,57.01,,0,
VEH-0196,32,Final Assembly,TRUE,1507.6,1544.37,36.77,36.8,,36.77,PASS,0,
VEH-0196,33,Final Assembly,TRUE,1544.37,1574.96,30.59,32.6,42.82,30.59,,0,
VEH-0196,34,Final Assembly,TRUE,1574.96,1642.65,67.69,68,,67.69,,0,
VEH-0196,35,Final Assembly,TRUE,1642.65,1714.65,72,68.6,,72,,0,
VEH-0196,36,Final Assembly,TRUE,1714.65,1770.46,55.81,62.3,45.3,55.81,,0,
VEH-0196,37,Final Assembly,TRUE,1770.46,1814.54,44.08,42.2,,44.08,,0,
VEH-0196,38,Final Assembly,TRUE,1814.54,1846.27,31.73,33.9,,31.73,,0,
VEH-0196,39,Final Assembly,FALSE,1846.27,1901.85,,57.4,,55.58,,0,
VEH-0196,40,Final Assembly,TRUE,1901.85,1950.81,48.96,47.6,,48.96,,0,
VEH-0197,1,Body,FALSE,0,45.42,,45,,45.42,,0,
VEH-0197,2,Body,FALSE,45.42,117.83,,68,,72.41,,0,
VEH-0197,3,Body,FALSE,117.83,177.79,,59.3,,59.96,,0,
VEH-0197,4,Body,TRUE,177.79,227.68,49.89,53.9,,49.89,,0,
VEH-0197,5,Body,TRUE,227.68,266.51,38.83,36.2,,38.83,PASS,0,
VEH-0197,6,Body,FALSE,266.51,300.99,,36.2,,34.48,,0,
VEH-0197,7,Body,FALSE,300.99,335.31,,32.3,,34.32,,0,
VEH-0197,8,Body,FALSE,335.31,413.83,,64.6,,78.52,,0,
VEH-0197,10,Body,TRUE,471.01,532.62,61.61,58.3,,61.61,,0,
VEH-0197,11,Body,TRUE,532.62,564.08,31.46,30.8,,31.46,PASS,0,
VEH-0197,12,Body,TRUE,564.08,634.63,70.55,68.8,,70.55,,0,
VEH-0197,14,Body,TRUE,699.27,738,38.73,38.5,43.33,38.73,,0,
VEH-0197,16,Paint,FALSE,775.62,810.79,,37.3,,35.17,,0,
VEH-0197,17,Paint,TRUE,810.79,850.49,39.7,42.2,,39.7,,0,
VEH-0197,18,Paint,FALSE,850.49,905.58,,51,,55.09,,0,
VEH-0197,19,Paint,TRUE,905.58,955.4,49.82,47.3,44.99,49.82,,0,
VEH-0197,20,Paint,TRUE,955.4,997.38,41.98,41.6,,41.98,,0,
VEH-0197,21,Paint,TRUE,997.38,1051.2,53.82,54.5,,53.82,,0,
VEH-0197,23,Final Assembly,TRUE,1087.81,1128.1,40.29,41.7,,40.29,,0,
VEH-0197,24,Final Assembly,TRUE,1128.1,1175.03,46.93,44.7,,46.93,,0,
VEH-0197,25,Final Assembly,TRUE,1175.03,1222.62,47.59,48.2,,47.59,,0,
VEH-0197,26,Final Assembly,TRUE,1222.62,1282.73,60.11,61.4,,60.11,PASS,0,
VEH-0197,27,Final Assembly,TRUE,1282.73,1320.77,38.04,38,44.11,38.04,,0,
VEH-0197,28,Final Assembly,FALSE,1320.77,1372.2,,50.6,,51.43,,0,
VEH-0197,29,Final Assembly,TRUE,1372.2,1424.45,52.25,53.7,45.7,52.25,,0,
VEH-0197,30,Final Assembly,TRUE,1424.45,1458.28,33.83,31.9,,33.83,,0,
VEH-0197,31,Final Assembly,TRUE,1458.28,1510.63,52.35,54.3,,52.35,,0,
VEH-0197,33,Final Assembly,TRUE,1547.19,1580.54,33.35,32.6,44.35,33.35,,0,
VEH-0197,34,Final Assembly,TRUE,1580.54,1650.12,69.58,68,,69.58,,0,
VEH-0197,35,Final Assembly,TRUE,1650.12,1720.63,70.51,68.6,,70.51,,0,
VEH-0197,36,Final Assembly,TRUE,1720.63,1786.31,65.68,62.3,44.09,65.68,,0,
VEH-0197,37,Final Assembly,TRUE,1786.31,1826.52,40.21,42.2,,40.21,,0,
VEH-0197,38,Final Assembly,TRUE,1826.52,1859.9,33.38,33.9,,33.38,,0,
VEH-0197,39,Final Assembly,FALSE,1859.9,1914.52,,57.4,,54.62,,0,
VEH-0197,40,Final Assembly,TRUE,1914.52,1963.46,48.94,47.6,,48.94,,0,
VEH-0198,1,Body,FALSE,0,42.39,,45,,42.39,,0,
VEH-0198,2,Body,FALSE,42.39,114.28,,68,,71.89,,0,
VEH-0198,3,Body,FALSE,114.28,168.91,,59.3,,54.63,,0,
VEH-0198,4,Body,TRUE,168.91,222.1,53.19,53.9,,53.19,,0,
VEH-0198,5,Body,TRUE,222.1,256.97,34.87,36.2,,34.87,PASS,0,
VEH-0198,6,Body,FALSE,256.97,293.72,,36.2,,36.75,,0,
VEH-0198,7,Body,FALSE,293.72,325.72,,32.3,,32,,0,
VEH-0198,8,Body,FALSE,325.72,405.34,,64.6,,79.62,,0,
VEH-0198,10,Body,TRUE,462.34,522.88,60.54,58.3,,60.54,,0,
VEH-0198,11,Body,TRUE,522.88,553.74,30.86,30.8,,30.86,PASS,0,
VEH-0198,12,Body,TRUE,553.74,624.12,70.38,68.8,,70.38,,0,
VEH-0198,14,Body,TRUE,693.63,731.56,37.93,38.5,46.92,37.93,,0,
VEH-0198,15,Body,FALSE,731.56,769.59,,37.3,,38.03,PASS,0,
VEH-0198,16,Paint,FALSE,769.59,805.1,,37.3,,35.51,,0,
VEH-0198,17,Paint,TRUE,805.1,846.92,41.82,42.2,,41.82,,0,
VEH-0198,18,Paint,FALSE,846.92,894.17,,51,,47.25,,0,
VEH-0198,19,Paint,TRUE,894.17,936.08,41.91,47.3,43.58,41.91,,0,
VEH-0198,20,Paint,TRUE,936.08,977.93,41.85,41.6,,41.85,,0,
VEH-0198,21,Paint,TRUE,977.93,1032.77,54.84,54.5,,54.84,,0,
VEH-0198,22,Paint,TRUE,1032.77,1065.86,33.09,35.6,,33.09,PASS,0,
VEH-0198,23,Final Assembly,TRUE,1065.86,1102.59,36.73,41.7,,36.73,,0,
VEH-0198,24,Final Assembly,TRUE,1102.59,1150.58,47.99,44.7,,47.99,,0,
VEH-0198,25,Final Assembly,TRUE,1150.58,1199.01,48.43,48.2,,48.43,,0,
VEH-0198,27,Final Assembly,TRUE,1265.19,1306.04,40.85,38,46.1,40.85,,0,
VEH-0198,28,Final Assembly,FALSE,1306.04,1356.79,,50.6,,50.75,,0,
VEH-0198,29,Final Assembly,TRUE,1356.79,1409.42,52.63,53.7,46.08,52.63,,0,
VEH-0198,30,Final Assembly,TRUE,1409.42,1441.07,31.65,31.9,,31.65,,0,
VEH-0198,31,Final Assembly,TRUE,1441.07,1493.77,52.7,54.3,,52.7,,0,
VEH-0198,32,Final Assembly,TRUE,1493.77,1526.71,32.94,36.8,,32.94,PASS,0,
VEH-0198,33,Final Assembly,TRUE,1526.71,1559.17,32.46,32.6,46.65,32.46,,0,
VEH-0198,34,Final Assembly,TRUE,1559.17,1631.45,72.28,68,,72.28,,0,
VEH-0198,35,Final Assembly,TRUE,1631.45,1700.23,68.78,68.6,,68.78,,0,
VEH-0198,36,Final Assembly,TRUE,1700.23,1759.76,59.53,62.3,46.35,59.53,,0,
VEH-0198,37,Final Assembly,TRUE,1759.76,1801.93,42.17,42.2,,42.17,,0,
VEH-0198,38,Final Assembly,TRUE,1801.93,1835.21,33.28,33.9,,33.28,,0,
VEH-0198,39,Final Assembly,FALSE,1835.21,1888.43,,57.4,,53.22,,0,
VEH-0198,40,Final Assembly,TRUE,1888.43,1941.04,52.61,47.6,,52.61,,0,
VEH-0199,1,Body,FALSE,0,45.23,,45,,45.23,,0,
VEH-0199,2,Body,FALSE,45.23,110.67,,68,,65.44,,0,
VEH-0199,3,Body,FALSE,110.67,172.46,,59.3,,61.79,,0,
VEH-0199,4,Body,TRUE,172.46,224.91,52.45,53.9,,52.45,,0,
VEH-0199,5,Body,TRUE,224.91,260.93,36.02,36.2,,36.02,PASS,0,
VEH-0199,6,Body,FALSE,260.93,294.08,,36.2,,33.15,,0,
VEH-0199,7,Body,FALSE,294.08,323.78,,32.3,,29.7,,0,
VEH-0199,8,Body,FALSE,323.78,402.62,,64.6,,78.84,,0,
VEH-0199,10,Body,TRUE,453.04,517.49,64.45,58.3,,64.45,,0,
VEH-0199,12,Body,TRUE,545.12,611.17,66.05,68.8,,66.05,,0,
VEH-0199,13,Body,TRUE,611.17,674.52,63.35,63.3,44.45,63.35,PASS,0,
VEH-0199,14,Body,TRUE,674.52,710.89,36.37,38.5,43.56,36.37,,0,
VEH-0199,15,Body,FALSE,710.89,746.35,,37.3,,35.46,PASS,0,
VEH-0199,16,Paint,FALSE,746.35,783.12,,37.3,,36.77,,0,
VEH-0199,17,Paint,TRUE,783.12,829.44,46.32,42.2,,46.32,,0,
VEH-0199,18,Paint,FALSE,829.44,880.64,,51,,51.2,,0,
VEH-0199,19,Paint,TRUE,880.64,930.73,50.09,47.3,45.76,50.09,,0,
VEH-0199,20,Paint,TRUE,930.73,974.65,43.92,41.6,,43.92,,0,
VEH-0199,21,Paint,TRUE,974.65,1021.51,46.86,54.5,,46.86,,0,
VEH-0199,23,Final Assembly,TRUE,1056.57,1101,44.43,41.7,,44.43,,0,
VEH-0199,24,Final Assembly,TRUE,1101,1144.42,43.42,44.7,,43.42,,0,
VEH-0199,25,Final Assembly,TRUE,1144.42,1196.87,52.45,48.2,,52.45,,0,
VEH-0199,27,Final Assembly,TRUE,1262.83,1299.94,37.11,38,44.25,37.11,,0,
VEH-0199,28,Final Assembly,FALSE,1299.94,1347.98,,50.6,,48.04,,0,
VEH-0199,29,Final Assembly,TRUE,1347.98,1399.99,52.01,53.7,43.15,52.01,,0,
VEH-0199,30,Final Assembly,TRUE,1399.99,1432.57,32.58,31.9,,32.58,,0,
VEH-0199,31,Final Assembly,TRUE,1432.57,1482.92,50.35,54.3,,50.35,,0,
VEH-0199,33,Final Assembly,TRUE,1520.83,1554.45,33.62,32.6,42.51,33.62,,0,
VEH-0199,34,Final Assembly,TRUE,1554.45,1627.72,73.27,68,,73.27,,0,
VEH-0199,35,Final Assembly,TRUE,1627.72,1698.08,70.36,68.6,,70.36,,0,
VEH-0199,36,Final Assembly,TRUE,1698.08,1762.72,64.64,62.3,43.86,64.64,,0,
VEH-0199,37,Final Assembly,TRUE,1762.72,1806.23,43.51,42.2,,43.51,,0,
VEH-0199,38,Final Assembly,TRUE,1806.23,1842.04,35.81,33.9,,35.81,,0,
VEH-0199,39,Final Assembly,FALSE,1842.04,1899.16,,57.4,,57.12,,0,
VEH-0199,40,Final Assembly,TRUE,1899.16,1951.52,52.36,47.6,,52.36,,0,
VEH-0200,1,Body,FALSE,0,45.1,,45,,45.1,,0,
VEH-0200,2,Body,FALSE,45.1,116,,68,,70.9,,0,
VEH-0200,3,Body,FALSE,116,177.49,,59.3,,61.49,,0,
VEH-0200,4,Body,TRUE,177.49,230.61,53.12,53.9,,53.12,,0,
VEH-0200,5,Body,TRUE,230.61,266.93,36.32,36.2,,36.32,PASS,0,
VEH-0200,6,Body,FALSE,266.93,303.49,,36.2,,36.56,,0,
VEH-0200,7,Body,FALSE,303.49,336.53,,32.3,,33.04,,0,
VEH-0200,8,Body,FALSE,336.53,416.48,,64.6,,79.95,,0,
VEH-0200,10,Body,TRUE,466.87,518.04,51.17,58.3,,51.17,,0,
VEH-0200,11,Body,TRUE,518.04,547.27,29.23,30.8,,29.23,PASS,0,
VEH-0200,12,Body,TRUE,547.27,615.54,68.27,68.8,,68.27,,0,
VEH-0200,13,Body,TRUE,615.54,681.88,66.34,63.3,45.35,66.34,PASS,0,
VEH-0200,14,Body,TRUE,681.88,721.41,39.53,38.5,43.65,39.53,,0,
VEH-0200,15,Body,FALSE,721.41,758.58,,37.3,,37.17,PASS,0,
VEH-0200,16,Paint,FALSE,758.58,796,,37.3,,37.42,,0,
VEH-0200,17,Paint,TRUE,796,836.61,40.61,42.2,,40.61,,0,
VEH-0200,18,Paint,FALSE,836.61,884.88,,51,,48.27,,0,
VEH-0200,19,Paint,TRUE,884.88,931.65,46.77,47.3,45.99,46.77,,0,
VEH-0200,20,Paint,TRUE,931.65,971.37,39.72,41.6,,39.72,,0,
VEH-0200,21,Paint,TRUE,971.37,1025.3,53.93,54.5,,53.93,,0,
VEH-0200,23,Final Assembly,TRUE,1063.31,1103.92,40.61,41.7,,40.61,,0,
VEH-0200,24,Final Assembly,TRUE,1103.92,1148.64,44.72,44.7,,44.72,,0,
VEH-0200,25,Final Assembly,TRUE,1148.64,1196.59,47.95,48.2,,47.95,,0,
VEH-0200,27,Final Assembly,TRUE,1257.41,1298.58,41.17,38,45.46,41.17,,0,
VEH-0200,28,Final Assembly,FALSE,1298.58,1345.21,,50.6,,46.63,,0,
VEH-0200,29,Final Assembly,TRUE,1345.21,1403.02,57.81,53.7,45.41,57.81,,0,
VEH-0200,30,Final Assembly,TRUE,1403.02,1434.33,31.31,31.9,,31.31,,0,
VEH-0200,31,Final Assembly,TRUE,1434.33,1492.29,57.96,54.3,,57.96,,0,
VEH-0200,32,Final Assembly,TRUE,1492.29,1527.66,35.37,36.8,,35.37,PASS,0,
VEH-0200,33,Final Assembly,TRUE,1527.66,1563.06,35.4,32.6,45.14,35.4,,0,
VEH-0200,34,Final Assembly,TRUE,1563.06,1634.48,71.42,68,,71.42,,0,
VEH-0200,35,Final Assembly,TRUE,1634.48,1713.6,79.12,68.6,,79.12,,0,
VEH-0200,36,Final Assembly,TRUE,1713.6,1776.46,62.86,62.3,44.85,62.86,,0,
VEH-0200,37,Final Assembly,TRUE,1776.46,1816.41,39.95,42.2,,39.95,,0,
VEH-0200,38,Final Assembly,TRUE,1816.41,1850.11,33.7,33.9,,33.7,,0,
VEH-0200,39,Final Assembly,FALSE,1850.11,1904.54,,57.4,,54.43,,0,
VEH-0200,40,Final Assembly,TRUE,1904.54,1951.7,47.16,47.6,,47.16,,0,
VEH-0201,1,Body,FALSE,0,44.82,,45,,44.82,,0,
VEH-0201,2,Body,FALSE,44.82,110.74,,68,,65.92,,0,
VEH-0201,3,Body,FALSE,110.74,164.61,,59.3,,53.87,,0,
VEH-0201,4,Body,TRUE,164.61,217.32,52.71,53.9,,52.71,,0,
VEH-0201,5,Body,TRUE,217.32,251.46,34.14,36.2,,34.14,PASS,0,
VEH-0201,6,Body,FALSE,251.46,288.08,,36.2,,36.62,,0,
VEH-0201,7,Body,FALSE,288.08,319.32,,32.3,,31.24,,0,
VEH-0201,8,Body,FALSE,319.32,401.72,,64.6,,82.4,,0,
VEH-0201,10,Body,TRUE,460.05,520.33,60.28,58.3,,60.28,,0,
VEH-0201,12,Body,TRUE,548.74,622.72,73.98,68.8,,73.98,,0,
VEH-0201,14,Body,TRUE,691.02,732.07,41.05,38.5,44.17,41.05,,0,
VEH-0201,16,Paint,FALSE,765.9,801.79,,37.3,,35.89,,0,
VEH-0201,17,Paint,TRUE,801.79,847.64,45.85,42.2,,45.85,,0,
VEH-0201,18,Paint,FALSE,847.64,894.84,,51,,47.2,,0,
VEH-0201,19,Paint,TRUE,894.84,942.14,47.3,47.3,45.05,47.3,,0,
VEH-0201,20,Paint,TRUE,942.14,982.67,40.53,41.6,,40.53,,0,
VEH-0201,21,Paint,TRUE,982.67,1035.96,53.29,54.5,,53.29,,0,
VEH-0201,22,Paint,TRUE,1035.96,1071.69,35.73,35.6,,35.73,PASS,0,
VEH-0201,23,Final Assembly,TRUE,1071.69,1112.22,40.53,41.7,,40.53,,0,
VEH-0201,24,Final Assembly,TRUE,1112.22,1153.73,41.51,44.7,,41.51,,0,
VEH-0201,25,Final Assembly,TRUE,1153.73,1202.45,48.72,48.2,,48.72,,0,
VEH-0201,26,Final Assembly,TRUE,1202.45,1267.15,64.7,61.4,,64.7,PASS,0,
VEH-0201,27,Final Assembly,TRUE,1267.15,1306.8,39.65,38,43.79,39.65,,0,
VEH-0201,28,Final Assembly,FALSE,1306.8,1354.23,,50.6,,47.43,,0,
VEH-0201,29,Final Assembly,TRUE,1354.23,1407.17,52.94,53.7,47.35,52.94,,0,
VEH-0201,30,Final Assembly,TRUE,1407.17,1440.1,32.93,31.9,,32.93,,0,
VEH-0201,31,Final Assembly,TRUE,1440.1,1496.31,56.21,54.3,,56.21,,0,
VEH-0201,33,Final Assembly,TRUE,1534.75,1568.04,33.29,32.6,45.18,33.29,,0,
VEH-0201,34,Final Assembly,TRUE,1568.04,1638.29,70.25,68,,70.25,,0,
VEH-0201,35,Final Assembly,TRUE,1638.29,1705.02,66.73,68.6,,66.73,,0,
VEH-0201,36,Final Assembly,TRUE,1705.02,1762.91,57.89,62.3,46.08,57.89,,0,
VEH-0201,37,Final Assembly,TRUE,1762.91,1807.72,44.81,42.2,,44.81,,0,
VEH-0201,38,Final Assembly,TRUE,1807.72,1839.72,32,33.9,,32,,0,
VEH-0201,39,Final Assembly,FALSE,1839.72,1899.48,,57.4,,59.76,,0,
VEH-0201,40,Final Assembly,TRUE,1899.48,1951.08,51.6,47.6,,51.6,,0,
VEH-0202,1,Body,FALSE,0,44.99,,45,,44.99,,0,
VEH-0202,2,Body,FALSE,44.99,109.9,,68,,64.91,,0,
VEH-0202,3,Body,FALSE,109.9,171.01,,59.3,,61.11,,0,
VEH-0202,4,Body,TRUE,171.01,221.89,50.88,53.9,,50.88,,0,
VEH-0202,5,Body,TRUE,221.89,259.76,37.87,36.2,,37.87,PASS,0,
VEH-0202,6,Body,FALSE,259.76,295.43,,36.2,,35.67,,0,
VEH-0202,7,Body,FALSE,295.43,328.05,,32.3,,32.62,,0,
VEH-0202,8,Body,FALSE,328.05,405.7,,64.6,,77.65,,0,
VEH-0202,10,Body,TRUE,461.59,519.38,57.79,58.3,,57.79,,0,
VEH-0202,12,Body,TRUE,553.5,627.18,73.68,68.8,,73.68,,0,
VEH-0202,14,Body,TRUE,686.35,726.27,39.92,38.5,44.31,39.92,,0,
VEH-0202,16,Paint,FALSE,765.83,805.17,,37.3,,39.34,,0,
VEH-0202,17,Paint,TRUE,805.17,847.19,42.02,42.2,,42.02,,0,
VEH-0202,18,Paint,FALSE,847.19,900.69,,51,,53.5,,0,
VEH-0202,19,Paint,TRUE,900.69,942.3,41.61,47.3,47.04,41.61,,0,
VEH-0202,20,Paint,TRUE,942.3,985.74,43.44,41.6,,43.44,,0,
VEH-0202,21,Paint,TRUE,985.74,1037.27,51.53,54.5,,51.53,,0,
VEH-0202,23,Final Assembly,TRUE,1073.32,1110.79,37.47,41.7,,37.47,,0,
VEH-0202,24,Final Assembly,TRUE,1110.79,1153.78,42.99,44.7,,42.99,,0,
VEH-0202,25,Final Assembly,TRUE,1153.78,1204.62,50.84,48.2,,50.84,,0,
VEH-0202,27,Final Assembly,TRUE,1265.98,1303.85,37.87,38,45.07,37.87,,0,
VEH-0202,28,Final Assembly,FALSE,1303.85,1354.27,,50.6,,50.42,,0,
VEH-0202,29,Final Assembly,TRUE,1354.27,1410.63,56.36,53.7,44.07,56.36,,0,
VEH-0202,30,Final Assembly,TRUE,1410.63,1443.2,32.57,31.9,,32.57,,0,
VEH-0202,31,Final Assembly,TRUE,1443.2,1494.4,51.2,54.3,,51.2,,0,
VEH-0202,32,Final Assembly,TRUE,1494.4,1532.56,38.16,36.8,,38.16,PASS,0,
VEH-0202,33,Final Assembly,TRUE,1532.56,1564.64,32.08,32.6,44.94,32.08,,0,
VEH-0202,34,Final Assembly,TRUE,1564.64,1631.41,66.77,68,,66.77,,0,
VEH-0202,35,Final Assembly,TRUE,1631.41,1699.2,67.79,68.6,,67.79,,0,
VEH-0202,36,Final Assembly,TRUE,1699.2,1758.37,59.17,62.3,45.49,59.17,,0,
VEH-0202,37,Final Assembly,TRUE,1758.37,1801.74,43.37,42.2,,43.37,,0,
VEH-0202,38,Final Assembly,TRUE,1801.74,1833.38,31.64,33.9,,31.64,,0,
VEH-0202,39,Final Assembly,FALSE,1833.38,1889.07,,57.4,,55.69,,0,
VEH-0202,40,Final Assembly,TRUE,1889.07,1936.74,47.67,47.6,,47.67,,0,
VEH-0203,1,Body,FALSE,0,39.89,,45,,39.89,,0,
VEH-0203,2,Body,FALSE,39.89,104.57,,68,,64.68,,0,
VEH-0203,3,Body,FALSE,104.57,163.15,,59.3,,58.58,,0,
VEH-0203,4,Body,TRUE,163.15,224.02,60.87,53.9,,60.87,,0,
VEH-0203,5,Body,TRUE,224.02,261.2,37.18,36.2,,37.18,PASS,0,
VEH-0203,6,Body,FALSE,261.2,294.13,,36.2,,32.93,,0,
VEH-0203,7,Body,FALSE,294.13,325.32,,32.3,,31.19,,0,
VEH-0203,8,Body,FALSE,325.32,403.96,,64.6,,78.64,,0,
VEH-0203,10,Body,TRUE,458.64,513.1,54.46,58.3,,54.46,,0,
VEH-0203,12,Body,TRUE,543.69,610.02,66.33,68.8,,66.33,,0,
VEH-0203,14,Body,TRUE,669.82,709.81,39.99,38.5,46.26,39.99,,0,
VEH-0203,15,Body,FALSE,709.81,748.18,,37.3,,38.37,PASS,0,
VEH-0203,16,Paint,FALSE,748.18,784.55,,37.3,,36.37,,0,
VEH-0203,17,Paint,TRUE,784.55,828.26,43.71,42.2,,43.71,,0,
VEH-0203,18,Paint,FALSE,828.26,880.05,,51,,51.79,,0,
VEH-0203,19,Paint,TRUE,880.05,927.67,47.62,47.3,44.08,47.62,,0,
VEH-0203,20,Paint,TRUE,927.67,968.24,40.57,41.6,,40.57,,0,
VEH-0203,21,Paint,TRUE,968.24,1022.94,54.7,54.5,,54.7,,0,
VEH-0203,23,Final Assembly,TRUE,1062.88,1105.21,42.33,41.7,,42.33,,0,
VEH-0203,24,Final Assembly,TRUE,1105.21,1148.54,43.33,44.7,,43.33,,0,
VEH-0203,25,Final Assembly,TRUE,1148.54,1194.73,46.19,48.2,,46.19,,0,
VEH-0203,26,Final Assembly,TRUE,1194.73,1254.62,59.89,61.4,,59.89,PASS,0,
VEH-0203,27,Final Assembly,TRUE,1254.62,1296.76,42.14,38,44.4,42.14,,0,
VEH-0203,28,Final Assembly,FALSE,1296.76,1349.65,,50.6,,52.89,,0,
VEH-0203,29,Final Assembly,TRUE,1349.65,1402.34,52.69,53.7,45.39,52.69,,0,
VEH-0203,30,Final Assembly,TRUE,1402.34,1435.5,33.16,31.9,,33.16,,0,
VEH-0203,31,Final Assembly,TRUE,1435.5,1488.25,52.75,54.3,,52.75,,0,
VEH-0203,32,Final Assembly,TRUE,1488.25,1523.87,35.62,36.8,,35.62,PASS,0,
VEH-0203,33,Final Assembly,TRUE,1523.87,1559.17,35.3,32.6,46.48,35.3,,0,
VEH-0203,34,Final Assembly,TRUE,1559.17,1629.86,70.69,68,,70.69,,0,
VEH-0203,35,Final Assembly,TRUE,1629.86,1701.16,71.3,68.6,,71.3,,0,
VEH-0203,36,Final Assembly,TRUE,1701.16,1764.89,63.73,62.3,48.03,63.73,,0,
VEH-0203,37,Final Assembly,TRUE,1764.89,1807.18,42.29,42.2,,42.29,,0,
VEH-0203,38,Final Assembly,TRUE,1807.18,1842.06,34.88,33.9,,34.88,,0,
VEH-0203,39,Final Assembly,FALSE,1842.06,1895.3,,57.4,,53.24,,0,
VEH-0203,40,Final Assembly,TRUE,1895.3,1940.94,45.64,47.6,,45.64,,0,
VEH-0204,1,Body,FALSE,0,42.3,,45,,42.3,,0,
VEH-0204,2,Body,FALSE,42.3,107,,68,,64.7,,0,
VEH-0204,3,Body,FALSE,107,169.85,,59.3,,62.85,,0,
VEH-0204,4,Body,TRUE,169.85,224.31,54.46,53.9,,54.46,,0,
VEH-0204,5,Body,TRUE,224.31,257.18,32.87,36.2,,32.87,PASS,0,
VEH-0204,6,Body,FALSE,257.18,294.32,,36.2,,37.14,,0,
VEH-0204,7,Body,FALSE,294.32,325.63,,32.3,,31.31,,0,
VEH-0204,8,Body,FALSE,325.63,403.51,,64.6,,77.88,,0,
VEH-0204,9,Body,FALSE,403.51,457.53,,54,,54.02,PASS,0,
VEH-0204,10,Body,TRUE,457.53,513.51,55.98,58.3,,55.98,,0,
VEH-0204,12,Body,TRUE,547.09,610.75,63.66,68.8,,63.66,,0,
VEH-0204,14,Body,TRUE,674.23,712.81,38.58,38.5,44.71,38.58,,0,
VEH-0204,15,Body,FALSE,712.81,749.41,,37.3,,36.6,PASS,0,
VEH-0204,16,Paint,FALSE,749.41,785.22,,37.3,,35.81,,0,
VEH-0204,17,Paint,TRUE,785.22,825.69,40.47,42.2,,40.47,,0,
VEH-0204,18,Paint,FALSE,825.69,879.64,,51,,53.95,,0,
VEH-0204,19,Paint,TRUE,879.64,925.9,46.26,47.3,48.2,46.26,,0,
VEH-0204,20,Paint,TRUE,925.9,968.89,42.99,41.6,,42.99,,0,
VEH-0204,21,Paint,TRUE,968.89,1016.11,47.22,54.5,,47.22,,0,
VEH-0204,23,Final Assembly,TRUE,1053.28,1094.87,41.59,41.7,,41.59,,0,
VEH-0204,24,Final Assembly,TRUE,1094.87,1136.46,41.59,44.7,,41.59,,0,
VEH-0204,25,Final Assembly,TRUE,1136.46,1187.8,51.34,48.2,,51.34,,0,
VEH-0204,27,Final Assembly,TRUE,1247.86,1284.87,37.01,38,45.56,37.01,,0,
VEH-0204,28,Final Assembly,FALSE,1284.87,1338.36,,50.6,,53.49,,0,
VEH-0204,29,Final Assembly,TRUE,1338.36,1392.37,54.01,53.7,45.06,54.01,,0,
VEH-0204,30,Final Assembly,TRUE,1392.37,1423.16,30.79,31.9,,30.79,,0,
VEH-0204,31,Final Assembly,TRUE,1423.16,1480.51,57.35,54.3,,57.35,,0,
VEH-0204,33,Final Assembly,TRUE,1517.54,1549.77,32.23,32.6,44.48,32.23,,0,
VEH-0204,34,Final Assembly,TRUE,1549.77,1621.26,71.49,68,,71.49,,0,
VEH-0204,35,Final Assembly,TRUE,1621.26,1688.96,67.7,68.6,,67.7,,0,
VEH-0204,36,Final Assembly,TRUE,1688.96,1754.47,65.51,62.3,44.29,65.51,,0,
VEH-0204,37,Final Assembly,TRUE,1754.47,1798.19,43.72,42.2,,43.72,,0,
VEH-0204,38,Final Assembly,TRUE,1798.19,1832.44,34.25,33.9,,34.25,,0,
VEH-0204,39,Final Assembly,FALSE,1832.44,1887.11,,57.4,,54.67,,0,
VEH-0204,40,Final Assembly,TRUE,1887.11,1934.5,47.39,47.6,,47.39,,0,
VEH-0205,1,Body,FALSE,0,45.04,,45,,45.04,,0,
VEH-0205,2,Body,FALSE,45.04,111.27,,68,,66.23,,0,
VEH-0205,3,Body,FALSE,111.27,172.4,,59.3,,61.13,,0,
VEH-0205,4,Body,TRUE,172.4,224.34,51.94,53.9,,51.94,,0,
VEH-0205,5,Body,TRUE,224.34,261.7,37.36,36.2,,37.36,PASS,0,
VEH-0205,6,Body,FALSE,261.7,298.29,,36.2,,36.59,,0,
VEH-0205,7,Body,FALSE,298.29,329.63,,32.3,,31.34,,0,
VEH-0205,8,Body,FALSE,329.63,410.15,,64.6,,80.52,,0,
VEH-0205,9,Body,FALSE,410.15,465.63,,54,,55.48,PASS,0,
VEH-0205,10,Body,TRUE,465.63,527.31,61.68,58.3,,61.68,,0,
VEH-0205,11,Body,TRUE,527.31,559.6,32.29,30.8,,32.29,PASS,0,
VEH-0205,12,Body,TRUE,559.6,630.09,70.49,68.8,,70.49,,0,
VEH-0205,13,Body,TRUE,630.09,689.82,59.73,63.3,48.67,59.73,PASS,0,
VEH-0205,14,Body,TRUE,689.82,725.61,35.79,38.5,46.42,35.79,,0,
VEH-0205,16,Paint,FALSE,763.71,798.83,,37.3,,35.12,,0,
VEH-0205,17,Paint,TRUE,798.83,840.77,41.94,42.2,,41.94,,0,
VEH-0205,18,Paint,FALSE,840.77,891.57,,51,,50.8,,0,
VEH-0205,19,Paint,TRUE,891.57,941.95,50.38,47.3,43.93,50.38,,0,
VEH-0205,20,Paint,TRUE,941.95,983.01,41.06,41.6,,41.06,,0,
VEH-0205,21,Paint,TRUE,983.01,1031.13,48.12,54.5,,48.12,,0,
VEH-0205,23,Final Assembly,TRUE,1069.82,1109.28,39.46,41.7,,39.46,,0,
VEH-0205,24,Final Assembly,TRUE,1109.28,1154.71,45.43,44.7,,45.43,,0,
VEH-0205,25,Final Assembly,TRUE,1154.71,1202.67,47.96,48.2,,47.96,,0,
VEH-0205,27,Final Assembly,TRUE,1263.77,1303.31,39.54,38,47.51,39.54,,0,
VEH-0205,28,Final Assembly,FALSE,1303.31,1354.55,,50.6,,51.24,,0,
VEH-0205,29,Final Assembly,TRUE,1354.55,1410.01,55.46,53.7,45.49,55.46,,0,
VEH-0205,30,Final Assembly,TRUE,1410.01,1443.53,33.52,31.9,,33.52,,0,
VEH-0205,31,Final Assembly,TRUE,1443.53,1496.58,53.05,54.3,,53.05,,0,
VEH-0205,32,Final Assembly,TRUE,1496.58,1535.36,38.78,36.8,,38.78,PASS,0,
VEH-0205,33,Final Assembly,TRUE,1535.36,1569.77,34.41,32.6,46.62,34.41,,0,
VEH-0205,34,Final Assembly,TRUE,1569.77,1635.53,65.76,68,,65.76,,0,
VEH-0205,35,Final Assembly,TRUE,1635.53,1703.55,68.02,68.6,,68.02,,0,
VEH-0205,36,Final Assembly,TRUE,1703.55,1766.6,63.05,62.3,42.94,63.05,,0,
VEH-0205,37,Final Assembly,TRUE,1766.6,1812.17,45.57,42.2,,45.57,,0,
VEH-0205,38,Final Assembly,TRUE,1812.17,1846.05,33.88,33.9,,33.88,,0,
VEH-0205,39,Final Assembly,FALSE,1846.05,1904.26,,57.4,,58.21,,0,
VEH-0205,40,Final Assembly,TRUE,1904.26,1950.49,46.23,47.6,,46.23,,0,
VEH-0206,1,Body,FALSE,0,42.01,,45,,42.01,,0,
VEH-0206,2,Body,FALSE,42.01,114.73,,68,,72.72,,0,
VEH-0206,3,Body,FALSE,114.73,175.28,,59.3,,60.55,,0,
VEH-0206,4,Body,TRUE,175.28,228.53,53.25,53.9,,53.25,,0,
VEH-0206,5,Body,TRUE,228.53,265.36,36.83,36.2,,36.83,PASS,0,
VEH-0206,6,Body,FALSE,265.36,305.25,,36.2,,39.89,,0,
VEH-0206,7,Body,FALSE,305.25,338.76,,32.3,,33.51,,0,
VEH-0206,8,Body,FALSE,338.76,415.32,,64.6,,76.56,,0,
VEH-0206,10,Body,TRUE,469.27,527.95,58.68,58.3,,58.68,,0,
VEH-0206,11,Body,TRUE,527.95,559.77,31.82,30.8,,31.82,PASS,0,
VEH-0206,12,Body,TRUE,559.77,629.39,69.62,68.8,,69.62,,0,
VEH-0206,14,Body,TRUE,698.7,733.86,35.16,38.5,45.32,35.16,,0,
VEH-0206,15,Body,FALSE,733.86,770.34,,37.3,,36.48,PASS,0,
VEH-0206,16,Paint,FALSE,770.34,804.84,,37.3,,34.5,,0,
VEH-0206,17,Paint,TRUE,804.84,845.56,40.72,42.2,,40.72,,0,
VEH-0206,18,Paint,FALSE,845.56,895.65,,51,,50.09,,0,
VEH-0206,19,Paint,TRUE,895.65,945.64,49.99,47.3,42.78,49.99,,0,
VEH-0206,20,Paint,TRUE,945.64,987.97,42.33,41.6,,42.33,,0,
VEH-0206,21,Paint,TRUE,987.97,1048.53,60.56,54.5,,60.56,,0,
VEH-0206,22,Paint,TRUE,1048.53,1083.82,35.29,35.6,,35.29,PASS,0,
VEH-0206,23,Final Assembly,TRUE,1083.82,1125.09,41.27,41.7,,41.27,,0,
VEH-0206,24,Final Assembly,TRUE,1125.09,1171.4,46.31,44.7,,46.31,,0,
VEH-0206,25,Final Assembly,TRUE,1171.4,1220.86,49.46,48.2,,49.46,,0,
VEH-0206,26,Final Assembly,TRUE,1220.86,1286.61,65.75,61.4,,65.75,PASS,0,
VEH-0206,27,Final Assembly,TRUE,1286.61,1324.29,37.68,38,46.05,37.68,,0,
VEH-0206,28,Final Assembly,FALSE,1324.29,1376.71,,50.6,,52.42,,0,
VEH-0206,29,Final Assembly,TRUE,1376.71,1429.51,52.8,53.7,44.83,52.8,,0,
VEH-0206,30,Final Assembly,TRUE,1429.51,1461.39,31.88,31.9,,31.88,,0,
VEH-0206,31,Final Assembly,TRUE,1461.39,1512.34,50.95,54.3,,50.95,,0,
VEH-0206,33,Final Assembly,TRUE,1548.42,1583.46,35.04,32.6,46.56,35.04,,0,
VEH-0206,34,Final Assembly,TRUE,1583.46,1649.49,66.03,68,,66.03,,0,
VEH-0206,35,Final Assembly,TRUE,1649.49,1718.04,68.55,68.6,,68.55,,0,
VEH-0206,36,Final Assembly,TRUE,1718.04,1783.37,65.33,62.3,45.67,65.33,,0,
VEH-0206,37,Final Assembly,TRUE,1783.37,1827.26,43.89,42.2,,43.89,,0,
VEH-0206,38,Final Assembly,TRUE,1827.26,1862.07,34.81,33.9,,34.81,,0,
VEH-0206,39,Final Assembly,FALSE,1862.07,1920.09,,57.4,,58.02,,0,
VEH-0206,40,Final Assembly,TRUE,1920.09,1967.3,47.21,47.6,,47.21,,0,
VEH-0207,1,Body,FALSE,0,47.64,,45,,47.64,,0,
VEH-0207,2,Body,FALSE,47.64,113.86,,68,,66.22,,0,
VEH-0207,3,Body,FALSE,113.86,178.96,,59.3,,65.1,,0,
VEH-0207,4,Body,TRUE,178.96,233.71,54.75,53.9,,54.75,,0,
VEH-0207,5,Body,TRUE,233.71,268.02,34.31,36.2,,34.31,PASS,0,
VEH-0207,6,Body,FALSE,268.02,304.89,,36.2,,36.87,,0,
VEH-0207,7,Body,FALSE,304.89,336.57,,32.3,,31.68,,0,
VEH-0207,8,Body,FALSE,336.57,416.78,,64.6,,80.21,,0,
VEH-0207,9,Body,FALSE,416.78,470.66,,54,,53.88,PASS,0,
VEH-0207,10,Body,TRUE,470.66,529.18,58.52,58.3,,58.52,,0,
VEH-0207,11,Body,TRUE,529.18,558.58,29.4,30.8,,29.4,PASS,0,
VEH-0207,12,Body,TRUE,558.58,630.79,72.21,68.8,,72.21,,0,
VEH-0207,14,Body,TRUE,690.43,729.64,39.21,38.5,47.4,39.21,,0,
VEH-0207,15,Body,FALSE,729.64,766.28,,37.3,,36.64,PASS,0,
VEH-0207,16,Paint,FALSE,766.28,804.88,,37.3,,38.6,,0,
VEH-0207,17,Paint,TRUE,804.88,849.34,44.46,42.2,,44.46,,0,
VEH-0207,18,Paint,FALSE,849.34,902.42,,51,,53.08,,0,
VEH-0207,19,Paint,TRUE,902.42,948.99,46.57,47.3,43.36,46.57,,0,
VEH-0207,20,Paint,TRUE,948.99,986,37.01,41.6,,37.01,,0,
VEH-0207,21,Paint,TRUE,986,1039.78,53.78,54.5,,53.78,,0,
VEH-0207,23,Final Assembly,TRUE,1077.48,1116.83,39.35,41.7,,39.35,,0,
VEH-0207,24,Final Assembly,TRUE,1116.83,1163.1,46.27,44.7,,46.27,,0,
VEH-0207,25,Final Assembly,TRUE,1163.1,1209.01,45.91,48.2,,45.91,,0,
VEH-0207,27,Final Assembly,TRUE,1270.74,1310.08,39.34,38,44.01,39.34,,0,
VEH-0207,28,Final Assembly,FALSE,1310.08,1361.11,,50.6,,51.03,,0,
VEH-0207,29,Final Assembly,TRUE,1361.11,1413.69,52.58,53.7,46.06,52.58,,0,
VEH-0207,30,Final Assembly,TRUE,1413.69,1445.96,32.27,31.9,,32.27,,0,
VEH-0207,31,Final Assembly,TRUE,1445.96,1500.41,54.45,54.3,,54.45,,0,
VEH-0207,33,Final Assembly,TRUE,1540.08,1573.76,33.68,32.6,43.96,33.68,,0,
VEH-0207,34,Final Assembly,TRUE,1573.76,1641.47,67.71,68,,67.71,,0,
VEH-0207,35,Final Assembly,TRUE,1641.47,1709.81,68.34,68.6,,68.34,,0,
VEH-0207,36,Final Assembly,TRUE,1709.81,1772.36,62.55,62.3,48.79,62.55,,0,
VEH-0207,37,Final Assembly,TRUE,1772.36,1815.34,42.98,42.2,,42.98,,0,
VEH-0207,38,Final Assembly,TRUE,1815.34,1845.78,30.44,33.9,,30.44,,0,
VEH-0207,39,Final Assembly,FALSE,1845.78,1901.62,,57.4,,55.84,,0,
VEH-0207,40,Final Assembly,TRUE,1901.62,1944.62,43,47.6,,43,,0,
VEH-0208,1,Body,FALSE,0,44.26,,45,,44.26,,0,
VEH-0208,2,Body,FALSE,44.26,115.17,,68,,70.91,,0,
VEH-0208,3,Body,FALSE,115.17,172.88,,59.3,,57.71,,0,
VEH-0208,4,Body,TRUE,172.88,228.89,56.01,53.9,,56.01,,0,
VEH-0208,5,Body,TRUE,228.89,265.58,36.69,36.2,,36.69,PASS,0,
VEH-0208,6,Body,FALSE,265.58,304.25,,36.2,,38.67,,0,
VEH-0208,7,Body,FALSE,304.25,337.74,,32.3,,33.49,,0,
VEH-0208,8,Body,FALSE,337.74,418.32,,64.6,,80.58,,0,
VEH-0208,10,Body,TRUE,475.91,534.25,58.34,58.3,,58.34,,0,
VEH-0208,11,Body,TRUE,534.25,563.86,29.61,30.8,,29.61,PASS,0,
VEH-0208,12,Body,TRUE,563.86,633.35,69.49,68.8,,69.49,,0,
VEH-0208,14,Body,TRUE,695.52,734.14,38.62,38.5,45.6,38.62,,0,
VEH-0208,15,Body,FALSE,734.14,769.2,,37.3,,35.06,PASS,0,
VEH-0208,16,Paint,FALSE,769.2,807.45,,37.3,,38.25,,0,
VEH-0208,17,Paint,TRUE,807.45,846.94,39.49,42.2,,39.49,,0,
VEH-0208,18,Paint,FALSE,846.94,900.39,,51,,53.45,,0,
VEH-0208,19,Paint,TRUE,900.39,949.96,49.57,47.3,45.52,49.57,,0,
VEH-0208,20,Paint,TRUE,949.96,992.2,42.24,41.6,,42.24,,0,
VEH-0208,21,Paint,TRUE,992.2,1046.09,53.89,54.5,,53.89,,0,
VEH-0208,23,Final Assembly,TRUE,1080.62,1122.29,41.67,41.7,,41.67,,0,
VEH-0208,24,Final Assembly,TRUE,1122.29,1171.43,49.14,44.7,,49.14,,0,
VEH-0208,25,Final Assembly,TRUE,1171.43,1220.18,48.75,48.2,,48.75,,0,
VEH-0208,26,Final Assembly,TRUE,1220.18,1277.45,57.27,61.4,,57.27,PASS,0,
VEH-0208,27,Final Assembly,TRUE,1277.45,1312.2,34.75,38,42.84,34.75,,0,
VEH-0208,28,Final Assembly,FALSE,1312.2,1361.84,,50.6,,49.64,,0,
VEH-0208,29,Final Assembly,TRUE,1361.84,1418.94,57.1,53.7,43.46,57.1,,0,
VEH-0208,30,Final Assembly,TRUE,1418.94,1453.1,34.16,31.9,,34.16,,0,
VEH-0208,31,Final Assembly,TRUE,1453.1,1507.89,54.79,54.3,,54.79,,0,
VEH-0208,33,Final Assembly,TRUE,1545.58,1578.92,33.34,32.6,45.89,33.34,,0,
VEH-0208,34,Final Assembly,TRUE,1578.92,1645.52,66.6,68,,66.6,,0,
VEH-0208,35,Final Assembly,TRUE,1645.52,1706.11,60.59,68.6,,60.59,,0,
VEH-0208,36,Final Assembly,TRUE,1706.11,1766.57,60.46,62.3,43.67,60.46,,0,
VEH-0208,37,Final Assembly,TRUE,1766.57,1809.43,42.86,42.2,,42.86,,0,
VEH-0208,38,Final Assembly,TRUE,1809.43,1843.7,34.27,33.9,,34.27,,0,
VEH-0208,39,Final Assembly,FALSE,1843.7,1900.32,,57.4,,56.62,,0,
VEH-0208,40,Final Assembly,TRUE,1900.32,1952.1,51.78,47.6,,51.78,,0,
VEH-0209,1,Body,FALSE,0,45.56,,45,,45.56,,0,
VEH-0209,2,Body,FALSE,45.56,111.31,,68,,65.75,,0,
VEH-0209,3,Body,FALSE,111.31,171.95,,59.3,,60.64,,0,
VEH-0209,4,Body,TRUE,171.95,225.13,53.18,53.9,,53.18,,0,
VEH-0209,5,Body,TRUE,225.13,263.01,37.88,36.2,,37.88,PASS,0,
VEH-0209,6,Body,FALSE,263.01,296.86,,36.2,,33.85,,0,
VEH-0209,7,Body,FALSE,296.86,332.97,,32.3,,36.11,,0,
VEH-0209,8,Body,FALSE,332.97,414.55,,64.6,,81.58,,0,
VEH-0209,10,Body,TRUE,464,520.23,56.23,58.3,,56.23,,0,
VEH-0209,12,Body,TRUE,552.29,625.14,72.85,68.8,,72.85,,0,
VEH-0209,13,Body,TRUE,625.14,684.41,59.27,63.3,46.07,59.27,PASS,0,
VEH-0209,14,Body,TRUE,684.41,719.15,34.74,38.5,44.87,34.74,,0,
VEH-0209,16,Paint,FALSE,758.52,794.79,,37.3,,36.27,,0,
VEH-0209,17,Paint,TRUE,794.79,833.81,39.02,42.2,,39.02,,0,
VEH-0209,18,Paint,FALSE,833.81,885.18,,51,,51.37,,0,
VEH-0209,19,Paint,TRUE,885.18,931.05,45.87,47.3,45.94,45.87,,0,
VEH-0209,20,Paint,TRUE,931.05,970.81,39.76,41.6,,39.76,,0,
VEH-0209,21,Paint,TRUE,970.81,1023.2,52.39,54.5,,52.39,,0,
VEH-0209,22,Paint,TRUE,1023.2,1055.2,32,35.6,,32,PASS,0,
VEH-0209,23,Final Assembly,TRUE,1055.2,1097.26,42.06,41.7,,42.06,,0,
VEH-0209,24,Final Assembly,TRUE,1097.26,1141.6,44.34,44.7,,44.34,,0,
VEH-0209,25,Final Assembly,TRUE,1141.6,1186.94,45.34,48.2,,45.34,,0,
VEH-0209,27,Final Assembly,TRUE,1248.93,1288.88,39.95,38,44.68,39.95,,0,
VEH-0209,28,Final Assembly,FALSE,1288.88,1340.16,,50.6,,51.28,,0,
VEH-0209,29,Final Assembly,TRUE,1340.16,1394.6,54.44,53.7,43.19,54.44,,0,
VEH-0209,30,Final Assembly,TRUE,1394.6,1429.77,35.17,31.9,,35.17,,0,
VEH-0209,31,Final Assembly,TRUE,1429.77,1482.79,53.02,54.3,,53.02,,0,
VEH-0209,32,Final Assembly,TRUE,1482.79,1520.8,38.01,36.8,,38.01,PASS,0,
VEH-0209,33,Final Assembly,TRUE,1520.8,1554.65,33.85,32.6,44.79,33.85,,0,
VEH-0209,34,Final Assembly,TRUE,1554.65,1624.71,70.06,68,,70.06,,0,
VEH-0209,35,Final Assembly,TRUE,1624.71,1694.15,69.44,68.6,,69.44,,0,
VEH-0209,36,Final Assembly,TRUE,1694.15,1752.03,57.88,62.3,44.5,57.88,,0,
VEH-0209,37,Final Assembly,TRUE,1752.03,1792.94,40.91,42.2,,40.91,,0,
VEH-0209,38,Final Assembly,TRUE,1792.94,1826.06,33.12,33.9,,33.12,,0,
VEH-0209,39,Final Assembly,FALSE,1826.06,1879.72,,57.4,,53.66,,0,
VEH-0209,40,Final Assembly,TRUE,1879.72,1930,50.28,47.6,,50.28,,0,
VEH-0210,1,Body,FALSE,0,48.6,,45,,48.6,,0,
VEH-0210,2,Body,FALSE,48.6,120.44,,68,,71.84,,0,
VEH-0210,3,Body,FALSE,120.44,183.18,,59.3,,62.74,,0,
VEH-0210,4,Body,TRUE,183.18,242.66,59.48,53.9,,59.48,,0,
VEH-0210,5,Body,TRUE,242.66,281.96,39.3,36.2,,39.3,PASS,0,
VEH-0210,6,Body,FALSE,281.96,316.53,,36.2,,34.57,,0,
VEH-0210,7,Body,FALSE,316.53,350.32,,32.3,,33.79,,0,
VEH-0210,8,Body,FALSE,350.32,431.97,,64.6,,81.65,,0,
VEH-0210,10,Body,TRUE,485.03,544.66,59.63,58.3,,59.63,,0,
VEH-0210,12,Body,TRUE,572.57,634.82,62.25,68.8,,62.25,,0,
VEH-0210,13,Body,TRUE,634.82,692.68,57.86,63.3,45.58,57.86,PASS,0,
VEH-0210,14,Body,TRUE,692.68,732.02,39.34,38.5,44.59,39.34,,0,
VEH-0210,15,Body,FALSE,732.02,772.52,,37.3,,40.5,PASS,0,
VEH-0210,16,Paint,FALSE,772.52,811.66,,37.3,,39.14,,0,
VEH-0210,17,Paint,TRUE,811.66,850.49,38.83,42.2,,38.83,,0,
VEH-0210,18,Paint,FALSE,850.49,901.05,,51,,50.56,,0,
VEH-0210,19,Paint,TRUE,901.05,946.13,45.08,47.3,45.62,45.08,,0,
VEH-0210,20,Paint,TRUE,946.13,987.67,41.54,41.6,,41.54,,0,
VEH-0210,21,Paint,TRUE,987.67,1039.76,52.09,54.5,,52.09,,0,
VEH-0210,22,Paint,TRUE,1039.76,1078.38,38.62,35.6,,38.62,PASS,0,
VEH-0210,23,Final Assembly,TRUE,1078.38,1120.2,41.82,41.7,,41.82,,0,
VEH-0210,24,Final Assembly,TRUE,1120.2,1163.97,43.77,44.7,,43.77,,0,
VEH-0210,25,Final Assembly,TRUE,1163.97,1211.56,47.59,48.2,,47.59,,0,
VEH-0210,26,Final Assembly,TRUE,1211.56,1277.93,66.37,61.4,,66.37,PASS,0,
VEH-0210,27,Final Assembly,TRUE,1277.93,1317.66,39.73,38,44.76,39.73,,0,
VEH-0210,28,Final Assembly,FALSE,1317.66,1365.75,,50.6,,48.09,,0,
VEH-0210,29,Final Assembly,TRUE,1365.75,1417.2,51.45,53.7,44.28,51.45,,0,
VEH-0210,30,Final Assembly,TRUE,1417.2,1449.91,32.71,31.9,,32.71,,0,
VEH-0210,31,Final Assembly,TRUE,1449.91,1506.26,56.35,54.3,,56.35,,0,
VEH-0210,33,Final Assembly,TRUE,1541.73,1575.64,33.91,32.6,43.64,33.91,,0,
VEH-0210,34,Final Assembly,TRUE,1575.64,1641.56,65.92,68,,65.92,,0,
VEH-0210,35,Final Assembly,TRUE,1641.56,1705.19,63.63,68.6,,63.63,,0,
VEH-0210,36,Final Assembly,TRUE,1705.19,1762.87,57.68,62.3,43.62,57.68,,0,
VEH-0210,37,Final Assembly,TRUE,1762.87,1805.02,42.15,42.2,,42.15,,0,
VEH-0210,38,Final Assembly,TRUE,1805.02,1837.23,32.21,33.9,,32.21,,0,
VEH-0210,39,Final Assembly,FALSE,1837.23,1898.93,,57.4,,61.7,,0,
VEH-0210,40,Final Assembly,TRUE,1898.93,1944.31,45.38,47.6,,45.38,,0,
VEH-0211,1,Body,FALSE,0,46.67,,45,,46.67,,0,
VEH-0211,2,Body,FALSE,46.67,116.95,,68,,70.28,,0,
VEH-0211,3,Body,FALSE,116.95,177.12,,59.3,,60.17,,0,
VEH-0211,4,Body,TRUE,177.12,230.49,53.37,53.9,,53.37,,0,
VEH-0211,5,Body,TRUE,230.49,267.66,37.17,36.2,,37.17,PASS,0,
VEH-0211,6,Body,FALSE,267.66,302.14,,36.2,,34.48,,0,
VEH-0211,7,Body,FALSE,302.14,333.08,,32.3,,30.94,,0,
VEH-0211,8,Body,FALSE,333.08,412.09,,64.6,,79.01,,0,
VEH-0211,10,Body,TRUE,466.56,519.53,52.97,58.3,,52.97,,0,
VEH-0211,12,Body,TRUE,551.03,622.49,71.46,68.8,,71.46,,0,
VEH-0211,14,Body,TRUE,685.55,722.73,37.18,38.5,44.46,37.18,,0,
VEH-0211,15,Body,FALSE,722.73,759.3,,37.3,,36.57,PASS,0,
VEH-0211,16,Paint,FALSE,759.3,796.46,,37.3,,37.16,,0,
VEH-0211,17,Paint,TRUE,796.46,837.97,41.51,42.2,,41.51,,0,
VEH-0211,18,Paint,FALSE,837.97,885.38,,51,,47.41,,0,
VEH-0211,19,Paint,TRUE,885.38,931.39,46.01,47.3,44.85,46.01,,0,
VEH-0211,20,Paint,TRUE,931.39,975.55,44.16,41.6,,44.16,,0,
VEH-0211,21,Paint,TRUE,975.55,1036.06,60.51,54.5,,60.51,,0,
VEH-0211,22,Paint,TRUE,1036.06,1074.04,37.98,35.6,,37.98,PASS,0,
VEH-0211,23,Final Assembly,TRUE,1074.04,1114.12,40.08,41.7,,40.08,,0,
VEH-0211,24,Final Assembly,TRUE,1114.12,1157.26,43.14,44.7,,43.14,,0,
VEH-0211,25,Final Assembly,TRUE,1157.26,1205.08,47.82,48.2,,47.82,,0,
VEH-0211,27,Final Assembly,TRUE,1271.96,1309.65,37.69,38,43.01,37.69,,0,
VEH-0211,28,Final Assembly,FALSE,1309.65,1358.98,,50.6,,49.33,,0,
VEH-0211,29,Final Assembly,TRUE,1358.98,1414.72,55.74,53.7,46.03,55.74,,0,
VEH-0211,30,Final Assembly,TRUE,1414.72,1446.3,31.58,31.9,,31.58,,0,
VEH-0211,31,Final Assembly,TRUE,1446.3,1502.45,56.15,54.3,,56.15,,0,
VEH-0211,33,Final Assembly,TRUE,1535.07,1567.84,32.77,32.6,46.29,32.77,,0,
VEH-0211,34,Final Assembly,TRUE,1567.84,1633.01,65.17,68,,65.17,,0,
VEH-0211,35,Final Assembly,TRUE,1633.01,1698.74,65.73,68.6,,65.73,,0,
VEH-0211,36,Final Assembly,TRUE,1698.74,1755.22,56.48,62.3,47.38,56.48,,0,
VEH-0211,37,Final Assembly,TRUE,1755.22,1795.9,40.68,42.2,,40.68,,0,
VEH-0211,38,Final Assembly,TRUE,1795.9,1830.21,34.31,33.9,,34.31,,0,
VEH-0211,39,Final Assembly,FALSE,1830.21,1889.34,,57.4,,59.13,,0,
VEH-0211,40,Final Assembly,TRUE,1889.34,1940.54,51.2,47.6,,51.2,,0,
VEH-0212,1,Body,FALSE,0,44.65,,45,,44.65,,0,
VEH-0212,2,Body,FALSE,44.65,114.17,,68,,69.52,,0,
VEH-0212,3,Body,FALSE,114.17,168.18,,59.3,,54.01,,0,
VEH-0212,4,Body,TRUE,168.18,223.34,55.16,53.9,,55.16,,0,
VEH-0212,5,Body,TRUE,223.34,257.5,34.16,36.2,,34.16,PASS,0,
VEH-0212,6,Body,FALSE,257.5,295.4,,36.2,,37.9,,0,
VEH-0212,7,Body,FALSE,295.4,331.16,,32.3,,35.76,,0,
VEH-0212,8,Body,FALSE,331.16,407.72,,64.6,,76.56,,0,
VEH-0212,9,Body,FALSE,407.72,458.08,,54,,50.36,PASS,0,
VEH-0212,10,Body,TRUE,458.08,515.85,57.77,58.3,,57.77,,0,
VEH-0212,12,Body,TRUE,546.24,617.31,71.07,68.8,,71.07,,0,
VEH-0212,14,Body,TRUE,681.35,720.02,38.67,38.5,43.32,38.67,,0,
VEH-0212,16,Paint,FALSE,758.86,799.17,,37.3,,40.31,,0,
VEH-0212,17,Paint,TRUE,799.17,838.84,39.67,42.2,,39.67,,0,
VEH-0212,18,Paint,FALSE,838.84,885.81,,51,,46.97,,0,
VEH-0212,19,Paint,TRUE,885.81,932.16,46.35,47.3,43.17,46.35,,0,
VEH-0212,20,Paint,TRUE,932.16,971.11,38.95,41.6,,38.95,,0,
VEH-0212,21,Paint,TRUE,971.11,1021.78,50.67,54.5,,50.67,,0,
VEH-0212,22,Paint,TRUE,1021.78,1057.04,35.26,35.6,,35.26,PASS,0,
VEH-0212,23,Final Assembly,TRUE,1057.04,1097.88,40.84,41.7,,40.84,,0,
VEH-0212,24,Final Assembly,TRUE,1097.88,1143.42,45.54,44.7,,45.54,,0,
VEH-0212,25,Final Assembly,TRUE,1143.42,1190.26,46.84,48.2,,46.84,,0,
VEH-0212,27,Final Assembly,TRUE,1247.92,1285.89,37.97,38,43.41,37.97,,0,
VEH-0212,28,Final Assembly,FALSE,1285.89,1337.79,,50.6,,51.9,,0,
VEH-0212,29,Final Assembly,TRUE,1337.79,1387.01,49.22,53.7,41.75,49.22,,0,
VEH-0212,30,Final Assembly,TRUE,1387.01,1416.35,29.34,31.9,,29.34,,0,
VEH-0212,31,Final Assembly,TRUE,1416.35,1469.52,53.17,54.3,,53.17,,0,
VEH-0212,32,Final Assembly,TRUE,1469.52,1505.79,36.27,36.8,,36.27,PASS,0,
VEH-0212,33,Final Assembly,TRUE,1505.79,1538.61,32.82,32.6,44.15,32.82,,0,
VEH-0212,34,Final Assembly,TRUE,1538.61,1603.73,65.12,68,,65.12,,0,
VEH-0212,35,Final Assembly,TRUE,1603.73,1677.25,73.52,68.6,,73.52,,0,
VEH-0212,36,Final Assembly,TRUE,1677.25,1743.2,65.95,62.3,46.48,65.95,,0,
VEH-0212,37,Final Assembly,TRUE,1743.2,1786.05,42.85,42.2,,42.85,,0,
VEH-0212,38,Final Assembly,TRUE,1786.05,1820.61,34.56,33.9,,34.56,,0,
VEH-0212,39,Final Assembly,FALSE,1820.61,1875.7,,57.4,,55.09,,0,
VEH-0212,40,Final Assembly,TRUE,1875.7,1923.64,47.94,47.6,,47.94,,0,
VEH-0213,1,Body,FALSE,0,46.58,,45,,46.58,,0,
VEH-0213,2,Body,FALSE,46.58,115,,68,,68.42,,0,
VEH-0213,3,Body,FALSE,115,171.08,,59.3,,56.08,,0,
VEH-0213,4,Body,TRUE,171.08,221.11,50.03,53.9,,50.03,,0,
VEH-0213,5,Body,TRUE,221.11,257.5,36.39,36.2,,36.39,PASS,0,
VEH-0213,6,Body,FALSE,257.5,292.72,,36.2,,35.22,,0,
VEH-0213,7,Body,FALSE,292.72,326.5,,32.3,,33.78,,0,
VEH-0213,8,Body,FALSE,326.5,407.72,,64.6,,81.22,,0,
VEH-0213,10,Body,TRUE,461.22,516.14,54.92,58.3,,54.92,,0,
VEH-0213,12,Body,TRUE,547.73,613.03,65.3,68.8,,65.3,,0,
VEH-0213,14,Body,TRUE,673.93,712.16,38.23,38.5,46.76,38.23,,0,
VEH-0213,15,Body,FALSE,712.16,749.45,,37.3,,37.29,PASS,0,
VEH-0213,16,Paint,FALSE,749.45,785.93,,37.3,,36.48,,0,
VEH-0213,17,Paint,TRUE,785.93,824.91,38.98,42.2,,38.98,,0,
VEH-0213,18,Paint,FALSE,824.91,877.32,,51,,52.41,,0,
VEH-0213,19,Paint,TRUE,877.32,922.78,45.46,47.3,45.18,45.46,,0,
VEH-0213,20,Paint,TRUE,922.78,963.64,40.86,41.6,,40.86,,0,
VEH-0213,21,Paint,TRUE,963.64,1020.43,56.79,54.5,,56.79,,0,
VEH-0213,23,Final Assembly,TRUE,1055.75,1097.33,41.58,41.7,,41.58,,0,
VEH-0213,24,Final Assembly,TRUE,1097.33,1143.12,45.79,44.7,,45.79,,0,
VEH-0213,25,Final Assembly,TRUE,1143.12,1196.4,53.28,48.2,,53.28,,0,
VEH-0213,26,Final Assembly,TRUE,1196.4,1260.53,64.13,61.4,,64.13,PASS,0,
VEH-0213,27,Final Assembly,TRUE,1260.53,1298.36,37.83,38,45,37.83,,0,
VEH-0213,28,Final Assembly,FALSE,1298.36,1347.63,,50.6,,49.27,,0,
VEH-0213,29,Final Assembly,TRUE,1347.63,1398.77,51.14,53.7,44.17,51.14,,0,
VEH-0213,30,Final Assembly,TRUE,1398.77,1429.44,30.67,31.9,,30.67,,0,
VEH-0213,31,Final Assembly,TRUE,1429.44,1485.51,56.07,54.3,,56.07,,0,
VEH-0213,32,Final Assembly,TRUE,1485.51,1520.34,34.83,36.8,,34.83,PASS,0,
VEH-0213,33,Final Assembly,TRUE,1520.34,1555.11,34.77,32.6,46.13,34.77,,0,
VEH-0213,34,Final Assembly,TRUE,1555.11,1623.18,68.07,68,,68.07,,0,
VEH-0213,35,Final Assembly,TRUE,1623.18,1691.78,68.6,68.6,,68.6,,0,
VEH-0213,36,Final Assembly,TRUE,1691.78,1752.34,60.56,62.3,45.41,60.56,,0,
VEH-0213,37,Final Assembly,TRUE,1752.34,1796.84,44.5,42.2,,44.5,,0,
VEH-0213,38,Final Assembly,TRUE,1796.84,1829.54,32.7,33.9,,32.7,,0,
VEH-0213,39,Final Assembly,FALSE,1829.54,1882.54,,57.4,,53,,0,
VEH-0213,40,Final Assembly,TRUE,1882.54,1931.81,49.27,47.6,,49.27,,0,
VEH-0214,1,Body,FALSE,0,45.73,,45,,45.73,,0,
VEH-0214,2,Body,FALSE,45.73,108.52,,68,,62.79,,0,
VEH-0214,3,Body,FALSE,108.52,166.06,,59.3,,57.54,,0,
VEH-0214,4,Body,TRUE,166.06,223.34,57.28,53.9,,57.28,,0,
VEH-0214,5,Body,TRUE,223.34,260.07,36.73,36.2,,36.73,PASS,0,
VEH-0214,6,Body,FALSE,260.07,296.88,,36.2,,36.81,,0,
VEH-0214,7,Body,FALSE,296.88,329.56,,32.3,,32.68,,0,
VEH-0214,8,Body,FALSE,329.56,407.53,,64.6,,77.97,,0,
VEH-0214,9,Body,FALSE,407.53,461.42,,54,,53.89,PASS,0,
VEH-0214,10,Body,TRUE,461.42,518.54,57.12,58.3,,57.12,,0,
VEH-0214,12,Body,TRUE,550.66,618.1,67.44,68.8,,67.44,,0,
VEH-0214,14,Body,TRUE,681.04,718.91,37.87,38.5,44.89,37.87,,0,
VEH-0214,15,Body,FALSE,718.91,755.54,,37.3,,36.63,PASS,0,
VEH-0214,16,Paint,FALSE,755.54,792.67,,37.3,,37.13,,0,
VEH-0214,17,Paint,TRUE,792.67,834.19,41.52,42.2,,41.52,,0,
VEH-0214,18,Paint,FALSE,834.19,883.82,,51,,49.63,,0,
VEH-0214,19,Paint,TRUE,883.82,929.45,45.63,47.3,44.74,45.63,,0,
VEH-0214,20,Paint,TRUE,929.45,973.17,43.72,41.6,,43.72,,0,
VEH-0214,21,Paint,TRUE,973.17,1029.37,56.2,54.5,,56.2,,0,
VEH-0214,22,Paint,TRUE,1029.37,1062.16,32.79,35.6,,32.79,PASS,0,
VEH-0214,23,Final Assembly,TRUE,1062.16,1102.96,40.8,41.7,,40.8,,0,
VEH-0214,24,Final Assembly,TRUE,1102.96,1146.23,43.27,44.7,,43.27,,0,
VEH-0214,25,Final Assembly,TRUE,1146.23,1190.66,44.43,48.2,,44.43,,0,
VEH-0214,27,Final Assembly,TRUE,1252.91,1290.73,37.82,38,48.03,37.82,,0,
VEH-0214,28,Final Assembly,FALSE,1290.73,1340.48,,50.6,,49.75,,0,
VEH-0214,29,Final Assembly,TRUE,1340.48,1392.09,51.61,53.7,43.69,51.61,,0,
VEH-0214,30,Final Assembly,TRUE,1392.09,1423.27,31.18,31.9,,31.18,,0,
VEH-0214,31,Final Assembly,TRUE,1423.27,1479.17,55.9,54.3,,55.9,,0,
VEH-0214,32,Final Assembly,TRUE,1479.17,1517.27,38.1,36.8,,38.1,PASS,0,
VEH-0214,33,Final Assembly,TRUE,1517.27,1554.64,37.37,32.6,43.19,37.37,,0,
VEH-0214,34,Final Assembly,TRUE,1554.64,1622.93,68.29,68,,68.29,,0,
VEH-0214,35,Final Assembly,TRUE,1622.93,1689.18,66.25,68.6,,66.25,,0,
VEH-0214,36,Final Assembly,TRUE,1689.18,1752.57,63.39,62.3,47.07,63.39,,0,
VEH-0214,37,Final Assembly,TRUE,1752.57,1796.59,44.02,42.2,,44.02,,0,
VEH-0214,38,Final Assembly,TRUE,1796.59,1828.44,31.85,33.9,,31.85,,0,
VEH-0214,39,Final Assembly,FALSE,1828.44,1887.8,,57.4,,59.36,,0,
VEH-0214,40,Final Assembly,TRUE,1887.8,1930.37,42.57,47.6,,42.57,,0,
VEH-0215,1,Body,FALSE,0,45.66,,45,,45.66,,0,
VEH-0215,2,Body,FALSE,45.66,116.36,,68,,70.7,,0,
VEH-0215,3,Body,FALSE,116.36,169.59,,59.3,,53.23,,0,
VEH-0215,4,Body,TRUE,169.59,224.33,54.74,53.9,,54.74,,0,
VEH-0215,5,Body,TRUE,224.33,260.93,36.6,36.2,,36.6,PASS,0,
VEH-0215,6,Body,FALSE,260.93,300.15,,36.2,,39.22,,0,
VEH-0215,7,Body,FALSE,300.15,329.99,,32.3,,29.84,,0,
VEH-0215,8,Body,FALSE,329.99,413.83,,64.6,,83.84,,0,
VEH-0215,9,Body,FALSE,413.83,468.03,,54,,54.2,PASS,0,
VEH-0215,10,Body,TRUE,468.03,527.76,59.73,58.3,,59.73,,0,
VEH-0215,11,Body,TRUE,527.76,561.14,33.38,30.8,,33.38,PASS,0,
VEH-0215,12,Body,TRUE,561.14,631.87,70.73,68.8,,70.73,,0,
VEH-0215,14,Body,TRUE,696.44,734.01,37.57,38.5,44.96,37.57,,0,
VEH-0215,16,Paint,FALSE,769.98,807.2,,37.3,,37.22,,0,
VEH-0215,17,Paint,TRUE,807.2,844.47,37.27,42.2,,37.27,,0,
VEH-0215,18,Paint,FALSE,844.47,896.56,,51,,52.09,,0,
VEH-0215,19,Paint,TRUE,896.56,943.57,47.01,47.3,44.5,47.01,,0,
VEH-0215,20,Paint,TRUE,943.57,985.63,42.06,41.6,,42.06,,0,
VEH-0215,21,Paint,TRUE,985.63,1036.22,50.59,54.5,,50.59,,0,
VEH-0215,23,Final Assembly,TRUE,1075.25,1116.74,41.49,41.7,,41.49,,0,
VEH-0215,24,Final Assembly,TRUE,1116.74,1161.11,44.37,44.7,,44.37,,0,
VEH-0215,25,Final Assembly,TRUE,1161.11,1206.98,45.87,48.2,,45.87,,0,
VEH-0215,27,Final Assembly,TRUE,1268.45,1309.09,40.64,38,46.55,40.64,,0,
VEH-0215,28,Final Assembly,FALSE,1309.09,1361.85,,50.6,,52.76,,0,
VEH-0215,29,Final Assembly,TRUE,1361.85,1417.02,55.17,53.7,44.46,55.17,,0,
VEH-0215,30,Final Assembly,TRUE,1417.02,1446.61,29.59,31.9,,29.59,,0,
VEH-0215,31,Final Assembly,TRUE,1446.61,1500.37,53.76,54.3,,53.76,,0,
VEH-0215,33,Final Assembly,TRUE,1536.74,1571.05,34.31,32.6,45.46,34.31,,0,
VEH-0215,34,Final Assembly,TRUE,1571.05,1644.53,73.48,68,,73.48,,0,
VEH-0215,35,Final Assembly,TRUE,1644.53,1717.24,72.71,68.6,,72.71,,0,
VEH-0215,36,Final Assembly,TRUE,1717.24,1778.12,60.88,62.3,42.31,60.88,,0,
VEH-0215,37,Final Assembly,TRUE,1778.12,1823.24,45.12,42.2,,45.12,,0,
VEH-0215,38,Final Assembly,TRUE,1823.24,1859.45,36.21,33.9,,36.21,,0,
VEH-0215,39,Final Assembly,FALSE,1859.45,1912.93,,57.4,,53.48,,0,
VEH-0215,40,Final Assembly,TRUE,1912.93,1964.12,51.19,47.6,,51.19,,0,
VEH-0216,1,Body,FALSE,0,45.86,,45,,45.86,,0,
VEH-0216,2,Body,FALSE,45.86,112.21,,68,,66.35,,0,
VEH-0216,3,Body,FALSE,112.21,172.15,,59.3,,59.94,,0,
VEH-0216,4,Body,TRUE,172.15,225.79,53.64,53.9,,53.64,,0,
VEH-0216,5,Body,TRUE,225.79,261.66,35.87,36.2,,35.87,PASS,0,
VEH-0216,6,Body,FALSE,261.66,298.75,,36.2,,37.09,,0,
VEH-0216,7,Body,FALSE,298.75,331.17,,32.3,,32.42,,0,
VEH-0216,8,Body,FALSE,331.17,408.19,,64.6,,77.02,,0,
VEH-0216,10,Body,TRUE,460.13,518.72,58.59,58.3,,58.59,,0,
VEH-0216,11,Body,TRUE,518.72,548.37,29.65,30.8,,29.65,PASS,0,
VEH-0216,12,Body,TRUE,548.37,614.35,65.98,68.8,,65.98,,0,
VEH-0216,14,Body,TRUE,675.1,715.9,40.8,38.5,45.52,40.8,,0,
VEH-0216,16,Paint,FALSE,754.85,792.02,,37.3,,37.17,,0,
VEH-0216,17,Paint,TRUE,792.02,834.52,42.5,42.2,,42.5,,0,
VEH-0216,18,Paint,FALSE,834.52,889.74,,51,,55.22,,0,
VEH-0216,19,Paint,TRUE,889.74,939,49.26,47.3,46.41,49.26,,0,
VEH-0216,20,Paint,TRUE,939,980.05,41.05,41.6,,41.05,,0,
VEH-0216,21,Paint,TRUE,980.05,1034.54,54.49,54.5,,54.49,,0,
VEH-0216,22,Paint,TRUE,1034.54,1070.86,36.32,35.6,,36.32,PASS,0,
VEH-0216,23,Final Assembly,TRUE,1070.86,1111.29,40.43,41.7,,40.43,,0,
VEH-0216,24,Final Assembly,TRUE,1111.29,1150.7,39.41,44.7,,39.41,,0,
VEH-0216,25,Final Assembly,TRUE,1150.7,1199.86,49.16,48.2,,49.16,,0,
VEH-0216,27,Final Assembly,TRUE,1264.21,1302.31,38.1,38,44.11,38.1,,0,
VEH-0216,28,Final Assembly,FALSE,1302.31,1352.07,,50.6,,49.76,,0,
VEH-0216,29,Final Assembly,TRUE,1352.07,1400.31,48.24,53.7,44.5,48.24,,0,
VEH-0216,30,Final Assembly,TRUE,1400.31,1430.44,30.13,31.9,,30.13,,0,
VEH-0216,31,Final Assembly,TRUE,1430.44,1482.84,52.4,54.3,,52.4,,0,
VEH-0216,33,Final Assembly,TRUE,1517.5,1548.01,30.51,32.6,43.49,30.51,,0,
VEH-0216,34,Final Assembly,TRUE,1548.01,1618.16,70.15,68,,70.15,,0,
VEH-0216,35,Final Assembly,TRUE,1618.16,1685.01,66.85,68.6,,66.85,,0,
VEH-0216,36,Final Assembly,TRUE,1685.01,1743.85,58.84,62.3,46.13,58.84,,0,
VEH-0216,37,Final Assembly,TRUE,1743.85,1786.32,42.47,42.2,,42.47,,0,
VEH-0216,38,Final Assembly,TRUE,1786.32,1816.2,29.88,33.9,,29.88,,0,
VEH-0216,39,Final Assembly,FALSE,1816.2,1876.46,,57.4,,60.26,,0,
VEH-0216,40,Final Assembly,TRUE,1876.46,1924.23,47.77,47.6,,47.77,,0,
VEH-0217,1,Body,FALSE,0,42.84,,45,,42.84,,0,
VEH-0217,2,Body,FALSE,42.84,110.66,,68,,67.82,,0,
VEH-0217,3,Body,FALSE,110.66,172,,59.3,,61.34,,0,
VEH-0217,4,Body,TRUE,172,228.59,56.59,53.9,,56.59,,0,
VEH-0217,5,Body,TRUE,228.59,266.26,37.67,36.2,,37.67,PASS,0,
VEH-0217,6,Body,FALSE,266.26,301.91,,36.2,,35.65,,0,
VEH-0217,7,Body,FALSE,301.91,334.29,,32.3,,32.38,,0,
VEH-0217,8,Body,FALSE,334.29,414.42,,64.6,,80.13,,0,
VEH-0217,9,Body,FALSE,414.42,463.67,,54,,49.25,PASS,0,
VEH-0217,10,Body,TRUE,463.67,523.64,59.97,58.3,,59.97,,0,
VEH-0217,12,Body,TRUE,552.2,628.02,75.82,68.8,,75.82,,0,
VEH-0217,13,Body,TRUE,628.02,690.04,62.02,63.3,44.72,62.02,PASS,0,
VEH-0217,14,Body,TRUE,690.04,727.05,37.01,38.5,44.06,37.01,,0,
VEH-0217,15,Body,FALSE,727.05,768.58,,37.3,,41.53,PASS,0,
VEH-0217,16,Paint,FALSE,768.58,807.63,,37.3,,39.05,,0,
VEH-0217,17,Paint,TRUE,807.63,846.56,38.93,42.2,,38.93,,0,
VEH-0217,18,Paint,FALSE,846.56,901.4,,51,,54.84,,0,
VEH-0217,19,Paint,TRUE,901.4,951.52,50.12,47.3,44.58,50.12,,0,
VEH-0217,20,Paint,TRUE,951.52,993.76,42.24,41.6,,42.24,,0,
VEH-0217,21,Paint,TRUE,993.76,1048.22,54.46,54.5,,54.46,,0,
VEH-0217,22,Paint,TRUE,1048.22,1087.33,39.11,35.6,,39.11,PASS,0,
VEH-0217,23,Final Assembly,TRUE,1087.33,1127.37,40.04,41.7,,40.04,,0,
VEH-0217,24,Final Assembly,TRUE,1127.37,1172.4,45.03,44.7,,45.03,,0,
VEH-0217,25,Final Assembly,TRUE,1172.4,1219.57,47.17,48.2,,47.17,,0,
VEH-0217,26,Final Assembly,TRUE,1219.57,1276.57,57,61.4,,57,PASS,0,
VEH-0217,27,Final Assembly,TRUE,1276.57,1318.73,42.16,38,43.23,42.16,,0,
VEH-0217,28,Final Assembly,FALSE,1318.73,1369.89,,50.6,,51.16,,0,
VEH-0217,29,Final Assembly,TRUE,1369.89,1418.91,49.02,53.7,44.4,49.02,,0,
VEH-0217,30,Final Assembly,TRUE,1418.91,1451.48,32.57,31.9,,32.57,,0,
VEH-0217,31,Final Assembly,TRUE,1451.48,1503.54,52.06,54.3,,52.06,,0,
VEH-0217,33,Final Assembly,TRUE,1541.42,1573.58,32.16,32.6,46.74,32.16,,0,
VEH-0217,34,Final Assembly,TRUE,1573.58,1646.21,72.63,68,,72.63,,0,
VEH-0217,35,Final Assembly,TRUE,1646.21,1712.8,66.59,68.6,,66.59,,0,
VEH-0217,36,Final Assembly,TRUE,1712.8,1775.34,62.54,62.3,45.28,62.54,,0,
VEH-0217,37,Final Assembly,TRUE,1775.34,1818.85,43.51,42.2,,43.51,,0,
VEH-0217,38,Final Assembly,TRUE,1818.85,1852.77,33.92,33.9,,33.92,,0,
VEH-0217,39,Final Assembly,FALSE,1852.77,1910.72,,57.4,,57.95,,0,
VEH-0217,40,Final Assembly,TRUE,1910.72,1957.74,47.02,47.6,,47.02,,0,
VEH-0218,1,Body,FALSE,0,45.26,,45,,45.26,,0,
VEH-0218,2,Body,FALSE,45.26,107.05,,68,,61.79,,0,
VEH-0218,3,Body,FALSE,107.05,164.11,,59.3,,57.06,,0,
VEH-0218,4,Body,TRUE,164.11,215.59,51.48,53.9,,51.48,,0,
VEH-0218,5,Body,TRUE,215.59,252.43,36.84,36.2,,36.84,PASS,0,
VEH-0218,6,Body,FALSE,252.43,289.3,,36.2,,36.87,,0,
VEH-0218,7,Body,FALSE,289.3,322.1,,32.3,,32.8,,0,
VEH-0218,8,Body,FALSE,322.1,396.4,,64.6,,74.3,,0,
VEH-0218,9,Body,FALSE,396.4,447.38,,54,,50.98,PASS,0,
VEH-0218,10,Body,TRUE,447.38,503.88,56.5,58.3,,56.5,,0,
VEH-0218,11,Body,TRUE,503.88,534.72,30.84,30.8,,30.84,PASS,0,
VEH-0218,12,Body,TRUE,534.72,602.37,67.65,68.8,,67.65,,0,
VEH-0218,14,Body,TRUE,666.65,703.22,36.57,38.5,43.56,36.57,,0,
VEH-0218,15,Body,FALSE,703.22,740.77,,37.3,,37.55,PASS,0,
VEH-0218,16,Paint,FALSE,740.77,777.92,,37.3,,37.15,,0,
VEH-0218,17,Paint,TRUE,777.92,821.69,43.77,42.2,,43.77,,0,
VEH-0218,18,Paint,FALSE,821.69,872.71,,51,,51.02,,0,
VEH-0218,19,Paint,TRUE,872.71,924.12,51.41,47.3,42.62,51.41,,0,
VEH-0218,20,Paint,TRUE,924.12,967.47,43.35,41.6,,43.35,,0,
VEH-0218,21,Paint,TRUE,967.47,1022.51,55.04,54.5,,55.04,,0,
VEH-0218,22,Paint,TRUE,1022.51,1055.61,33.1,35.6,,33.1,PASS,0,
VEH-0218,23,Final Assembly,TRUE,1055.61,1092.99,37.38,41.7,,37.38,,0,
VEH-0218,24,Final Assembly,TRUE,1092.99,1135.17,42.18,44.7,,42.18,,0,
VEH-0218,25,Final Assembly,TRUE,1135.17,1186.28,51.11,48.2,,51.11,,0,
VEH-0218,27,Final Assembly,TRUE,1251.04,1288.8,37.76,38,44.46,37.76,,0,
VEH-0218,28,Final Assembly,FALSE,1288.8,1337.23,,50.6,,48.43,,0,
VEH-0218,29,Final Assembly,TRUE,1337.23,1390.43,53.2,53.7,44.29,53.2,,0,
VEH-0218,30,Final Assembly,TRUE,1390.43,1425.05,34.62,31.9,,34.62,,0,
VEH-0218,31,Final Assembly,TRUE,1425.05,1476,50.95,54.3,,50.95,,0,
VEH-0218,33,Final Assembly,TRUE,1513.52,1548.98,35.46,32.6,46.16,35.46,,0,
VEH-0218,34,Final Assembly,TRUE,1548.98,1613.16,64.18,68,,64.18,,0,
VEH-0218,35,Final Assembly,TRUE,1613.16,1676.47,63.31,68.6,,63.31,,0,
VEH-0218,36,Final Assembly,TRUE,1676.47,1739.63,63.16,62.3,45.23,63.16,,0,
VEH-0218,37,Final Assembly,TRUE,1739.63,1784.43,44.8,42.2,,44.8,,0,
VEH-0218,38,Final Assembly,TRUE,1784.43,1819.26,34.83,33.9,,34.83,,0,
VEH-0218,39,Final Assembly,FALSE,1819.26,1875.27,,57.4,,56.01,,0,
VEH-0218,40,Final Assembly,TRUE,1875.27,1921.55,46.28,47.6,,46.28,,0,
VEH-0219,1,Body,FALSE,0,45.89,,45,,45.89,,0,
VEH-0219,2,Body,FALSE,45.89,115.11,,68,,69.22,,0,
VEH-0219,3,Body,FALSE,115.11,171.91,,59.3,,56.8,,0,
VEH-0219,4,Body,TRUE,171.91,222.66,50.75,53.9,,50.75,,0,
VEH-0219,6,Body,FALSE,259.37,295.24,,36.2,,35.87,,0,
VEH-0219,7,Body,FALSE,295.24,331.01,,32.3,,35.77,,0,
VEH-0219,8,Body,FALSE,331.01,409.94,,64.6,,78.93,,0,
VEH-0219,10,Body,TRUE,468.84,523.72,54.88,58.3,,54.88,,0,
VEH-0219,12,Body,TRUE,552.1,617.05,64.95,68.8,,64.95,,0,
VEH-0219,14,Body,TRUE,684.12,721.11,36.99,38.5,44.31,36.99,,0,
VEH-0219,16,Paint,FALSE,756.24,790.17,,37.3,,33.93,,0,
VEH-0219,17,Paint,TRUE,790.17,833.89,43.72,42.2,,43.72,,0,
VEH-0219,18,Paint,FALSE,833.89,885.46,,51,,51.57,,0,
VEH-0219,19,Paint,TRUE,885.46,932.78,47.32,47.3,42.9,47.32,,0,
VEH-0219,20,Paint,TRUE,932.78,977.79,45.01,41.6,,45.01,,0,
VEH-0219,21,Paint,TRUE,977.79,1030.92,53.13,54.5,,53.13,,0,
VEH-0219,22,Paint,TRUE,1030.92,1067.47,36.55,35.6,,36.55,PASS,0,
VEH-0219,23,Final Assembly,TRUE,1067.47,1106.13,38.66,41.7,,38.66,,0,
VEH-0219,24,Final Assembly,TRUE,1106.13,1150.4,44.27,44.7,,44.27,,0,
VEH-0219,25,Final Assembly,TRUE,1150.4,1199.3,48.9,48.2,,48.9,,0,
VEH-0219,27,Final Assembly,TRUE,1261.7,1299.99,38.29,38,45.74,38.29,,0,
VEH-0219,28,Final Assembly,FALSE,1299.99,1347.73,,50.6,,47.74,,0,
VEH-0219,29,Final Assembly,TRUE,1347.73,1401.96,54.23,53.7,45.17,54.23,,0,
VEH-0219,30,Final Assembly,TRUE,1401.96,1434.23,32.27,31.9,,32.27,,0,
VEH-0219,31,Final Assembly,TRUE,1434.23,1488.73,54.5,54.3,,54.5,,0,
VEH-0219,32,Final Assembly,TRUE,1488.73,1523.19,34.46,36.8,,34.46,PASS,0,
VEH-0219,33,Final Assembly,TRUE,1523.19,1553.64,30.45,32.6,41.68,30.45,,0,
VEH-0219,34,Final Assembly,TRUE,1553.64,1624.42,70.78,68,,70.78,,0,
VEH-0219,35,Final Assembly,TRUE,1624.42,1695.86,71.44,68.6,,71.44,,0,
VEH-0219,36,Final Assembly,TRUE,1695.86,1760.79,64.93,62.3,45.46,64.93,,0,
VEH-0219,37,Final Assembly,TRUE,1760.79,1798.49,37.7,42.2,,37.7,,0,
VEH-0219,38,Final Assembly,TRUE,1798.49,1830.64,32.15,33.9,,32.15,,0,
VEH-0219,39,Final Assembly,FALSE,1830.64,1888.53,,57.4,,57.89,,0,
VEH-0219,40,Final Assembly,TRUE,1888.53,1936.45,47.92,47.6,,47.92,,0,
VEH-0220,1,Body,FALSE,0,44.5,,45,,44.5,,0,
VEH-0220,2,Body,FALSE,44.5,111.01,,68,,66.51,,0,
VEH-0220,3,Body,FALSE,111.01,165.63,,59.3,,54.62,,0,
VEH-0220,4,Body,TRUE,165.63,219.86,54.23,53.9,,54.23,,0,
VEH-0220,5,Body,TRUE,219.86,254.93,35.07,36.2,,35.07,PASS,0,
VEH-0220,6,Body,FALSE,254.93,290.22,,36.2,,35.29,,0,
VEH-0220,7,Body,FALSE,290.22,324.91,,32.3,,34.69,,0,
VEH-0220,8,Body,FALSE,324.91,401.06,,64.6,,76.15,,0,
VEH-0220,9,Body,FALSE,401.06,454.63,,54,,53.57,PASS,0,
VEH-0220,10,Body,TRUE,454.63,511.59,56.96,58.3,,56.96,,0,
VEH-0220,11,Body,TRUE,511.59,541.78,30.19,30.8,,30.19,PASS,0,
VEH-0220,12,Body,TRUE,541.78,620.11,78.33,68.8,,78.33,,0,
VEH-0220,13,Body,TRUE,620.11,677.91,57.8,63.3,45.97,57.8,PASS,0,
VEH-0220,14,Body,TRUE,677.91,721.09,43.18,38.5,46.62,43.18,,0,
VEH-0220,15,Body,FALSE,721.09,758.48,,37.3,,37.39,PASS,0,
VEH-0220,16,Paint,FALSE,758.48,793.6,,37.3,,35.12,,0,
VEH-0220,17,Paint,TRUE,793.6,838.55,44.95,42.2,,44.95,,0,
VEH-0220,18,Paint,FALSE,838.55,891.94,,51,,53.39,,0,
VEH-0220,19,Paint,TRUE,891.94,935.63,43.69,47.3,44.52,43.69,,0,
VEH-0220,20,Paint,TRUE,935.63,974.72,39.09,41.6,,39.09,,0,
VEH-0220,21,Paint,TRUE,974.72,1021.41,46.69,54.5,,46.69,,0,
VEH-0220,22,Paint,TRUE,1021.41,1054.82,33.41,35.6,,33.41,PASS,0,
VEH-0220,23,Final Assembly,TRUE,1054.82,1096.74,41.92,41.7,,41.92,,0,
VEH-0220,24,Final Assembly,TRUE,1096.74,1142.74,46,44.7,,46,,0,
VEH-0220,25,Final Assembly,TRUE,1142.74,1190.16,47.42,48.2,,47.42,,0,
VEH-0220,27,Final Assembly,TRUE,1255.78,1295.74,39.96,38,44.81,39.96,,0,
VEH-0220,28,Final Assembly,FALSE,1295.74,1345.7,,50.6,,49.96,,0,
VEH-0220,29,Final Assembly,TRUE,1345.7,1400.43,54.73,53.7,44.97,54.73,,0,
VEH-0220,30,Final Assembly,TRUE,1400.43,1430.06,29.63,31.9,,29.63,,0,
VEH-0220,31,Final Assembly,TRUE,1430.06,1483.56,53.5,54.3,,53.5,,0,
VEH-0220,32,Final Assembly,TRUE,1483.56,1521.58,38.02,36.8,,38.02,PASS,0,
VEH-0220,33,Final Assembly,TRUE,1521.58,1556.32,34.74,32.6,46.44,34.74,,0,
VEH-0220,34,Final Assembly,TRUE,1556.32,1625.46,69.14,68,,69.14,,0,
VEH-0220,35,Final Assembly,TRUE,1625.46,1699.06,73.6,68.6,,73.6,,0,
VEH-0220,36,Final Assembly,TRUE,1699.06,1762.68,63.62,62.3,44.87,63.62,,0,
VEH-0220,37,Final Assembly,TRUE,1762.68,1808,45.32,42.2,,45.32,,0,
VEH-0220,38,Final Assembly,TRUE,1808,1843.12,35.12,33.9,,35.12,,0,
VEH-0220,39,Final Assembly,FALSE,1843.12,1904.26,,57.4,,61.14,,0,
VEH-0220,40,Final Assembly,TRUE,1904.26,1949.03,44.77,47.6,,44.77,,0,
VEH-0221,1,Body,FALSE,0,47.45,,45,,47.45,,0,
VEH-0221,2,Body,FALSE,47.45,119,,68,,71.55,,0,
VEH-0221,3,Body,FALSE,119,175.52,,59.3,,56.52,,0,
VEH-0221,4,Body,TRUE,175.52,233.74,58.22,53.9,,58.22,,0,
VEH-0221,5,Body,TRUE,233.74,267.3,33.56,36.2,,33.56,PASS,0,
VEH-0221,6,Body,FALSE,267.3,302.37,,36.2,,35.07,,0,
VEH-0221,7,Body,FALSE,302.37,335.44,,32.3,,33.07,,0,
VEH-0221,8,Body,FALSE,335.44,411.49,,64.6,,76.05,,0,
VEH-0221,10,Body,TRUE,466.2,525.2,59,58.3,,59,,0,
VEH-0221,11,Body,TRUE,525.2,555.71,30.51,30.8,,30.51,PASS,0,
VEH-0221,12,Body,TRUE,555.71,627.37,71.66,68.8,,71.66,,0,
VEH-0221,14,Body,TRUE,689.95,730.66,40.71,38.5,46.19,40.71,,0,
VEH-0221,15,Body,FALSE,730.66,769.42,,37.3,,38.76,PASS,0,
VEH-0221,16,Paint,FALSE,769.42,804.58,,37.3,,35.16,,0,
VEH-0221,17,Paint,TRUE,804.58,847.89,43.31,42.2,,43.31,,0,
VEH-0221,18,Paint,FALSE,847.89,896.65,,51,,48.76,,0,
VEH-0221,19,Paint,TRUE,896.65,940.93,44.28,47.3,44.89,44.28,,0,
VEH-0221,20,Paint,TRUE,940.93,980.65,39.72,41.6,,39.72,,0,
VEH-0221,21,Paint,TRUE,980.65,1037.31,56.66,54.5,,56.66,,0,
VEH-0221,23,Final Assembly,TRUE,1074.36,1112.08,37.72,41.7,,37.72,,0,
VEH-0221,24,Final Assembly,TRUE,1112.08,1154.92,42.84,44.7,,42.84,,0,
VEH-0221,25,Final Assembly,TRUE,1154.92,1199.6,44.68,48.2,,44.68,,0,
VEH-0221,26,Final Assembly,TRUE,1199.6,1259.58,59.98,61.4,,59.98,PASS,0,
VEH-0221,27,Final Assembly,TRUE,1259.58,1298.44,38.86,38,44.64,38.86,,0,
VEH-0221,28,Final Assembly,FALSE,1298.44,1347.55,,50.6,,49.11,,0,
VEH-0221,29,Final Assembly,TRUE,1347.55,1404.75,57.2,53.7,41.54,57.2,,0,
VEH-0221,30,Final Assembly,TRUE,1404.75,1438.62,33.87,31.9,,33.87,,0,
VEH-0221,31,Final Assembly,TRUE,1438.62,1491.44,52.82,54.3,,52.82,,0,
VEH-0221,32,Final Assembly,TRUE,1491.44,1528.1,36.66,36.8,,36.66,PASS,0,
VEH-0221,33,Final Assembly,TRUE,1528.1,1559.84,31.74,32.6,47.31,31.74,,0,
VEH-0221,34,Final Assembly,TRUE,1559.84,1623.65,63.81,68,,63.81,,0,
VEH-0221,35,Final Assembly,TRUE,1623.65,1692.29,68.64,68.6,,68.64,,0,
VEH-0221,36,Final Assembly,TRUE,1692.29,1756.24,63.95,62.3,42.58,63.95,,0,
VEH-0221,37,Final Assembly,TRUE,1756.24,1796.5,40.26,42.2,,40.26,,0,
VEH-0221,38,Final Assembly,TRUE,1796.5,1830.15,33.65,33.9,,33.65,,0,
VEH-0221,39,Final Assembly,FALSE,1830.15,1885.01,,57.4,,54.86,,0,
VEH-0221,40,Final Assembly,TRUE,1885.01,1930.67,45.66,47.6,,45.66,,0,
VEH-0222,1,Body,FALSE,0,44.21,,45,,44.21,,0,
VEH-0222,2,Body,FALSE,44.21,115.89,,68,,71.68,,0,
VEH-0222,3,Body,FALSE,115.89,175.11,,59.3,,59.22,,0,
VEH-0222,4,Body,TRUE,175.11,225.91,50.8,53.9,,50.8,,0,
VEH-0222,5,Body,TRUE,225.91,267.18,41.27,36.2,,41.27,PASS,0,
VEH-0222,6,Body,FALSE,267.18,303.73,,36.2,,36.55,,0,
VEH-0222,7,Body,FALSE,303.73,336.64,,32.3,,32.91,,0,
VEH-0222,8,Body,FALSE,336.64,417.18,,64.6,,80.54,,0,
VEH-0222,9,Body,FALSE,417.18,472.41,,54,,55.23,PASS,0,
VEH-0222,10,Body,TRUE,472.41,536.99,64.58,58.3,,64.58,,0,
VEH-0222,12,Body,TRUE,570.54,636.14,65.6,68.8,,65.6,,0,
VEH-0222,14,Body,TRUE,705.84,744.96,39.12,38.5,42.82,39.12,,0,
VEH-0222,15,Body,FALSE,744.96,784.19,,37.3,,39.23,PASS,0,
VEH-0222,16,Paint,FALSE,784.19,820.92,,37.3,,36.73,,0,
VEH-0222,17,Paint,TRUE,820.92,860.69,39.77,42.2,,39.77,,0,
VEH-0222,18,Paint,FALSE,860.69,914.72,,51,,54.03,,0,
VEH-0222,19,Paint,TRUE,914.72,965.41,50.69,47.3,47.21,50.69,,0,
VEH-0222,20,Paint,TRUE,965.41,1003.84,38.43,41.6,,38.43,,0,
VEH-0222,21,Paint,TRUE,1003.84,1062.64,58.8,54.5,,58.8,,0,
VEH-0222,22,Paint,TRUE,1062.64,1097.71,35.07,35.6,,35.07,PASS,0,
VEH-0222,23,Final Assembly,TRUE,1097.71,1143.7,45.99,41.7,,45.99,,0,
VEH-0222,24,Final Assembly,TRUE,1143.7,1189.8,46.1,44.7,,46.1,,0,
VEH-0222,25,Final Assembly,TRUE,1189.8,1238.61,48.81,48.2,,48.81,,0,
VEH-0222,27,Final Assembly,TRUE,1300.04,1338.01,37.97,38,43.98,37.97,,0,
VEH-0222,28,Final Assembly,FALSE,1338.01,1385.91,,50.6,,47.9,,0,
VEH-0222,29,Final Assembly,TRUE,1385.91,1438.63,52.72,53.7,46.79,52.72,,0,
VEH-0222,30,Final Assembly,TRUE,1438.63,1468.31,29.68,31.9,,29.68,,0,
VEH-0222,31,Final Assembly,TRUE,1468.31,1526.24,57.93,54.3,,57.93,,0,
VEH-0222,33,Final Assembly,TRUE,1563.3,1597.17,33.87,32.6,46.25,33.87,,0,
VEH-0222,34,Final Assembly,TRUE,1597.17,1668.33,71.16,68,,71.16,,0,
VEH-0222,35,Final Assembly,TRUE,1668.33,1737.01,68.68,68.6,,68.68,,0,
VEH-0222,36,Final Assembly,TRUE,1737.01,1799.47,62.46,62.3,46.34,62.46,,0,
VEH-0222,37,Final Assembly,TRUE,1799.47,1839.47,40,42.2,,40,,0,
VEH-0222,38,Final Assembly,TRUE,1839.47,1871.34,31.87,33.9,,31.87,,0,
VEH-0222,39,Final Assembly,FALSE,1871.34,1927.41,,57.4,,56.07,,0,
VEH-0222,40,Final Assembly,TRUE,1927.41,1975.7,48.29,47.6,,48.29,,0,
VEH-0223,1,Body,FALSE,0,47.72,,45,,47.72,,0,
VEH-0223,2,Body,FALSE,47.72,114.1,,68,,66.38,,0,
VEH-0223,3,Body,FALSE,114.1,171.02,,59.3,,56.92,,0,
VEH-0223,4,Body,TRUE,171.02,230.16,59.14,53.9,,59.14,,0,
VEH-0223,5,Body,TRUE,230.16,265.54,35.38,36.2,,35.38,PASS,0,
VEH-0223,6,Body,FALSE,265.54,302.02,,36.2,,36.48,,0,
VEH-0223,7,Body,FALSE,302.02,335.05,,32.3,,33.03,,0,
VEH-0223,8,Body,FALSE,335.05,410.19,,64.6,,75.14,,0,
VEH-0223,10,Body,TRUE,467.53,527.69,60.16,58.3,,60.16,,0,
VEH-0223,12,Body,TRUE,560.89,627.35,66.46,68.8,,66.46,,0,
VEH-0223,14,Body,TRUE,690.96,729.97,39.01,38.5,42.82,39.01,,0,
VEH-0223,15,Body,FALSE,729.97,767.48,,37.3,,37.51,PASS,0,
VEH-0223,16,Paint,FALSE,767.48,802.13,,37.3,,34.65,,0,
VEH-0223,17,Paint,TRUE,802.13,845.09,42.96,42.2,,42.96,,0,
VEH-0223,18,Paint,FALSE,845.09,890.66,,51,,45.57,,0,
VEH-0223,19,Paint,TRUE,890.66,933.59,42.93,47.3,46.23,42.93,,0,
VEH-0223,20,Paint,TRUE,933.59,974.05,40.46,41.6,,40.46,,0,
VEH-0223,21,Paint,TRUE,974.05,1025.85,51.8,54.5,,51.8,,0,
VEH-0223,22,Paint,TRUE,1025.85,1063.71,37.86,35.6,,37.86,PASS,0,
VEH-0223,23,Final Assembly,TRUE,1063.71,1106.09,42.38,41.7,,42.38,,0,
VEH-0223,24,Final Assembly,TRUE,1106.09,1152.74,46.65,44.7,,46.65,,0,
VEH-0223,25,Final Assembly,TRUE,1152.74,1200.54,47.8,48.2,,47.8,,0,
VEH-0223,27,Final Assembly,TRUE,1270.17,1307.02,36.85,38,47.62,36.85,,0,
VEH-0223,28,Final Assembly,FALSE,1307.02,1357.46,,50.6,,50.44,,0,
VEH-0223,29,Final Assembly,TRUE,1357.46,1406.71,49.25,53.7,45.72,49.25,,0,
VEH-0223,30,Final Assembly,TRUE,1406.71,1439.11,32.4,31.9,,32.4,,0,
VEH-0223,31,Final Assembly,TRUE,1439.11,1490.56,51.45,54.3,,51.45,,0,
VEH-0223,33,Final Assembly,TRUE,1525.66,1558.22,32.56,32.6,45.52,32.56,,0,
VEH-0223,34,Final Assembly,TRUE,1558.22,1617.82,59.6,68,,59.6,,0,
VEH-0223,35,Final Assembly,TRUE,1617.82,1690.03,72.21,68.6,,72.21,,0,
VEH-0223,36,Final Assembly,TRUE,1690.03,1750.79,60.76,62.3,43,60.76,,0,
VEH-0223,37,Final Assembly,TRUE,1750.79,1794.98,44.19,42.2,,44.19,,0,
VEH-0223,38,Final Assembly,TRUE,1794.98,1828.84,33.86,33.9,,33.86,,0,
VEH-0223,39,Final Assembly,FALSE,1828.84,1889.73,,57.4,,60.89,,0,
VEH-0223,40,Final Assembly,TRUE,1889.73,1938.37,48.64,47.6,,48.64,,0,
VEH-0224,1,Body,FALSE,0,45,,45,,45,,0,
VEH-0224,2,Body,FALSE,45,108.79,,68,,63.79,,0,
VEH-0224,3,Body,FALSE,108.79,170.03,,59.3,,61.24,,0,
VEH-0224,4,Body,TRUE,170.03,224.99,54.96,53.9,,54.96,,0,
VEH-0224,5,Body,TRUE,224.99,259.29,34.3,36.2,,34.3,PASS,0,
VEH-0224,6,Body,FALSE,259.29,296.01,,36.2,,36.72,,0,
VEH-0224,7,Body,FALSE,296.01,329.16,,32.3,,33.15,,0,
VEH-0224,8,Body,FALSE,329.16,411.28,,64.6,,82.12,,0,
VEH-0224,10,Body,TRUE,460.49,520.68,60.19,58.3,,60.19,,0,
VEH-0224,11,Body,TRUE,520.68,553.65,32.97,30.8,,32.97,PASS,0,
VEH-0224,12,Body,TRUE,553.65,628.94,75.29,68.8,,75.29,,0,
VEH-0224,13,Body,TRUE,628.94,688.35,59.41,63.3,44.78,59.41,PASS,0,
VEH-0224,14,Body,TRUE,688.35,726.76,38.41,38.5,46.01,38.41,,0,
VEH-0224,16,Paint,FALSE,763.75,799.72,,37.3,,35.97,,0,
VEH-0224,17,Paint,TRUE,799.72,842.38,42.66,42.2,,42.66,,0,
VEH-0224,18,Paint,FALSE,842.38,892.52,,51,,50.14,,0,
VEH-0224,19,Paint,TRUE,892.52,941.15,48.63,47.3,43.79,48.63,,0,
VEH-0224,20,Paint,TRUE,941.15,980.62,39.47,41.6,,39.47,,0,
VEH-0224,21,Paint,TRUE,980.62,1038.71,58.09,54.5,,58.09,,0,
VEH-0224,23,Final Assembly,TRUE,1078.36,1123.87,45.51,41.7,,45.51,,0,
VEH-0224,24,Final Assembly,TRUE,1123.87,1168.41,44.54,44.7,,44.54,,0,
VEH-0224,25,Final Assembly,TRUE,1168.41,1219.15,50.74,48.2,,50.74,,0,
VEH-0224,27,Final Assembly,TRUE,1278.44,1317.41,38.97,38,44.12,38.97,,0,
VEH-0224,28,Final Assembly,FALSE,1317.41,1371.19,,50.6,,53.78,,0,
VEH-0224,29,Final Assembly,TRUE,1371.19,1427.91,56.72,53.7,48.11,56.72,,0,
VEH-0224,30,Final Assembly,TRUE,1427.91,1459.45,31.54,31.9,,31.54,,0,
VEH-0224,31,Final Assembly,TRUE,1459.45,1518.03,58.58,54.3,,58.58,,0,
VEH-0224,32,Final Assembly,TRUE,1518.03,1555.76,37.73,36.8,,37.73,PASS,0,
VEH-0224,33,Final Assembly,TRUE,1555.76,1588.48,32.72,32.6,45.51,32.72,,0,
VEH-0224,34,Final Assembly,TRUE,1588.48,1662.25,73.77,68,,73.77,,0,
VEH-0224,35,Final Assembly,TRUE,1662.25,1730.4,68.15,68.6,,68.15,,0,
VEH-0224,36,Final Assembly,TRUE,1730.4,1792.45,62.05,62.3,41.9,62.05,,0,
VEH-0224,37,Final Assembly,TRUE,1792.45,1834.34,41.89,42.2,,41.89,,0,
VEH-0224,38,Final Assembly,TRUE,1834.34,1868.69,34.35,33.9,,34.35,,0,
VEH-0224,39,Final Assembly,FALSE,1868.69,1923.9,,57.4,,55.21,,0,
VEH-0224,40,Final Assembly,TRUE,1923.9,1969.1,45.2,47.6,,45.2,,0,
VEH-0225,1,Body,FALSE,0,51.97,,45,,51.97,,0,
VEH-0225,2,Body,FALSE,51.97,120.07,,68,,68.1,,0,
VEH-0225,3,Body,FALSE,120.07,179.79,,59.3,,59.72,,0,
VEH-0225,4,Body,TRUE,179.79,237.08,57.29,53.9,,57.29,,0,
VEH-0225,5,Body,TRUE,237.08,274.94,37.86,36.2,,37.86,PASS,0,
VEH-0225,6,Body,FALSE,274.94,311.21,,36.2,,36.27,,0,
VEH-0225,7,Body,FALSE,311.21,343.72,,32.3,,32.51,,0,
VEH-0225,8,Body,FALSE,343.72,417.67,,64.6,,73.95,,0,
VEH-0225,10,Body,TRUE,470.17,529.98,59.81,58.3,,59.81,,0,
VEH-0225,12,Body,TRUE,561.46,634.46,73,68.8,,73,,0,
VEH-0225,13,Body,TRUE,634.46,697.38,62.92,63.3,42.92,62.92,PASS,0,
VEH-0225,14,Body,TRUE,697.38,737.92,40.54,38.5,47.15,40.54,,0,
VEH-0225,15,Body,FALSE,737.92,776.89,,37.3,,38.97,PASS,0,
VEH-0225,16,Paint,FALSE,776.89,813.89,,37.3,,37,,0,
VEH-0225,17,Paint,TRUE,813.89,858.29,44.4,42.2,,44.4,,0,
VEH-0225,18,Paint,FALSE,858.29,918.03,,51,,59.74,,0,
VEH-0225,19,Paint,TRUE,918.03,965.6,47.57,47.3,43.03,47.57,,0,
VEH-0225,20,Paint,TRUE,965.6,1005.98,40.38,41.6,,40.38,,0,
VEH-0225,21,Paint,TRUE,1005.98,1062.19,56.21,54.5,,56.21,,0,
VEH-0225,23,Final Assembly,TRUE,1094.93,1136.98,42.05,41.7,,42.05,,0,
VEH-0225,24,Final Assembly,TRUE,1136.98,1182.53,45.55,44.7,,45.55,,0,
VEH-0225,25,Final Assembly,TRUE,1182.53,1234.43,51.9,48.2,,51.9,,0,
VEH-0225,26,Final Assembly,TRUE,1234.43,1299.85,65.42,61.4,,65.42,PASS,0,
VEH-0225,27,Final Assembly,TRUE,1299.85,1339.49,39.64,38,41.76,39.64,,0,
VEH-0225,28,Final Assembly,FALSE,1339.49,1392.42,,50.6,,52.93,,0,
VEH-0225,29,Final Assembly,TRUE,1392.42,1448.02,55.6,53.7,45.38,55.6,,0,
VEH-0225,30,Final Assembly,TRUE,1448.02,1477.17,29.15,31.9,,29.15,,0,
VEH-0225,31,Final Assembly,TRUE,1477.17,1529.36,52.19,54.3,,52.19,,0,
VEH-0225,32,Final Assembly,TRUE,1529.36,1564.01,34.65,36.8,,34.65,PASS,0,
VEH-0225,33,Final Assembly,TRUE,1564.01,1593.33,29.32,32.6,45,29.32,,0,
VEH-0225,34,Final Assembly,TRUE,1593.33,1658.62,65.29,68,,65.29,,0,
VEH-0225,35,Final Assembly,TRUE,1658.62,1736.22,77.6,68.6,,77.6,,0,
VEH-0225,36,Final Assembly,TRUE,1736.22,1797.99,61.77,62.3,46.94,61.77,,0,
VEH-0225,37,Final Assembly,TRUE,1797.99,1836.88,38.89,42.2,,38.89,,0,
VEH-0225,38,Final Assembly,TRUE,1836.88,1869.88,33,33.9,,33,,0,
VEH-0225,39,Final Assembly,FALSE,1869.88,1927.56,,57.4,,57.68,,0,
VEH-0225,40,Final Assembly,TRUE,1927.56,1973,45.44,47.6,,45.44,,0,
VEH-0226,1,Body,FALSE,0,44.05,,45,,44.05,,0,
VEH-0226,2,Body,FALSE,44.05,114.12,,68,,70.07,,0,
VEH-0226,3,Body,FALSE,114.12,174.25,,59.3,,60.13,,0,
VEH-0226,4,Body,TRUE,174.25,231.42,57.17,53.9,,57.17,,0,
VEH-0226,5,Body,TRUE,231.42,264.34,32.92,36.2,,32.92,PASS,0,
VEH-0226,6,Body,FALSE,264.34,300.61,,36.2,,36.27,,0,
VEH-0226,7,Body,FALSE,300.61,331.74,,32.3,,31.13,,0,
VEH-0226,8,Body,FALSE,331.74,408.88,,64.6,,77.14,,0,
VEH-0226,9,Body,FALSE,408.88,464.39,,54,,55.51,PASS,0,
VEH-0226,10,Body,TRUE,464.39,518.5,54.11,58.3,,54.11,,0,
VEH-0226,12,Body,TRUE,549.51,618.41,68.9,68.8,,68.9,,0,
VEH-0226,13,Body,TRUE,618.41,678.38,59.97,63.3,45.24,59.97,PASS,0,
VEH-0226,14,Body,TRUE,678.38,715.41,37.03,38.5,48.3,37.03,,0,
VEH-0226,16,Paint,FALSE,754.95,792.38,,37.3,,37.43,,0,
VEH-0226,17,Paint,TRUE,792.38,833.67,41.29,42.2,,41.29,,0,
VEH-0226,18,Paint,FALSE,833.67,885.96,,51,,52.29,,0,
VEH-0226,19,Paint,TRUE,885.96,935.07,49.11,47.3,45.38,49.11,,0,
VEH-0226,20,Paint,TRUE,935.07,974.56,39.49,41.6,,39.49,,0,
VEH-0226,21,Paint,TRUE,974.56,1028.49,53.93,54.5,,53.93,,0,
VEH-0226,23,Final Assembly,TRUE,1064.23,1106.54,42.31,41.7,,42.31,,0,
VEH-0226,24,Final Assembly,TRUE,1106.54,1151.94,45.4,44.7,,45.4,,0,
VEH-0226,25,Final Assembly,TRUE,1151.94,1201.9,49.96,48.2,,49.96,,0,
VEH-0226,26,Final Assembly,TRUE,1201.9,1267.42,65.52,61.4,,65.52,PASS,0,
VEH-0226,27,Final Assembly,TRUE,1267.42,1307.34,39.92,38,45.89,39.92,,0,
VEH-0226,28,Final Assembly,FALSE,1307.34,1354.76,,50.6,,47.42,,0,
VEH-0226,29,Final Assembly,TRUE,1354.76,1411.65,56.89,53.7,46.23,56.89,,0,
VEH-0226,30,Final Assembly,TRUE,1411.65,1443.14,31.49,31.9,,31.49,,0,
VEH-0226,31,Final Assembly,TRUE,1443.14,1497.52,54.38,54.3,,54.38,,0,
VEH-0226,32,Final Assembly,TRUE,1497.52,1534.44,36.92,36.8,,36.92,PASS,0,
VEH-0226,33,Final Assembly,TRUE,1534.44,1566.33,31.89,32.6,42.38,31.89,,0,
VEH-0226,34,Final Assembly,TRUE,1566.33,1630.53,64.2,68,,64.2,,0,
VEH-0226,35,Final Assembly,TRUE,1630.53,1696.02,65.49,68.6,,65.49,,0,
VEH-0226,36,Final Assembly,TRUE,1696.02,1752.18,56.16,62.3,43.33,56.16,,0,
VEH-0226,37,Final Assembly,TRUE,1752.18,1796.79,44.61,42.2,,44.61,,0,
VEH-0226,38,Final Assembly,TRUE,1796.79,1831.52,34.73,33.9,,34.73,,0,
VEH-0226,39,Final Assembly,FALSE,1831.52,1886.13,,57.4,,54.61,,0,
VEH-0226,40,Final Assembly,TRUE,1886.13,1932.09,45.96,47.6,,45.96,,0,
VEH-0227,1,Body,FALSE,0,39.69,,45,,39.69,,0,
VEH-0227,2,Body,FALSE,39.69,112.04,,68,,72.35,,0,
VEH-0227,3,Body,FALSE,112.04,171.5,,59.3,,59.46,,0,
VEH-0227,4,Body,TRUE,171.5,226.57,55.07,53.9,,55.07,,0,
VEH-0227,5,Body,TRUE,226.57,261.27,34.7,36.2,,34.7,PASS,0,
VEH-0227,6,Body,FALSE,261.27,296.1,,36.2,,34.83,,0,
VEH-0227,7,Body,FALSE,296.1,329.19,,32.3,,33.09,,0,
VEH-0227,8,Body,FALSE,329.19,415.7,,64.6,,86.51,,0,
VEH-0227,10,Body,TRUE,472.41,534.41,62,58.3,,62,,0,
VEH-0227,11,Body,TRUE,534.41,564.91,30.5,30.8,,30.5,PASS,0,
VEH-0227,12,Body,TRUE,564.91,631.65,66.74,68.8,,66.74,,0,
VEH-0227,13,Body,TRUE,631.65,692.47,60.82,63.3,44.27,60.82,PASS,0,
VEH-0227,14,Body,TRUE,692.47,727.01,34.54,38.5,43.91,34.54,,0,
VEH-0227,15,Body,FALSE,727.01,763.27,,37.3,,36.26,PASS,0,
VEH-0227,16,Paint,FALSE,763.27,800.24,,37.3,,36.97,,0,
VEH-0227,17,Paint,TRUE,800.24,842.72,42.48,42.2,,42.48,,0,
VEH-0227,18,Paint,FALSE,842.72,894.64,,51,,51.92,,0,
VEH-0227,19,Paint,TRUE,894.64,941.9,47.26,47.3,44.13,47.26,,0,
VEH-0227,20,Paint,TRUE,941.9,979.42,37.52,41.6,,37.52,,0,
VEH-0227,21,Paint,TRUE,979.42,1032.35,52.93,54.5,,52.93,,0,
VEH-0227,22,Paint,TRUE,1032.35,1066.22,33.87,35.6,,33.87,PASS,0,
VEH-0227,23,Final Assembly,TRUE,1066.22,1108.89,42.67,41.7,,42.67,,0,
VEH-0227,24,Final Assembly,TRUE,1108.89,1155.63,46.74,44.7,,46.74,,0,
VEH-0227,25,Final Assembly,TRUE,1155.63,1206.09,50.46,48.2,,50.46,,0,
VEH-0227,27,Final Assembly,TRUE,1269.81,1307.56,37.75,38,44.22,37.75,,0,
VEH-0227,28,Final Assembly,FALSE,1307.56,1356.27,,50.6,,48.71,,0,
VEH-0227,29,Final Assembly,TRUE,1356.27,1405.91,49.64,53.7,46.49,49.64,,0,
VEH-0227,30,Final Assembly,TRUE,1405.91,1437.53,31.62,31.9,,31.62,,0,
VEH-0227,31,Final Assembly,TRUE,1437.53,1488.45,50.92,54.3,,50.92,,0,
VEH-0227,32,Final Assembly,TRUE,1488.45,1523.73,35.28,36.8,,35.28,PASS,0,
VEH-0227,33,Final Assembly,TRUE,1523.73,1554.92,31.19,32.6,45.06,31.19,,0,
VEH-0227,34,Final Assembly,TRUE,1554.92,1626.55,71.63,68,,71.63,,0,
VEH-0227,35,Final Assembly,TRUE,1626.55,1693.96,67.41,68.6,,67.41,,0,
VEH-0227,36,Final Assembly,TRUE,1693.96,1749.23,55.27,62.3,44.72,55.27,,0,
VEH-0227,37,Final Assembly,TRUE,1749.23,1791.1,41.87,42.2,,41.87,,0,
VEH-0227,38,Final Assembly,TRUE,1791.1,1824.62,33.52,33.9,,33.52,,0,
VEH-0227,39,Final Assembly,FALSE,1824.62,1880.22,,57.4,,55.6,,0,
VEH-0227,40,Final Assembly,TRUE,1880.22,1928.34,48.12,47.6,,48.12,,0,
VEH-0228,1,Body,FALSE,0,45.15,,45,,45.15,,0,
VEH-0228,2,Body,FALSE,45.15,106.82,,68,,61.67,,0,
VEH-0228,3,Body,FALSE,106.82,165.41,,59.3,,58.59,,0,
VEH-0228,4,Body,TRUE,165.41,221,55.59,53.9,,55.59,,0,
VEH-0228,5,Body,TRUE,221,258.94,37.94,36.2,,37.94,PASS,0,
VEH-0228,6,Body,FALSE,258.94,292.88,,36.2,,33.94,,0,
VEH-0228,7,Body,FALSE,292.88,326.35,,32.3,,33.47,,0,
VEH-0228,8,Body,FALSE,326.35,408.83,,64.6,,82.48,,0,
VEH-0228,10,Body,TRUE,464.47,523.98,59.51,58.3,,59.51,,0,
VEH-0228,12,Body,TRUE,554.58,621.8,67.22,68.8,,67.22,,0,
VEH-0228,13,Body,TRUE,621.8,687.59,65.79,63.3,45.88,65.79,PASS,0,
VEH-0228,14,Body,TRUE,687.59,725.46,37.87,38.5,48.81,37.87,,0,
VEH-0228,15,Body,FALSE,725.46,759.95,,37.3,,34.49,PASS,0,
VEH-0228,16,Paint,FALSE,759.95,796.82,,37.3,,36.87,,0,
VEH-0228,17,Paint,TRUE,796.82,837.39,40.57,42.2,,40.57,,0,
VEH-0228,18,Paint,FALSE,837.39,889.37,,51,,51.98,,0,
VEH-0228,19,Paint,TRUE,889.37,932.07,42.7,47.3,46.9,42.7,,0,
VEH-0228,20,Paint,TRUE,932.07,975.76,43.69,41.6,,43.69,,0,
VEH-0228,21,Paint,TRUE,975.76,1030.99,55.23,54.5,,55.23,,0,
VEH-0228,23,Final Assembly,TRUE,1066.04,1109.24,43.2,41.7,,43.2,,0,
VEH-0228,24,Final Assembly,TRUE,1109.24,1154.68,45.44,44.7,,45.44,,0,
VEH-0228,25,Final Assembly,TRUE,1154.68,1205.17,50.49,48.2,,50.49,,0,
VEH-0228,26,Final Assembly,TRUE,1205.17,1266.19,61.02,61.4,,61.02,PASS,0,
VEH-0228,27,Final Assembly,TRUE,1266.19,1303.85,37.66,38,46.62,37.66,,0,
VEH-0228,28,Final Assembly,FALSE,1303.85,1356.05,,50.6,,52.2,,0,
VEH-0228,29,Final Assembly,TRUE,1356.05,1409.28,53.23,53.7,45.55,53.23,,0,
VEH-0228,30,Final Assembly,TRUE,1409.28,1441.47,32.19,31.9,,32.19,,0,
VEH-0228,31,Final Assembly,TRUE,1441.47,1497.04,55.57,54.3,,55.57,,0,
VEH-0228,33,Final Assembly,TRUE,1536.18,1568.21,32.03,32.6,44.03,32.03,,0,
VEH-0228,34,Final Assembly,TRUE,1568.21,1637.14,68.93,68,,68.93,,0,
VEH-0228,35,Final Assembly,TRUE,1637.14,1703.9,66.76,68.6,,66.76,,0,
VEH-0228,36,Final Assembly,TRUE,1703.9,1763.36,59.46,62.3,46.49,59.46,,0,
VEH-0228,37,Final Assembly,TRUE,1763.36,1804.95,41.59,42.2,,41.59,,0,
VEH-0228,38,Final Assembly,TRUE,1804.95,1835.67,30.72,33.9,,30.72,,0,
VEH-0228,39,Final Assembly,FALSE,1835.67,1895.5,,57.4,,59.83,,0,
VEH-0228,40,Final Assembly,TRUE,1895.5,1942.06,46.56,47.6,,46.56,,0,
VEH-0229,1,Body,FALSE,0,46.58,,45,,46.58,,0,
VEH-0229,2,Body,FALSE,46.58,111.48,,68,,64.9,,0,
VEH-0229,3,Body,FALSE,111.48,171.21,,59.3,,59.73,,0,
VEH-0229,4,Body,TRUE,171.21,222.91,51.7,53.9,,51.7,,0,
VEH-0229,5,Body,TRUE,222.91,260.6,37.69,36.2,,37.69,PASS,0,
VEH-0229,6,Body,FALSE,260.6,297.05,,36.2,,36.45,,0,
VEH-0229,7,Body,FALSE,297.05,327.54,,32.3,,30.49,,0,
VEH-0229,8,Body,FALSE,327.54,406.61,,64.6,,79.07,,0,
VEH-0229,9,Body,FALSE,406.61,458.32,,54,,51.71,PASS,0,
VEH-0229,10,Body,TRUE,458.32,517.06,58.74,58.3,,58.74,,0,
VEH-0229,12,Body,TRUE,546.54,615.43,68.89,68.8,,68.89,,0,
VEH-0229,13,Body,TRUE,615.43,681.11,65.68,63.3,44.92,65.68,PASS,0,
VEH-0229,14,Body,TRUE,681.11,718.86,37.75,38.5,45.3,37.75,,0,
VEH-0229,15,Body,FALSE,718.86,757.46,,37.3,,38.6,PASS,0,
VEH-0229,16,Paint,FALSE,757.46,792.7,,37.3,,35.24,,0,
VEH-0229,17,Paint,TRUE,792.7,835.45,42.75,42.2,,42.75,,0,
VEH-0229,18,Paint,FALSE,835.45,889.81,,51,,54.36,,0,
VEH-0229,19,Paint,TRUE,889.81,938.46,48.65,47.3,45.09,48.65,,0,
VEH-0229,20,Paint,TRUE,938.46,981.39,42.93,41.6,,42.93,,0,
VEH-0229,21,Paint,TRUE,981.39,1037.13,55.74,54.5,,55.74,,0,
VEH-0229,22,Paint,TRUE,1037.13,1074.07,36.94,35.6,,36.94,PASS,0,
VEH-0229,23,Final Assembly,TRUE,1074.07,1111.54,37.47,41.7,,37.47,,0,
VEH-0229,24,Final Assembly,TRUE,1111.54,1152.76,41.22,44.7,,41.22,,0,
VEH-0229,25,Final Assembly,TRUE,1152.76,1203.38,50.62,48.2,,50.62,,0,
VEH-0229,27,Final Assembly,TRUE,1260.16,1298.92,38.76,38,44.47,38.76,,0,
VEH-0229,28,Final Assembly,FALSE,1298.92,1347,,50.6,,48.08,,0,
VEH-0229,29,Final Assembly,TRUE,1347,1401.64,54.64,53.7,45.3,54.64,,0,
VEH-0229,30,Final Assembly,TRUE,1401.64,1436.9,35.26,31.9,,35.26,,0,
VEH-0229,31,Final Assembly,TRUE,1436.9,1489.51,52.61,54.3,,52.61,,0,
VEH-0229,32,Final Assembly,TRUE,1489.51,1528.96,39.45,36.8,,39.45,PASS,0,
VEH-0229,33,Final Assembly,TRUE,1528.96,1562.13,33.17,32.6,44.01,33.17,,0,
VEH-0229,34,Final Assembly,TRUE,1562.13,1632.85,70.72,68,,70.72,,0,
VEH-0229,35,Final Assembly,TRUE,1632.85,1703.39,70.54,68.6,,70.54,,0,
VEH-0229,36,Final Assembly,TRUE,1703.39,1765.8,62.41,62.3,45.4,62.41,,0,
VEH-0229,37,Final Assembly,TRUE,1765.8,1806.74,40.94,42.2,,40.94,,0,
VEH-0229,38,Final Assembly,TRUE,1806.74,1839.24,32.5,33.9,,32.5,,0,
VEH-0229,39,Final Assembly,FALSE,1839.24,1898.82,,57.4,,59.58,,0,
VEH-0229,40,Final Assembly,TRUE,1898.82,1945.89,47.07,47.6,,47.07,,0,
VEH-0230,1,Body,FALSE,0,44.82,,45,,44.82,,0,
VEH-0230,2,Body,FALSE,44.82,110.23,,68,,65.41,,0,
VEH-0230,3,Body,FALSE,110.23,168.98,,59.3,,58.75,,0,
VEH-0230,4,Body,TRUE,168.98,223.9,54.92,53.9,,54.92,,0,
VEH-0230,5,Body,TRUE,223.9,256.83,32.93,36.2,,32.93,PASS,0,
VEH-0230,6,Body,FALSE,256.83,291.4,,36.2,,34.57,,0,
VEH-0230,7,Body,FALSE,291.4,322.53,,32.3,,31.13,,0,
VEH-0230,8,Body,FALSE,322.53,397.21,,64.6,,74.68,,0,
VEH-0230,9,Body,FALSE,397.21,451.5,,54,,54.29,PASS,0,
VEH-0230,10,Body,TRUE,451.5,509.58,58.08,58.3,,58.08,,0,
VEH-0230,11,Body,TRUE,509.58,542.57,32.99,30.8,,32.99,PASS,0,
VEH-0230,12,Body,TRUE,542.57,607.51,64.94,68.8,,64.94,,0,
VEH-0230,14,Body,TRUE,671.55,706.74,35.19,38.5,45.88,35.19,,0,
VEH-0230,16,Paint,FALSE,745.29,783.62,,37.3,,38.33,,0,
VEH-0230,17,Paint,TRUE,783.62,823.04,39.42,42.2,,39.42,,0,
VEH-0230,18,Paint,FALSE,823.04,874.25,,51,,51.21,,0,
VEH-0230,19,Paint,TRUE,874.25,922.96,48.71,47.3,46.43,48.71,,0,
VEH-0230,20,Paint,TRUE,922.96,965.87,42.91,41.6,,42.91,,0,
VEH-0230,21,Paint,TRUE,965.87,1023,57.13,54.5,,57.13,,0,
VEH-0230,23,Final Assembly,TRUE,1060.5,1102.42,41.92,41.7,,41.92,,0,
VEH-0230,24,Final Assembly,TRUE,1102.42,1148.24,45.82,44.7,,45.82,,0,
VEH-0230,25,Final Assembly,TRUE,1148.24,1198.85,50.61,48.2,,50.61,,0,
VEH-0230,27,Final Assembly,TRUE,1261.45,1301.73,40.28,38,46.31,40.28,,0,
VEH-0230,28,Final Assembly,FALSE,1301.73,1350.73,,50.6,,49,,0,
VEH-0230,29,Final Assembly,TRUE,1350.73,1400.92,50.19,53.7,45.03,50.19,,0,
VEH-0230,30,Final Assembly,TRUE,1400.92,1430.94,30.02,31.9,,30.02,,0,
VEH-0230,31,Final Assembly,TRUE,1430.94,1485.47,54.53,54.3,,54.53,,0,
VEH-0230,33,Final Assembly,TRUE,1522.26,1556.98,34.72,32.6,45.76,34.72,,0,
VEH-0230,34,Final Assembly,TRUE,1556.98,1628.3,71.32,68,,71.32,,0,
VEH-0230,35,Final Assembly,TRUE,1628.3,1695.22,66.92,68.6,,66.92,,0,
VEH-0230,36,Final Assembly,TRUE,1695.22,1762.29,67.07,62.3,46.34,67.07,,0,
VEH-0230,37,Final Assembly,TRUE,1762.29,1805.39,43.1,42.2,,43.1,,0,
VEH-0230,38,Final Assembly,TRUE,1805.39,1836.22,30.83,33.9,,30.83,,0,
VEH-0230,39,Final Assembly,FALSE,1836.22,1897,,57.4,,60.78,,0,
VEH-0230,40,Final Assembly,TRUE,1897,1948.82,51.82,47.6,,51.82,,0,
VEH-0231,1,Body,FALSE,0,46.44,,45,,46.44,,0,
VEH-0231,2,Body,FALSE,46.44,116.16,,68,,69.72,,0,
VEH-0231,3,Body,FALSE,116.16,175.61,,59.3,,59.45,,0,
VEH-0231,4,Body,TRUE,175.61,229.97,54.36,53.9,,54.36,,0,
VEH-0231,5,Body,TRUE,229.97,262.76,32.79,36.2,,32.79,PASS,0,
VEH-0231,6,Body,FALSE,262.76,298.29,,36.2,,35.53,,0,
VEH-0231,7,Body,FALSE,298.29,329.49,,32.3,,31.2,,0,
VEH-0231,8,Body,FALSE,329.49,406.17,,64.6,,76.68,,0,
VEH-0231,10,Body,TRUE,461.79,517.58,55.79,58.3,,55.79,,0,
VEH-0231,11,Body,TRUE,517.58,547.45,29.87,30.8,,29.87,PASS,0,
VEH-0231,12,Body,TRUE,547.45,609.07,61.62,68.8,,61.62,,0,
VEH-0231,14,Body,TRUE,671.44,710.09,38.65,38.5,43.57,38.65,,0,
VEH-0231,16,Paint,FALSE,747.58,784.61,,37.3,,37.03,,0,
VEH-0231,17,Paint,TRUE,784.61,830.34,45.73,42.2,,45.73,,0,
VEH-0231,18,Paint,FALSE,830.34,882.61,,51,,52.27,,0,
VEH-0231,19,Paint,TRUE,882.61,925.57,42.96,47.3,43.1,42.96,,0,
VEH-0231,20,Paint,TRUE,925.57,967.28,41.71,41.6,,41.71,,0,
VEH-0231,21,Paint,TRUE,967.28,1019.24,51.96,54.5,,51.96,,0,
VEH-0231,23,Final Assembly,TRUE,1049.56,1094.08,44.52,41.7,,44.52,,0,
VEH-0231,24,Final Assembly,TRUE,1094.08,1140.39,46.31,44.7,,46.31,,0,
VEH-0231,25,Final Assembly,TRUE,1140.39,1189.85,49.46,48.2,,49.46,,0,
VEH-0231,27,Final Assembly,TRUE,1249.39,1288.2,38.81,38,43.94,38.81,,0,
VEH-0231,28,Final Assembly,FALSE,1288.2,1339.32,,50.6,,51.12,,0,
VEH-0231,29,Final Assembly,TRUE,1339.32,1390.54,51.22,53.7,47.27,51.22,,0,
VEH-0231,30,Final Assembly,TRUE,1390.54,1419.94,29.4,31.9,,29.4,,0,
VEH-0231,31,Final Assembly,TRUE,1419.94,1477.58,57.64,54.3,,57.64,,0,
VEH-0231,32,Final Assembly,TRUE,1477.58,1514.45,36.87,36.8,,36.87,PASS,0,
VEH-0231,33,Final Assembly,TRUE,1514.45,1546.25,31.8,32.6,45.25,31.8,,0,
VEH-0231,34,Final Assembly,TRUE,1546.25,1616.74,70.49,68,,70.49,,0,
VEH-0231,35,Final Assembly,TRUE,1616.74,1690.03,73.29,68.6,,73.29,,0,
VEH-0231,36,Final Assembly,TRUE,1690.03,1753.31,63.28,62.3,43.66,63.28,,0,
VEH-0231,37,Final Assembly,TRUE,1753.31,1795.63,42.32,42.2,,42.32,,0,
VEH-0231,38,Final Assembly,TRUE,1795.63,1832.62,36.99,33.9,,36.99,,0,
VEH-0231,39,Final Assembly,FALSE,1832.62,1893.89,,57.4,,61.27,,0,
VEH-0231,40,Final Assembly,TRUE,1893.89,1943.65,49.76,47.6,,49.76,,0,
VEH-0232,1,Body,FALSE,0,46.79,,45,,46.79,,0,
VEH-0232,2,Body,FALSE,46.79,109.81,,68,,63.02,,0,
VEH-0232,3,Body,FALSE,109.81,174.7,,59.3,,64.89,,0,
VEH-0232,4,Body,TRUE,174.7,230.63,55.93,53.9,,55.93,,0,
VEH-0232,5,Body,TRUE,230.63,263.41,32.78,36.2,,32.78,PASS,0,
VEH-0232,6,Body,FALSE,263.41,301.09,,36.2,,37.68,,0,
VEH-0232,7,Body,FALSE,301.09,334.66,,32.3,,33.57,,0,
VEH-0232,8,Body,FALSE,334.66,418.04,,64.6,,83.38,,0,
VEH-0232,10,Body,TRUE,470.36,531.09,60.73,58.3,,60.73,,0,
VEH-0232,12,Body,TRUE,561.53,628.42,66.89,68.8,,66.89,,0,
VEH-0232,13,Body,TRUE,628.42,688.98,60.56,63.3,42.15,60.56,PASS,0,
VEH-0232,14,Body,TRUE,688.98,728.52,39.54,38.5,44.59,39.54,,0,
VEH-0232,16,Paint,FALSE,760.74,798.18,,37.3,,37.44,,0,
VEH-0232,17,Paint,TRUE,798.18,842.82,44.64,42.2,,44.64,,0,
VEH-0232,18,Paint,FALSE,842.82,890.49,,51,,47.67,,0,
VEH-0232,19,Paint,TRUE,890.49,936.11,45.62,47.3,45.66,45.62,,0,
VEH-0232,20,Paint,TRUE,936.11,972.39,36.28,41.6,,36.28,,0,
VEH-0232,21,Paint,TRUE,972.39,1025.43,53.04,54.5,,53.04,,0,
VEH-0232,22,Paint,TRUE,1025.43,1061.65,36.22,35.6,,36.22,PASS,0,
VEH-0232,23,Final Assembly,TRUE,1061.65,1102.18,40.53,41.7,,40.53,,0,
VEH-0232,24,Final Assembly,TRUE,1102.18,1143.97,41.79,44.7,,41.79,,0,
VEH-0232,25,Final Assembly,TRUE,1143.97,1189.16,45.19,48.2,,45.19,,0,
VEH-0232,27,Final Assembly,TRUE,1245.61,1282.41,36.8,38,46.58,36.8,,0,
VEH-0232,28,Final Assembly,FALSE,1282.41,1338.99,,50.6,,56.58,,0,
VEH-0232,29,Final Assembly,TRUE,1338.99,1392.79,53.8,53.7,46.15,53.8,,0,
VEH-0232,30,Final Assembly,TRUE,1392.79,1423.19,30.4,31.9,,30.4,,0,
VEH-0232,31,Final Assembly,TRUE,1423.19,1471.82,48.63,54.3,,48.63,,0,
VEH-0232,32,Final Assembly,TRUE,1471.82,1512.03,40.21,36.8,,40.21,PASS,0,
VEH-0232,33,Final Assembly,TRUE,1512.03,1543.66,31.63,32.6,46.08,31.63,,0,
VEH-0232,34,Final Assembly,TRUE,1543.66,1612.2,68.54,68,,68.54,,0,
VEH-0232,35,Final Assembly,TRUE,1612.2,1684.21,72.01,68.6,,72.01,,0,
VEH-0232,36,Final Assembly,TRUE,1684.21,1749.49,65.28,62.3,45.42,65.28,,0,
VEH-0232,37,Final Assembly,TRUE,1749.49,1792.51,43.02,42.2,,43.02,,0,
VEH-0232,38,Final Assembly,TRUE,1792.51,1828.47,35.96,33.9,,35.96,,0,
VEH-0232,39,Final Assembly,FALSE,1828.47,1884.69,,57.4,,56.22,,0,
VEH-0232,40,Final Assembly,TRUE,1884.69,1935.99,51.3,47.6,,51.3,,0,
VEH-0233,1,Body,FALSE,0,50.56,,45,,50.56,,0,
VEH-0233,2,Body,FALSE,50.56,118.45,,68,,67.89,,0,
VEH-0233,3,Body,FALSE,118.45,177.12,,59.3,,58.67,,0,
VEH-0233,4,Body,TRUE,177.12,233.36,56.24,53.9,,56.24,,0,
VEH-0233,5,Body,TRUE,233.36,268.92,35.56,36.2,,35.56,PASS,0,
VEH-0233,6,Body,FALSE,268.92,305.27,,36.2,,36.35,,0,
VEH-0233,7,Body,FALSE,305.27,339.84,,32.3,,34.57,,0,
VEH-0233,8,Body,FALSE,339.84,418.71,,64.6,,78.87,,0,
VEH-0233,9,Body,FALSE,418.71,468.13,,54,,49.42,PASS,0,
VEH-0233,10,Body,TRUE,468.13,527.5,59.37,58.3,,59.37,,0,
VEH-0233,11,Body,TRUE,527.5,557.23,29.73,30.8,,29.73,PASS,0,
VEH-0233,12,Body,TRUE,557.23,629.01,71.78,68.8,,71.78,,0,
VEH-0233,13,Body,TRUE,629.01,694.52,65.51,63.3,47.21,65.51,PASS,0,
VEH-0233,14,Body,TRUE,694.52,734.77,40.25,38.5,46.64,40.25,,0,
VEH-0233,15,Body,FALSE,734.77,770.83,,37.3,,36.06,PASS,0,
VEH-0233,16,Paint,FALSE,770.83,809.63,,37.3,,38.8,,0,
VEH-0233,17,Paint,TRUE,809.63,855.98,46.35,42.2,,46.35,,0,
VEH-0233,18,Paint,FALSE,855.98,905.22,,51,,49.24,,0,
VEH-0233,19,Paint,TRUE,905.22,956.77,51.55,47.3,44.18,51.55,,0,
VEH-0233,20,Paint,TRUE,956.77,996.6,39.83,41.6,,39.83,,0,
VEH-0233,21,Paint,TRUE,996.6,1051.91,55.31,54.5,,55.31,,0,
VEH-0233,23,Final Assembly,TRUE,1088.78,1132.39,43.61,41.7,,43.61,,0,
VEH-0233,24,Final Assembly,TRUE,1132.39,1174.94,42.55,44.7,,42.55,,0,
VEH-0233,25,Final Assembly,TRUE,1174.94,1224.19,49.25,48.2,,49.25,,0,
VEH-0233,27,Final Assembly,TRUE,1283.49,1318.66,35.17,38,43.61,35.17,,0,
VEH-0233,28,Final Assembly,FALSE,1318.66,1367.36,,50.6,,48.7,,0,
VEH-0233,29,Final Assembly,TRUE,1367.36,1422.46,55.1,53.7,46.73,55.1,,0,
VEH-0233,30,Final Assembly,TRUE,1422.46,1452.02,29.56,31.9,,29.56,,0,
VEH-0233,31,Final Assembly,TRUE,1452.02,1507.27,55.25,54.3,,55.25,,0,
VEH-0233,33,Final Assembly,TRUE,1541.9,1575.53,33.63,32.6,44.07,33.63,,0,
VEH-0233,34,Final Assembly,TRUE,1575.53,1639.96,64.43,68,,64.43,,0,
VEH-0233,35,Final Assembly,TRUE,1639.96,1711.3,71.34,68.6,,71.34,,0,
VEH-0233,36,Final Assembly,TRUE,1711.3,1771.77,60.47,62.3,44.53,60.47,,0,
VEH-0233,37,Final Assembly,TRUE,1771.77,1809.29,37.52,42.2,,37.52,,0,
VEH-0233,38,Final Assembly,TRUE,1809.29,1844.8,35.51,33.9,,35.51,,0,
VEH-0233,39,Final Assembly,FALSE,1844.8,1904.56,,57.4,,59.76,,0,
VEH-0233,40,Final Assembly,TRUE,1904.56,1952.17,47.61,47.6,,47.61,,0,
VEH-0234,1,Body,FALSE,0,41.56,,45,,41.56,,0,
VEH-0234,2,Body,FALSE,41.56,112.12,,68,,70.56,,0,
VEH-0234,3,Body,FALSE,112.12,173.56,,59.3,,61.44,,0,
VEH-0234,4,Body,TRUE,173.56,224.19,50.63,53.9,,50.63,,0,
VEH-0234,5,Body,TRUE,224.19,262.2,38.01,36.2,,38.01,PASS,0,
VEH-0234,6,Body,FALSE,262.2,296.59,,36.2,,34.39,,0,
VEH-0234,7,Body,FALSE,296.59,328.85,,32.3,,32.26,,0,
VEH-0234,8,Body,FALSE,328.85,402.44,,64.6,,73.59,,0,
VEH-0234,10,Body,TRUE,455.96,511.33,55.37,58.3,,55.37,,0,
VEH-0234,11,Body,TRUE,511.33,541.44,30.11,30.8,,30.11,PASS,0,
VEH-0234,12,Body,TRUE,541.44,610.45,69.01,68.8,,69.01,,0,
VEH-0234,14,Body,TRUE,676.37,710.36,33.99,38.5,46.02,33.99,,0,
VEH-0234,16,Paint,FALSE,748.04,784.3,,37.3,,36.26,,0,
VEH-0234,17,Paint,TRUE,784.3,824.64,40.34,42.2,,40.34,,0,
VEH-0234,18,Paint,FALSE,824.64,875.48,,51,,50.84,,0,
VEH-0234,19,Paint,TRUE,875.48,923.32,47.84,47.3,45.57,47.84,,0,
VEH-0234,20,Paint,TRUE,923.32,964.51,41.19,41.6,,41.19,,0,
VEH-0234,21,Paint,TRUE,964.51,1012.12,47.61,54.5,,47.61,,0,
VEH-0234,23,Final Assembly,TRUE,1046.84,1086.07,39.23,41.7,,39.23,,0,
VEH-0234,24,Final Assembly,TRUE,1086.07,1135.37,49.3,44.7,,49.3,,0,
VEH-0234,25,Final Assembly,TRUE,1135.37,1183.71,48.34,48.2,,48.34,,0,
VEH-0234,27,Final Assembly,TRUE,1247.39,1286.6,39.21,38,45.47,39.21,,0,
VEH-0234,28,Final Assembly,FALSE,1286.6,1336.15,,50.6,,49.55,,0,
VEH-0234,29,Final Assembly,TRUE,1336.15,1388.39,52.24,53.7,41.97,52.24,,0,
VEH-0234,30,Final Assembly,TRUE,1388.39,1420.52,32.13,31.9,,32.13,,0,
VEH-0234,31,Final Assembly,TRUE,1420.52,1475.63,55.11,54.3,,55.11,,0,
VEH-0234,33,Final Assembly,TRUE,1512.34,1545.17,32.83,32.6,43.19,32.83,,0,
VEH-0234,34,Final Assembly,TRUE,1545.17,1612.17,67,68,,67,,0,
VEH-0234,35,Final Assembly,TRUE,1612.17,1678.54,66.37,68.6,,66.37,,0,
VEH-0234,36,Final Assembly,TRUE,1678.54,1742.91,64.37,62.3,45.06,64.37,,0,
VEH-0234,37,Final Assembly,TRUE,1742.91,1783.76,40.85,42.2,,40.85,,0,
VEH-0234,38,Final Assembly,TRUE,1783.76,1817.39,33.63,33.9,,33.63,,0,
VEH-0234,39,Final Assembly,FALSE,1817.39,1871.81,,57.4,,54.42,,0,
VEH-0234,40,Final Assembly,TRUE,1871.81,1918.63,46.82,47.6,,46.82,,0,
VEH-0235,1,Body,FALSE,0,46.84,,45,,46.84,,0,
VEH-0235,2,Body,FALSE,46.84,113.84,,68,,67,,0,
VEH-0235,3,Body,FALSE,113.84,170.71,,59.3,,56.87,,0,
VEH-0235,4,Body,TRUE,170.71,225.8,55.09,53.9,,55.09,,0,
VEH-0235,5,Body,TRUE,225.8,263.64,37.84,36.2,,37.84,PASS,0,
VEH-0235,6,Body,FALSE,263.64,300.22,,36.2,,36.58,,0,
VEH-0235,7,Body,FALSE,300.22,331.23,,32.3,,31.01,,0,
VEH-0235,8,Body,FALSE,331.23,411.52,,64.6,,80.29,,0,
VEH-0235,9,Body,FALSE,411.52,464.43,,54,,52.91,PASS,0,
VEH-0235,10,Body,TRUE,464.43,524.91,60.48,58.3,,60.48,,0,
VEH-0235,12,Body,TRUE,557.99,617.83,59.84,68.8,,59.84,,0,
VEH-0235,13,Body,TRUE,617.83,681.48,63.65,63.3,42.4,63.65,PASS,0,
VEH-0235,14,Body,TRUE,681.48,724.69,43.21,38.5,44.3,43.21,,0,
VEH-0235,16,Paint,FALSE,763.38,800.61,,37.3,,37.23,,0,
VEH-0235,17,Paint,TRUE,800.61,841.12,40.51,42.2,,40.51,,0,
VEH-0235,18,Paint,FALSE,841.12,889.77,,51,,48.65,,0,
VEH-0235,19,Paint,TRUE,889.77,940.81,51.04,47.3,46.43,51.04,,0,
VEH-0235,20,Paint,TRUE,940.81,986.45,45.64,41.6,,45.64,,0,
VEH-0235,21,Paint,TRUE,986.45,1041.1,54.65,54.5,,54.65,,0,
VEH-0235,22,Paint,TRUE,1041.1,1077.21,36.11,35.6,,36.11,PASS,0,
VEH-0235,23,Final Assembly,TRUE,1077.21,1118.35,41.14,41.7,,41.14,,0,
VEH-0235,24,Final Assembly,TRUE,1118.35,1162.41,44.06,44.7,,44.06,,0,
VEH-0235,25,Final Assembly,TRUE,1162.41,1208.1,45.69,48.2,,45.69,,0,
VEH-0235,27,Final Assembly,TRUE,1269.76,1306.26,36.5,38,45.66,36.5,,0,
VEH-0235,28,Final Assembly,FALSE,1306.26,1357.29,,50.6,,51.03,,0,
VEH-0235,29,Final Assembly,TRUE,1357.29,1411.76,54.47,53.7,47.51,54.47,,0,
VEH-0235,30,Final Assembly,TRUE,1411.76,1443.6,31.84,31.9,,31.84,,0,
VEH-0235,31,Final Assembly,TRUE,1443.6,1499.95,56.35,54.3,,56.35,,0,
VEH-0235,32,Final Assembly,TRUE,1499.95,1540.52,40.57,36.8,,40.57,PASS,0,
VEH-0235,33,Final Assembly,TRUE,1540.52,1575.25,34.73,32.6,46.73,34.73,,0,
VEH-0235,34,Final Assembly,TRUE,1575.25,1642.21,66.96,68,,66.96,,0,
VEH-0235,35,Final Assembly,TRUE,1642.21,1711.6,69.39,68.6,,69.39,,0,
VEH-0235,36,Final Assembly,TRUE,1711.6,1769.79,58.19,62.3,45.75,58.19,,0,
VEH-0235,37,Final Assembly,TRUE,1769.79,1812.57,42.78,42.2,,42.78,,0,
VEH-0235,38,Final Assembly,TRUE,1812.57,1846.51,33.94,33.9,,33.94,,0,
VEH-0235,39,Final Assembly,FALSE,1846.51,1906.86,,57.4,,60.35,,0,
VEH-0235,40,Final Assembly,TRUE,1906.86,1951.59,44.73,47.6,,44.73,,0,
VEH-0236,1,Body,FALSE,0,48.68,,45,,48.68,,0,
VEH-0236,2,Body,FALSE,48.68,120.63,,68,,71.95,,0,
VEH-0236,3,Body,FALSE,120.63,179.87,,59.3,,59.24,,0,
VEH-0236,4,Body,TRUE,179.87,227.69,47.82,53.9,,47.82,,0,
VEH-0236,5,Body,TRUE,227.69,266.02,38.33,36.2,,38.33,PASS,0,
VEH-0236,6,Body,FALSE,266.02,301.79,,36.2,,35.77,,0,
VEH-0236,7,Body,FALSE,301.79,332.68,,32.3,,30.89,,0,
VEH-0236,8,Body,FALSE,332.68,412.58,,64.6,,79.9,,0,
VEH-0236,10,Body,TRUE,467.08,523.19,56.11,58.3,,56.11,,0,
VEH-0236,12,Body,TRUE,552.01,622.42,70.41,68.8,,70.41,,0,
VEH-0236,14,Body,TRUE,683.03,722.25,39.22,38.5,46.45,39.22,,0,
VEH-0236,16,Paint,FALSE,763.49,801.23,,37.3,,37.74,,0,
VEH-0236,17,Paint,TRUE,801.23,842.53,41.3,42.2,,41.3,,0,
VEH-0236,18,Paint,FALSE,842.53,897.76,,51,,55.23,,0,
VEH-0236,19,Paint,TRUE,897.76,947.53,49.77,47.3,45.25,49.77,,0,
VEH-0236,20,Paint,TRUE,947.53,989.62,42.09,41.6,,42.09,,0,
VEH-0236,21,Paint,TRUE,989.62,1044.19,54.57,54.5,,54.57,,0,
VEH-0236,23,Final Assembly,TRUE,1080.08,1121.57,41.49,41.7,,41.49,,0,
VEH-0236,24,Final Assembly,TRUE,1121.57,1164.09,42.52,44.7,,42.52,,0,
VEH-0236,25,Final Assembly,TRUE,1164.09,1212.31,48.22,48.2,,48.22,,0,
VEH-0236,27,Final Assembly,TRUE,1279.1,1315.55,36.45,38,44.59,36.45,,0,
VEH-0236,28,Final Assembly,FALSE,1315.55,1363.89,,50.6,,48.34,,0,
VEH-0236,29,Final Assembly,TRUE,1363.89,1420.7,56.81,53.7,46.24,56.81,,0,
VEH-0236,30,Final Assembly,TRUE,1420.7,1450.57,29.87,31.9,,29.87,,0,
VEH-0236,31,Final Assembly,TRUE,1450.57,1499.4,48.83,54.3,,48.83,,0,
VEH-0236,33,Final Assembly,TRUE,1537.79,1568.21,30.42,32.6,46.24,30.42,,0,
VEH-0236,34,Final Assembly,TRUE,1568.21,1634.04,65.83,68,,65.83,,0,
VEH-0236,35,Final Assembly,TRUE,1634.04,1705.02,70.98,68.6,,70.98,,0,
VEH-0236,36,Final Assembly,TRUE,1705.02,1768.71,63.69,62.3,44.2,63.69,,0,
VEH-0236,37,Final Assembly,TRUE,1768.71,1809.06,40.35,42.2,,40.35,,0,
VEH-0236,38,Final Assembly,TRUE,1809.06,1843.94,34.88,33.9,,34.88,,0,
VEH-0236,39,Final Assembly,FALSE,1843.94,1899.35,,57.4,,55.41,,0,
VEH-0236,40,Final Assembly,TRUE,1899.35,1949.59,50.24,47.6,,50.24,,0,
VEH-0237,1,Body,FALSE,0,48.65,,45,,48.65,,0,
VEH-0237,2,Body,FALSE,48.65,110.02,,68,,61.37,,0,
VEH-0237,3,Body,FALSE,110.02,169.59,,59.3,,59.57,,0,
VEH-0237,4,Body,TRUE,169.59,222.41,52.82,53.9,,52.82,,0,
VEH-0237,5,Body,TRUE,222.41,253.34,30.93,36.2,,30.93,PASS,0,
VEH-0237,6,Body,FALSE,253.34,286.93,,36.2,,33.59,,0,
VEH-0237,7,Body,FALSE,286.93,320.48,,32.3,,33.55,,0,
VEH-0237,8,Body,FALSE,320.48,405.81,,64.6,,85.33,,0,
VEH-0237,9,Body,FALSE,405.81,462.25,,54,,56.44,PASS,0,
VEH-0237,10,Body,TRUE,462.25,521.5,59.25,58.3,,59.25,,0,
VEH-0237,12,Body,TRUE,552.27,626.86,74.59,68.8,,74.59,,0,
VEH-0237,13,Body,TRUE,626.86,696.97,70.11,63.3,44.12,70.11,PASS,0,
VEH-0237,14,Body,TRUE,696.97,731.61,34.64,38.5,41.85,34.64,,0,
VEH-0237,16,Paint,FALSE,771.37,808.58,,37.3,,37.21,,0,
VEH-0237,17,Paint,TRUE,808.58,851.17,42.59,42.2,,42.59,,0,
VEH-0237,18,Paint,FALSE,851.17,897.6,,51,,46.43,,0,
VEH-0237,19,Paint,TRUE,897.6,943.12,45.52,47.3,44.56,45.52,,0,
VEH-0237,20,Paint,TRUE,943.12,985.15,42.03,41.6,,42.03,,0,
VEH-0237,21,Paint,TRUE,985.15,1038.56,53.41,54.5,,53.41,,0,
VEH-0237,22,Paint,TRUE,1038.56,1072.31,33.75,35.6,,33.75,PASS,0,
VEH-0237,23,Final Assembly,TRUE,1072.31,1112.37,40.06,41.7,,40.06,,0,
VEH-0237,24,Final Assembly,TRUE,1112.37,1159.78,47.41,44.7,,47.41,,0,
VEH-0237,25,Final Assembly,TRUE,1159.78,1208.57,48.79,48.2,,48.79,,0,
VEH-0237,27,Final Assembly,TRUE,1271.85,1308.14,36.29,38,40.57,36.29,,0,
VEH-0237,28,Final Assembly,FALSE,1308.14,1357.42,,50.6,,49.28,,0,
VEH-0237,29,Final Assembly,TRUE,1357.42,1408.79,51.37,53.7,45.52,51.37,,0,
VEH-0237,30,Final Assembly,TRUE,1408.79,1445.91,37.12,31.9,,37.12,,0,
VEH-0237,31,Final Assembly,TRUE,1445.91,1502.09,56.18,54.3,,56.18,,0,
VEH-0237,33,Final Assembly,TRUE,1543.92,1577.45,33.53,32.6,44.06,33.53,,0,
VEH-0237,34,Final Assembly,TRUE,1577.45,1646.63,69.18,68,,69.18,,0,
VEH-0237,35,Final Assembly,TRUE,1646.63,1721.34,74.71,68.6,,74.71,,0,
VEH-0237,36,Final Assembly,TRUE,1721.34,1789.35,68.01,62.3,44.14,68.01,,0,
VEH-0237,37,Final Assembly,TRUE,1789.35,1832.08,42.73,42.2,,42.73,,0,
VEH-0237,38,Final Assembly,TRUE,1832.08,1863.55,31.47,33.9,,31.47,,0,
VEH-0237,39,Final Assembly,FALSE,1863.55,1923.32,,57.4,,59.77,,0,
VEH-0237,40,Final Assembly,TRUE,1923.32,1974.62,51.3,47.6,,51.3,,0,
VEH-0238,1,Body,FALSE,0,45.09,,45,,45.09,,0,
VEH-0238,2,Body,FALSE,45.09,114.99,,68,,69.9,,0,
VEH-0238,3,Body,FALSE,114.99,177.75,,59.3,,62.76,,0,
VEH-0238,4,Body,TRUE,177.75,232.45,54.7,53.9,,54.7,,0,
VEH-0238,5,Body,TRUE,232.45,269.36,36.91,36.2,,36.91,PASS,0,
VEH-0238,6,Body,FALSE,269.36,305.07,,36.2,,35.71,,0,
VEH-0238,7,Body,FALSE,305.07,335.96,,32.3,,30.89,,0,
VEH-0238,8,Body,FALSE,335.96,413.38,,64.6,,77.42,,0,
VEH-0238,9,Body,FALSE,413.38,471.24,,54,,57.86,PASS,0,
VEH-0238,10,Body,TRUE,471.24,531.39,60.15,58.3,,60.15,,0,
VEH-0238,12,Body,TRUE,562.82,625.38,62.56,68.8,,62.56,,0,
VEH-0238,13,Body,TRUE,625.38,689.67,64.29,63.3,43.01,64.29,PASS,0,
VEH-0238,14,Body,TRUE,689.67,725.74,36.07,38.5,43.28,36.07,,0,
VEH-0238,15,Body,FALSE,725.74,761.6,,37.3,,35.86,PASS,0,
VEH-0238,16,Paint,FALSE,761.6,800.45,,37.3,,38.85,,0,
VEH-0238,17,Paint,TRUE,800.45,843.13,42.68,42.2,,42.68,,0,
VEH-0238,18,Paint,FALSE,843.13,891.72,,51,,48.59,,0,
VEH-0238,19,Paint,TRUE,891.72,937.65,45.93,47.3,45.75,45.93,,0,
VEH-0238,20,Paint,TRUE,937.65,980.7,43.05,41.6,,43.05,,0,
VEH-0238,21,Paint,TRUE,980.7,1035.56,54.86,54.5,,54.86,,0,
VEH-0238,23,Final Assembly,TRUE,1069.12,1109.96,40.84,41.7,,40.84,,0,
VEH-0238,24,Final Assembly,TRUE,1109.96,1159.99,50.03,44.7,,50.03,,0,
VEH-0238,25,Final Assembly,TRUE,1159.99,1205.27,45.28,48.2,,45.28,,0,
VEH-0238,27,Final Assembly,TRUE,1267.82,1309.85,42.03,38,44.59,42.03,,0,
VEH-0238,28,Final Assembly,FALSE,1309.85,1365.09,,50.6,,55.24,,0,
VEH-0238,29,Final Assembly,TRUE,1365.09,1416.94,51.85,53.7,42.04,51.85,,0,
VEH-0238,30,Final Assembly,TRUE,1416.94,1447.92,30.98,31.9,,30.98,,0,
VEH-0238,31,Final Assembly,TRUE,1447.92,1500.17,52.25,54.3,,52.25,,0,
VEH-0238,32,Final Assembly,TRUE,1500.17,1533.9,33.73,36.8,,33.73,PASS,0,
VEH-0238,33,Final Assembly,TRUE,1533.9,1565.82,31.92,32.6,46.49,31.92,,0,
VEH-0238,34,Final Assembly,TRUE,1565.82,1631.8,65.98,68,,65.98,,0,
VEH-0238,35,Final Assembly,TRUE,1631.8,1699.11,67.31,68.6,,67.31,,0,
VEH-0238,36,Final Assembly,TRUE,1699.11,1765.69,66.58,62.3,43.88,66.58,,0,
VEH-0238,37,Final Assembly,TRUE,1765.69,1809.2,43.51,42.2,,43.51,,0,
VEH-0238,38,Final Assembly,TRUE,1809.2,1840.2,31,33.9,,31,,0,
VEH-0238,39,Final Assembly,FALSE,1840.2,1894.83,,57.4,,54.63,,0,
VEH-0238,40,Final Assembly,TRUE,1894.83,1941.92,47.09,47.6,,47.09,,0,
VEH-0239,1,Body,FALSE,0,46.9,,45,,46.9,,0,
VEH-0239,2,Body,FALSE,46.9,116.72,,68,,69.82,,0,
VEH-0239,3,Body,FALSE,116.72,173.47,,59.3,,56.75,,0,
VEH-0239,4,Body,TRUE,173.47,225.79,52.32,53.9,,52.32,,0,
VEH-0239,5,Body,TRUE,225.79,264.33,38.54,36.2,,38.54,PASS,0,
VEH-0239,6,Body,FALSE,264.33,299.13,,36.2,,34.8,,0,
VEH-0239,7,Body,FALSE,299.13,331.63,,32.3,,32.5,,0,
VEH-0239,8,Body,FALSE,331.63,407.91,,64.6,,76.28,,0,
VEH-0239,10,Body,TRUE,461.06,519.23,58.17,58.3,,58.17,,0,
VEH-0239,12,Body,TRUE,548.82,614.32,65.5,68.8,,65.5,,0,
VEH-0239,14,Body,TRUE,678.53,715.47,36.94,38.5,43.59,36.94,,0,
VEH-0239,16,Paint,FALSE,752.63,791.69,,37.3,,39.06,,0,
VEH-0239,17,Paint,TRUE,791.69,837.07,45.38,42.2,,45.38,,0,
VEH-0239,18,Paint,FALSE,837.07,886.22,,51,,49.15,,0,
VEH-0239,19,Paint,TRUE,886.22,938.59,52.37,47.3,43.49,52.37,,0,
VEH-0239,20,Paint,TRUE,938.59,982.44,43.85,41.6,,43.85,,0,
VEH-0239,21,Paint,TRUE,982.44,1034.97,52.53,54.5,,52.53,,0,
VEH-0239,22,Paint,TRUE,1034.97,1069.02,34.05,35.6,,34.05,PASS,0,
VEH-0239,23,Final Assembly,TRUE,1069.02,1109.16,40.14,41.7,,40.14,,0,
VEH-0239,24,Final Assembly,TRUE,1109.16,1153.74,44.58,44.7,,44.58,,0,
VEH-0239,25,Final Assembly,TRUE,1153.74,1203.34,49.6,48.2,,49.6,,0,
VEH-0239,26,Final Assembly,TRUE,1203.34,1266.8,63.46,61.4,,63.46,PASS,0,
VEH-0239,27,Final Assembly,TRUE,1266.8,1303.01,36.21,38,43.52,36.21,,0,
VEH-0239,28,Final Assembly,FALSE,1303.01,1351.29,,50.6,,48.28,,0,
VEH-0239,29,Final Assembly,TRUE,1351.29,1404.69,53.4,53.7,44.68,53.4,,0,
VEH-0239,30,Final Assembly,TRUE,1404.69,1435.08,30.39,31.9,,30.39,,0,
VEH-0239,31,Final Assembly,TRUE,1435.08,1490.11,55.03,54.3,,55.03,,0,
VEH-0239,33,Final Assembly,TRUE,1531.07,1562.85,31.78,32.6,44.35,31.78,,0,
VEH-0239,34,Final Assembly,TRUE,1562.85,1632.75,69.9,68,,69.9,,0,
VEH-0239,35,Final Assembly,TRUE,1632.75,1699.43,66.68,68.6,,66.68,,0,
VEH-0239,36,Final Assembly,TRUE,1699.43,1763.82,64.39,62.3,43.92,64.39,,0,
VEH-0239,37,Final Assembly,TRUE,1763.82,1809.89,46.07,42.2,,46.07,,0,
VEH-0239,38,Final Assembly,TRUE,1809.89,1844.38,34.49,33.9,,34.49,,0,
VEH-0239,39,Final Assembly,FALSE,1844.38,1900,,57.4,,55.62,,0,
VEH-0239,40,Final Assembly,TRUE,1900,1946.2,46.2,47.6,,46.2,,0,
VEH-0240,1,Body,FALSE,0,43.84,,45,,43.84,,0,
VEH-0240,2,Body,FALSE,43.84,111.19,,68,,67.35,,0,
VEH-0240,3,Body,FALSE,111.19,165.58,,59.3,,54.39,,0,
VEH-0240,4,Body,TRUE,165.58,215.9,50.32,53.9,,50.32,,0,
VEH-0240,5,Body,TRUE,215.9,249.67,33.77,36.2,,33.77,PASS,0,
VEH-0240,6,Body,FALSE,249.67,286.74,,36.2,,37.07,,0,
VEH-0240,7,Body,FALSE,286.74,320.12,,32.3,,33.38,,0,
VEH-0240,8,Body,FALSE,320.12,396.09,,64.6,,75.97,,0,
VEH-0240,10,Body,TRUE,449.88,508.2,58.32,58.3,,58.32,,0,
VEH-0240,12,Body,TRUE,539.12,605.3,66.18,68.8,,66.18,,0,
VEH-0240,14,Body,TRUE,673.79,712.43,38.64,38.5,44.22,38.64,,0,
VEH-0240,15,Body,FALSE,712.43,748.18,,37.3,,35.75,PASS,0,
VEH-0240,16,Paint,FALSE,748.18,786.22,,37.3,,38.04,,0,
VEH-0240,17,Paint,TRUE,786.22,827.42,41.2,42.2,,41.2,,0,
VEH-0240,18,Paint,FALSE,827.42,878.76,,51,,51.34,,0,
VEH-0240,19,Paint,TRUE,878.76,921.58,42.82,47.3,44.21,42.82,,0,
VEH-0240,20,Paint,TRUE,921.58,962.95,41.37,41.6,,41.37,,0,
VEH-0240,21,Paint,TRUE,962.95,1020.09,57.14,54.5,,57.14,,0,
VEH-0240,23,Final Assembly,TRUE,1054.05,1092.64,38.59,41.7,,38.59,,0,
VEH-0240,24,Final Assembly,TRUE,1092.64,1138.34,45.7,44.7,,45.7,,0,
VEH-0240,25,Final Assembly,TRUE,1138.34,1186.39,48.05,48.2,,48.05,,0,
VEH-0240,27,Final Assembly,TRUE,1242.5,1277.32,34.82,38,44.03,34.82,,0,
VEH-0240,28,Final Assembly,FALSE,1277.32,1327.71,,50.6,,50.39,,0,
VEH-0240,29,Final Assembly,TRUE,1327.71,1385.15,57.44,53.7,43.38,57.44,,0,
VEH-0240,30,Final Assembly,TRUE,1385.15,1417.91,32.76,31.9,,32.76,,0,
VEH-0240,31,Final Assembly,TRUE,1417.91,1466.9,48.99,54.3,,48.99,,0,
VEH-0240,33,Final Assembly,TRUE,1504.36,1539.42,35.06,32.6,45.21,35.06,,0,
VEH-0240,34,Final Assembly,TRUE,1539.42,1605.15,65.73,68,,65.73,,0,
VEH-0240,35,Final Assembly,TRUE,1605.15,1677.98,72.83,68.6,,72.83,,0,
VEH-0240,36,Final Assembly,TRUE,1677.98,1741.37,63.39,62.3,45.23,63.39,,0,
VEH-0240,37,Final Assembly,TRUE,1741.37,1781.42,40.05,42.2,,40.05,,0,
VEH-0240,38,Final Assembly,TRUE,1781.42,1815.94,34.52,33.9,,34.52,,0,
VEH-0240,39,Final Assembly,FALSE,1815.94,1871.37,,57.4,,55.43,,0,
VEH-0240,40,Final Assembly,TRUE,1871.37,1919.71,48.34,47.6,,48.34,,0,
VEH-0241,1,Body,FALSE,0,46.63,,45,,46.63,,0,
VEH-0241,2,Body,FALSE,46.63,115.27,,68,,68.64,,0,
VEH-0241,3,Body,FALSE,115.27,174.03,,59.3,,58.76,,0,
VEH-0241,4,Body,TRUE,174.03,227.26,53.23,53.9,,53.23,,0,
VEH-0241,5,Body,TRUE,227.26,265.57,38.31,36.2,,38.31,PASS,0,
VEH-0241,6,Body,FALSE,265.57,300.88,,36.2,,35.31,,0,
VEH-0241,7,Body,FALSE,300.88,334.11,,32.3,,33.23,,0,
VEH-0241,8,Body,FALSE,334.11,411.8,,64.6,,77.69,,0,
VEH-0241,10,Body,TRUE,471.04,531.51,60.47,58.3,,60.47,,0,
VEH-0241,12,Body,TRUE,564.23,631.02,66.79,68.8,,66.79,,0,
VEH-0241,14,Body,TRUE,697.67,736.38,38.71,38.5,47.45,38.71,,0,
VEH-0241,16,Paint,FALSE,771.74,809.42,,37.3,,37.68,,0,
VEH-0241,17,Paint,TRUE,809.42,852.54,43.12,42.2,,43.12,,0,
VEH-0241,18,Paint,FALSE,852.54,904.87,,51,,52.33,,0,
VEH-0241,19,Paint,TRUE,904.87,951.11,46.24,47.3,48.13,46.24,,0,
VEH-0241,20,Paint,TRUE,951.11,990.02,38.91,41.6,,38.91,,0,
VEH-0241,21,Paint,TRUE,990.02,1048.5,58.48,54.5,,58.48,,0,
VEH-0241,23,Final Assembly,TRUE,1086.26,1131.93,45.67,41.7,,45.67,,0,
VEH-0241,24,Final Assembly,TRUE,1131.93,1173.07,41.14,44.7,,41.14,,0,
VEH-0241,25,Final Assembly,TRUE,1173.07,1219.18,46.11,48.2,,46.11,,0,
VEH-0241,26,Final Assembly,TRUE,1219.18,1285.16,65.98,61.4,,65.98,PASS,0,
VEH-0241,27,Final Assembly,TRUE,1285.16,1319.59,34.43,38,42.59,34.43,,0,
VEH-0241,28,Final Assembly,FALSE,1319.59,1368.95,,50.6,,49.36,,0,
VEH-0241,29,Final Assembly,TRUE,1368.95,1423.17,54.22,53.7,47.39,54.22,,0,
VEH-0241,30,Final Assembly,TRUE,1423.17,1454.78,31.61,31.9,,31.61,,0,
VEH-0241,31,Final Assembly,TRUE,1454.78,1507.43,52.65,54.3,,52.65,,0,
VEH-0241,32,Final Assembly,TRUE,1507.43,1544.8,37.37,36.8,,37.37,PASS,0,
VEH-0241,33,Final Assembly,TRUE,1544.8,1578.17,33.37,32.6,45.66,33.37,,0,
VEH-0241,34,Final Assembly,TRUE,1578.17,1645.56,67.39,68,,67.39,,0,
VEH-0241,35,Final Assembly,TRUE,1645.56,1707.45,61.89,68.6,,61.89,,0,
VEH-0241,36,Final Assembly,TRUE,1707.45,1766.89,59.44,62.3,47.13,59.44,,0,
VEH-0241,37,Final Assembly,TRUE,1766.89,1809.48,42.59,42.2,,42.59,,0,
VEH-0241,38,Final Assembly,TRUE,1809.48,1842.83,33.35,33.9,,33.35,,0,
VEH-0241,39,Final Assembly,FALSE,1842.83,1903.44,,57.4,,60.61,,0,
VEH-0241,40,Final Assembly,TRUE,1903.44,1948.35,44.91,47.6,,44.91,,0,
VEH-0242,1,Body,FALSE,0,44.49,,45,,44.49,,0,
VEH-0242,2,Body,FALSE,44.49,103.09,,68,,58.6,,0,
VEH-0242,3,Body,FALSE,103.09,158.74,,59.3,,55.65,,0,
VEH-0242,4,Body,TRUE,158.74,213.88,55.14,53.9,,55.14,,0,
VEH-0242,5,Body,TRUE,213.88,251.48,37.6,36.2,,37.6,PASS,0,
VEH-0242,6,Body,FALSE,251.48,290.79,,36.2,,39.31,,0,
VEH-0242,7,Body,FALSE,290.79,323.64,,32.3,,32.85,,0,
VEH-0242,8,Body,FALSE,323.64,406.8,,64.6,,83.16,,0,
VEH-0242,9,Body,FALSE,406.8,462.5,,54,,55.7,PASS,0,
VEH-0242,10,Body,TRUE,462.5,523.54,61.04,58.3,,61.04,,0,
VEH-0242,11,Body,TRUE,523.54,556.04,32.5,30.8,,32.5,PASS,0,
VEH-0242,12,Body,TRUE,556.04,626.52,70.48,68.8,,70.48,,0,
VEH-0242,14,Body,TRUE,693.23,727.05,33.82,38.5,45.98,33.82,,0,
VEH-0242,15,Body,FALSE,727.05,765.05,,37.3,,38,PASS,0,
VEH-0242,16,Paint,FALSE,765.05,800.72,,37.3,,35.67,,0,
VEH-0242,17,Paint,TRUE,800.72,840.26,39.54,42.2,,39.54,,0,
VEH-0242,18,Paint,FALSE,840.26,891.59,,51,,51.33,,0,
VEH-0242,19,Paint,TRUE,891.59,940.58,48.99,47.3,45.78,48.99,,0,
VEH-0242,20,Paint,TRUE,940.58,980.06,39.48,41.6,,39.48,,0,
VEH-0242,21,Paint,TRUE,980.06,1032.39,52.33,54.5,,52.33,,0,
VEH-0242,23,Final Assembly,TRUE,1069.18,1111.03,41.85,41.7,,41.85,,0,
VEH-0242,24,Final Assembly,TRUE,1111.03,1158.1,47.07,44.7,,47.07,,0,
VEH-0242,25,Final Assembly,TRUE,1158.1,1205.52,47.42,48.2,,47.42,,0,
VEH-0242,26,Final Assembly,TRUE,1205.52,1269.19,63.67,61.4,,63.67,PASS,0,
VEH-0242,27,Final Assembly,TRUE,1269.19,1307.11,37.92,38,43.92,37.92,,0,
VEH-0242,28,Final Assembly,FALSE,1307.11,1360.06,,50.6,,52.95,,0,
VEH-0242,29,Final Assembly,TRUE,1360.06,1411.09,51.03,53.7,45.11,51.03,,0,
VEH-0242,30,Final Assembly,TRUE,1411.09,1443.27,32.18,31.9,,32.18,,0,
VEH-0242,31,Final Assembly,TRUE,1443.27,1497.24,53.97,54.3,,53.97,,0,
VEH-0242,32,Final Assembly,TRUE,1497.24,1535.86,38.62,36.8,,38.62,PASS,0,
VEH-0242,33,Final Assembly,TRUE,1535.86,1569.39,33.53,32.6,45.68,33.53,,0,
VEH-0242,34,Final Assembly,TRUE,1569.39,1637.62,68.23,68,,68.23,,0,
VEH-0242,35,Final Assembly,TRUE,1637.62,1712.59,74.97,68.6,,74.97,,0,
VEH-0242,36,Final Assembly,TRUE,1712.59,1779.46,66.87,62.3,46.38,66.87,,0,
VEH-0242,37,Final Assembly,TRUE,1779.46,1823.25,43.79,42.2,,43.79,,0,
VEH-0242,38,Final Assembly,TRUE,1823.25,1856.13,32.88,33.9,,32.88,,0,
VEH-0242,39,Final Assembly,FALSE,1856.13,1913.39,,57.4,,57.26,,0,
VEH-0242,40,Final Assembly,TRUE,1913.39,1962.5,49.11,47.6,,49.11,,0,
VEH-0243,1,Body,FALSE,0,46.25,,45,,46.25,,0,
VEH-0243,2,Body,FALSE,46.25,117.17,,68,,70.92,,0,
VEH-0243,3,Body,FALSE,117.17,177.59,,59.3,,60.42,,0,
VEH-0243,4,Body,TRUE,177.59,229.23,51.64,53.9,,51.64,,0,
VEH-0243,5,Body,TRUE,229.23,265.1,35.87,36.2,,35.87,PASS,0,
VEH-0243,6,Body,FALSE,265.1,303.02,,36.2,,37.92,,0,
VEH-0243,7,Body,FALSE,303.02,333.09,,32.3,,30.07,,0,
VEH-0243,8,Body,FALSE,333.09,405.14,,64.6,,72.05,,0,
VEH-0243,9,Body,FALSE,405.14,463.21,,54,,58.07,PASS,0,
VEH-0243,10,Body,TRUE,463.21,523,59.79,58.3,,59.79,,0,
VEH-0243,11,Body,TRUE,523,554.73,31.73,30.8,,31.73,PASS,0,
VEH-0243,12,Body,TRUE,554.73,619.83,65.1,68.8,,65.1,,0,
VEH-0243,13,Body,TRUE,619.83,685.47,65.64,63.3,45.41,65.64,PASS,0,
VEH-0243,14,Body,TRUE,685.47,720.91,35.44,38.5,47.14,35.44,,0,
VEH-0243,16,Paint,FALSE,758.51,795.07,,37.3,,36.56,,0,
VEH-0243,17,Paint,TRUE,795.07,836.47,41.4,42.2,,41.4,,0,
VEH-0243,18,Paint,FALSE,836.47,882.33,,51,,45.86,,0,
VEH-0243,19,Paint,TRUE,882.33,931.03,48.7,47.3,45.39,48.7,,0,
VEH-0243,20,Paint,TRUE,931.03,972.23,41.2,41.6,,41.2,,0,
VEH-0243,21,Paint,TRUE,972.23,1030.22,57.99,54.5,,57.99,,0,
VEH-0243,22,Paint,TRUE,1030.22,1063.36,33.14,35.6,,33.14,PASS,0,
VEH-0243,23,Final Assembly,TRUE,1063.36,1103.81,40.45,41.7,,40.45,,0,
VEH-0243,24,Final Assembly,TRUE,1103.81,1146.61,42.8,44.7,,42.8,,0,
VEH-0243,25,Final Assembly,TRUE,1146.61,1194.14,47.53,48.2,,47.53,,0,
VEH-0243,27,Final Assembly,TRUE,1255.75,1294.57,38.82,38,44.48,38.82,,0,
VEH-0243,28,Final Assembly,FALSE,1294.57,1342.95,,50.6,,48.38,,0,
VEH-0243,29,Final Assembly,TRUE,1342.95,1401.19,58.24,53.7,48.62,58.24,,0,
VEH-0243,30,Final Assembly,TRUE,1401.19,1433.32,32.13,31.9,,32.13,,0,
VEH-0243,31,Final Assembly,TRUE,1433.32,1485.57,52.25,54.3,,52.25,,0,
VEH-0243,33,Final Assembly,TRUE,1525.08,1555.32,30.24,32.6,44.5,30.24,,0,
VEH-0243,34,Final Assembly,TRUE,1555.32,1620.95,65.63,68,,65.63,,0,
VEH-0243,35,Final Assembly,TRUE,1620.95,1685.57,64.62,68.6,,64.62,,0,
VEH-0243,36,Final Assembly,TRUE,1685.57,1747,61.43,62.3,43.7,61.43,,0,
VEH-0243,37,Final Assembly,TRUE,1747,1789.23,42.23,42.2,,42.23,,0,
VEH-0243,38,Final Assembly,TRUE,1789.23,1823.18,33.95,33.9,,33.95,,0,
VEH-0243,39,Final Assembly,FALSE,1823.18,1878.8,,57.4,,55.62,,0,
VEH-0243,40,Final Assembly,TRUE,1878.8,1925.52,46.72,47.6,,46.72,,0,
VEH-0244,1,Body,FALSE,0,44.48,,45,,44.48,,0,
VEH-0244,2,Body,FALSE,44.48,105.87,,68,,61.39,,0,
VEH-0244,3,Body,FALSE,105.87,160.8,,59.3,,54.93,,0,
VEH-0244,4,Body,TRUE,160.8,208.49,47.69,53.9,,47.69,,0,
VEH-0244,5,Body,TRUE,208.49,244.83,36.34,36.2,,36.34,PASS,0,
VEH-0244,6,Body,FALSE,244.83,282.01,,36.2,,37.18,,0,
VEH-0244,7,Body,FALSE,282.01,314.89,,32.3,,32.88,,0,
VEH-0244,8,Body,FALSE,314.89,392.77,,64.6,,77.88,,0,
VEH-0244,9,Body,FALSE,392.77,447.87,,54,,55.1,PASS,0,
VEH-0244,10,Body,TRUE,447.87,505.3,57.43,58.3,,57.43,,0,
VEH-0244,11,Body,TRUE,505.3,537.24,31.94,30.8,,31.94,PASS,0,
VEH-0244,12,Body,TRUE,537.24,609.85,72.61,68.8,,72.61,,0,
VEH-0244,13,Body,TRUE,609.85,670.2,60.35,63.3,44.57,60.35,PASS,0,
VEH-0244,14,Body,TRUE,670.2,708.46,38.26,38.5,47.14,38.26,,0,
VEH-0244,16,Paint,FALSE,744.25,783.59,,37.3,,39.34,,0,
VEH-0244,17,Paint,TRUE,783.59,822.7,39.11,42.2,,39.11,,0,
VEH-0244,18,Paint,FALSE,822.7,876.87,,51,,54.17,,0,
VEH-0244,19,Paint,TRUE,876.87,926.18,49.31,47.3,44.77,49.31,,0,
VEH-0244,20,Paint,TRUE,926.18,969.69,43.51,41.6,,43.51,,0,
VEH-0244,21,Paint,TRUE,969.69,1022.82,53.13,54.5,,53.13,,0,
VEH-0244,22,Paint,TRUE,1022.82,1056.78,33.96,35.6,,33.96,PASS,0,
VEH-0244,23,Final Assembly,TRUE,1056.78,1102.05,45.27,41.7,,45.27,,0,
VEH-0244,24,Final Assembly,TRUE,1102.05,1145.54,43.49,44.7,,43.49,,0,
VEH-0244,25,Final Assembly,TRUE,1145.54,1195.37,49.83,48.2,,49.83,,0,
VEH-0244,26,Final Assembly,TRUE,1195.37,1260.17,64.8,61.4,,64.8,PASS,0,
VEH-0244,27,Final Assembly,TRUE,1260.17,1299.7,39.53,38,45.9,39.53,,0,
VEH-0244,28,Final Assembly,FALSE,1299.7,1352.02,,50.6,,52.32,,0,
VEH-0244,29,Final Assembly,TRUE,1352.02,1408.56,56.54,53.7,45.48,56.54,,0,
VEH-0244,30,Final Assembly,TRUE,1408.56,1440.4,31.84,31.9,,31.84,,0,
VEH-0244,31,Final Assembly,TRUE,1440.4,1490.99,50.59,54.3,,50.59,,0,
VEH-0244,33,Final Assembly,TRUE,1528.38,1562.66,34.28,32.6,43.35,34.28,,0,
VEH-0244,34,Final Assembly,TRUE,1562.66,1629.88,67.22,68,,67.22,,0,
VEH-0244,35,Final Assembly,TRUE,1629.88,1699.94,70.06,68.6,,70.06,,0,
VEH-0244,36,Final Assembly,TRUE,1699.94,1766.96,67.02,62.3,43.26,67.02,,0,
VEH-0244,37,Final Assembly,TRUE,1766.96,1810.83,43.87,42.2,,43.87,,0,
VEH-0244,38,Final Assembly,TRUE,1810.83,1844.12,33.29,33.9,,33.29,,0,
VEH-0244,39,Final Assembly,FALSE,1844.12,1899.59,,57.4,,55.47,,0,
VEH-0244,40,Final Assembly,TRUE,1899.59,1945.01,45.42,47.6,,45.42,,0,
VEH-0245,1,Body,FALSE,0,45.6,,45,,45.6,,0,
VEH-0245,2,Body,FALSE,45.6,116.5,,68,,70.9,,0,
VEH-0245,3,Body,FALSE,116.5,175.49,,59.3,,58.99,,0,
VEH-0245,4,Body,TRUE,175.49,228.67,53.18,53.9,,53.18,,0,
VEH-0245,5,Body,TRUE,228.67,267.88,39.21,36.2,,39.21,PASS,0,
VEH-0245,6,Body,FALSE,267.88,305.06,,36.2,,37.18,,0,
VEH-0245,7,Body,FALSE,305.06,339.7,,32.3,,34.64,,0,
VEH-0245,8,Body,FALSE,339.7,419.34,,64.6,,79.64,,0,
VEH-0245,10,Body,TRUE,471.05,527.65,56.6,58.3,,56.6,,0,
VEH-0245,11,Body,TRUE,527.65,558.61,30.96,30.8,,30.96,PASS,0,
VEH-0245,12,Body,TRUE,558.61,625.25,66.64,68.8,,66.64,,0,
VEH-0245,14,Body,TRUE,685.04,722.49,37.45,38.5,45.21,37.45,,0,
VEH-0245,16,Paint,FALSE,760.34,796.55,,37.3,,36.21,,0,
VEH-0245,17,Paint,TRUE,796.55,841.81,45.26,42.2,,45.26,,0,
VEH-0245,18,Paint,FALSE,841.81,889.96,,51,,48.15,,0,
VEH-0245,19,Paint,TRUE,889.96,937.88,47.92,47.3,45.37,47.92,,0,
VEH-0245,20,Paint,TRUE,937.88,979.37,41.49,41.6,,41.49,,0,
VEH-0245,21,Paint,TRUE,979.37,1030.33,50.96,54.5,,50.96,,0,
VEH-0245,23,Final Assembly,TRUE,1067.48,1110.73,43.25,41.7,,43.25,,0,
VEH-0245,24,Final Assembly,TRUE,1110.73,1153.92,43.19,44.7,,43.19,,0,
VEH-0245,25,Final Assembly,TRUE,1153.92,1203.83,49.91,48.2,,49.91,,0,
VEH-0245,26,Final Assembly,TRUE,1203.83,1266.38,62.55,61.4,,62.55,PASS,0,
VEH-0245,27,Final Assembly,TRUE,1266.38,1301.95,35.57,38,43.72,35.57,,0,
VEH-0245,28,Final Assembly,FALSE,1301.95,1355.43,,50.6,,53.48,,0,
VEH-0245,29,Final Assembly,TRUE,1355.43,1409.96,54.53,53.7,44.15,54.53,,0,
VEH-0245,30,Final Assembly,TRUE,1409.96,1440.5,30.54,31.9,,30.54,,0,
VEH-0245,31,Final Assembly,TRUE,1440.5,1493.4,52.9,54.3,,52.9,,0,
VEH-0245,33,Final Assembly,TRUE,1529.38,1560.6,31.22,32.6,42.39,31.22,,0,
VEH-0245,34,Final Assembly,TRUE,1560.6,1632.48,71.88,68,,71.88,,0,
VEH-0245,35,Final Assembly,TRUE,1632.48,1704.41,71.93,68.6,,71.93,,0,
VEH-0245,36,Final Assembly,TRUE,1704.41,1762.74,58.33,62.3,45.2,58.33,,0,
VEH-0245,37,Final Assembly,TRUE,1762.74,1803.04,40.3,42.2,,40.3,,0,
VEH-0245,38,Final Assembly,TRUE,1803.04,1836.5,33.46,33.9,,33.46,,0,
VEH-0245,39,Final Assembly,FALSE,1836.5,1892.91,,57.4,,56.41,,0,
VEH-0245,40,Final Assembly,TRUE,1892.91,1939.49,46.58,47.6,,46.58,,0,
VEH-0246,1,Body,FALSE,0,49.51,,45,,49.51,,0,
VEH-0246,2,Body,FALSE,49.51,114.11,,68,,64.6,,0,
VEH-0246,3,Body,FALSE,114.11,174.64,,59.3,,60.53,,0,
VEH-0246,4,Body,TRUE,174.64,233.41,58.77,53.9,,58.77,,0,
VEH-0246,5,Body,TRUE,233.41,267.44,34.03,36.2,,34.03,PASS,0,
VEH-0246,6,Body,FALSE,267.44,304.88,,36.2,,37.44,,0,
VEH-0246,7,Body,FALSE,304.88,338.87,,32.3,,33.99,,0,
VEH-0246,8,Body,FALSE,338.87,414.8,,64.6,,75.93,,0,
VEH-0246,10,Body,TRUE,469.98,527.23,57.25,58.3,,57.25,,0,
VEH-0246,11,Body,TRUE,527.23,557.84,30.61,30.8,,30.61,PASS,0,
VEH-0246,12,Body,TRUE,557.84,625.29,67.45,68.8,,67.45,,0,
VEH-0246,14,Body,TRUE,687.88,726.23,38.35,38.5,44.1,38.35,,0,
VEH-0246,16,Paint,FALSE,763.66,797.01,,37.3,,33.35,,0,
VEH-0246,17,Paint,TRUE,797.01,837.49,40.48,42.2,,40.48,,0,
VEH-0246,18,Paint,FALSE,837.49,891.67,,51,,54.18,,0,
VEH-0246,19,Paint,TRUE,891.67,938.63,46.96,47.3,44.28,46.96,,0,
VEH-0246,20,Paint,TRUE,938.63,980.59,41.96,41.6,,41.96,,0,
VEH-0246,21,Paint,TRUE,980.59,1037.1,56.51,54.5,,56.51,,0,
VEH-0246,23,Final Assembly,TRUE,1075.07,1115.83,40.76,41.7,,40.76,,0,
VEH-0246,24,Final Assembly,TRUE,1115.83,1159.57,43.74,44.7,,43.74,,0,
VEH-0246,25,Final Assembly,TRUE,1159.57,1207.23,47.66,48.2,,47.66,,0,
VEH-0246,26,Final Assembly,TRUE,1207.23,1271.79,64.56,61.4,,64.56,PASS,0,
VEH-0246,27,Final Assembly,TRUE,1271.79,1309.9,38.11,38,48.25,38.11,,0,
VEH-0246,28,Final Assembly,FALSE,1309.9,1360.09,,50.6,,50.19,,0,
VEH-0246,29,Final Assembly,TRUE,1360.09,1418.53,58.44,53.7,43.66,58.44,,0,
VEH-0246,30,Final Assembly,TRUE,1418.53,1448.22,29.69,31.9,,29.69,,0,
VEH-0246,31,Final Assembly,TRUE,1448.22,1502.25,54.03,54.3,,54.03,,0,
VEH-0246,32,Final Assembly,TRUE,1502.25,1541.15,38.9,36.8,,38.9,PASS,0,
VEH-0246,33,Final Assembly,TRUE,1541.15,1572.97,31.82,32.6,44.08,31.82,,0,
VEH-0246,34,Final Assembly,TRUE,1572.97,1644.46,71.49,68,,71.49,,0,
VEH-0246,35,Final Assembly,TRUE,1644.46,1715.48,71.02,68.6,,71.02,,0,
VEH-0246,36,Final Assembly,TRUE,1715.48,1775.31,59.83,62.3,43.72,59.83,,0,
VEH-0246,37,Final Assembly,TRUE,1775.31,1819.26,43.95,42.2,,43.95,,0,
VEH-0246,38,Final Assembly,TRUE,1819.26,1850.39,31.13,33.9,,31.13,,0,
VEH-0246,39,Final Assembly,FALSE,1850.39,1910.89,,57.4,,60.5,,0,
VEH-0246,40,Final Assembly,TRUE,1910.89,1960.14,49.25,47.6,,49.25,,0,
VEH-0247,1,Body,FALSE,0,46.79,,45,,46.79,,0,
VEH-0247,2,Body,FALSE,46.79,117.23,,68,,70.44,,0,
VEH-0247,3,Body,FALSE,117.23,178.13,,59.3,,60.9,,0,
VEH-0247,4,Body,TRUE,178.13,231.16,53.03,53.9,,53.03,,0,
VEH-0247,5,Body,TRUE,231.16,267.67,36.51,36.2,,36.51,PASS,0,
VEH-0247,6,Body,FALSE,267.67,302.81,,36.2,,35.14,,0,
VEH-0247,7,Body,FALSE,302.81,335.13,,32.3,,32.32,,0,
VEH-0247,8,Body,FALSE,335.13,410.17,,64.6,,75.04,,0,
VEH-0247,9,Body,FALSE,410.17,462.04,,54,,51.87,PASS,0,
VEH-0247,10,Body,TRUE,462.04,519.52,57.48,58.3,,57.48,,0,
VEH-0247,11,Body,TRUE,519.52,548.87,29.35,30.8,,29.35,PASS,0,
VEH-0247,12,Body,TRUE,548.87,615.93,67.06,68.8,,67.06,,0,
VEH-0247,14,Body,TRUE,678.71,719.04,40.33,38.5,44.3,40.33,,0,
VEH-0247,15,Body,FALSE,719.04,758.82,,37.3,,39.78,PASS,0,
VEH-0247,16,Paint,FALSE,758.82,797.87,,37.3,,39.05,,0,
VEH-0247,17,Paint,TRUE,797.87,841.13,43.26,42.2,,43.26,,0,
VEH-0247,18,Paint,FALSE,841.13,892.52,,51,,51.39,,0,
VEH-0247,19,Paint,TRUE,892.52,940.57,48.05,47.3,46.78,48.05,,0,
VEH-0247,20,Paint,TRUE,940.57,984.72,44.15,41.6,,44.15,,0,
VEH-0247,21,Paint,TRUE,984.72,1042.86,58.14,54.5,,58.14,,0,
VEH-0247,23,Final Assembly,TRUE,1078.53,1121.39,42.86,41.7,,42.86,,0,
VEH-0247,24,Final Assembly,TRUE,1121.39,1169.1,47.71,44.7,,47.71,,0,
VEH-0247,25,Final Assembly,TRUE,1169.1,1215.8,46.7,48.2,,46.7,,0,
VEH-0247,26,Final Assembly,TRUE,1215.8,1276.22,60.42,61.4,,60.42,PASS,0,
VEH-0247,27,Final Assembly,TRUE,1276.22,1314.25,38.03,38,46.35,38.03,,0,
VEH-0247,28,Final Assembly,FALSE,1314.25,1367.17,,50.6,,52.92,,0,
VEH-0247,29,Final Assembly,TRUE,1367.17,1420.25,53.08,53.7,42.74,53.08,,0,
VEH-0247,30,Final Assembly,TRUE,1420.25,1452.54,32.29,31.9,,32.29,,0,
VEH-0247,31,Final Assembly,TRUE,1452.54,1504.35,51.81,54.3,,51.81,,0,
VEH-0247,33,Final Assembly,TRUE,1538.41,1568.95,30.54,32.6,45.49,30.54,,0,
VEH-0247,34,Final Assembly,TRUE,1568.95,1641.58,72.63,68,,72.63,,0,
VEH-0247,35,Final Assembly,TRUE,1641.58,1710.31,68.73,68.6,,68.73,,0,
VEH-0247,36,Final Assembly,TRUE,1710.31,1773.27,62.96,62.3,46.77,62.96,,0,
VEH-0247,37,Final Assembly,TRUE,1773.27,1812.21,38.94,42.2,,38.94,,0,
VEH-0247,38,Final Assembly,TRUE,1812.21,1846.99,34.78,33.9,,34.78,,0,
VEH-0247,39,Final Assembly,FALSE,1846.99,1904.36,,57.4,,57.37,,0,
VEH-0247,40,Final Assembly,TRUE,1904.36,1953.31,48.95,47.6,,48.95,,0,
VEH-0248,1,Body,FALSE,0,43.91,,45,,43.91,,0,
VEH-0248,2,Body,FALSE,43.91,114.55,,68,,70.64,,0,
VEH-0248,3,Body,FALSE,114.55,176.39,,59.3,,61.84,,0,
VEH-0248,4,Body,TRUE,176.39,227.65,51.26,53.9,,51.26,,0,
VEH-0248,5,Body,TRUE,227.65,267.84,40.19,36.2,,40.19,PASS,0,
VEH-0248,6,Body,FALSE,267.84,303.34,,36.2,,35.5,,0,
VEH-0248,7,Body,FALSE,303.34,337.95,,32.3,,34.61,,0,
VEH-0248,8,Body,FALSE,337.95,419.37,,64.6,,81.42,,0,
VEH-0248,10,Body,TRUE,470.78,527.86,57.08,58.3,,57.08,,0,
VEH-0248,12,Body,TRUE,557.32,621.5,64.18,68.8,,64.18,,0,
VEH-0248,13,Body,TRUE,621.5,684,62.5,63.3,43.2,62.5,PASS,0,
VEH-0248,14,Body,TRUE,684,722.16,38.16,38.5,47.9,38.16,,0,
VEH-0248,15,Body,FALSE,722.16,760.76,,37.3,,38.6,PASS,0,
VEH-0248,16,Paint,FALSE,760.76,797.02,,37.3,,36.26,,0,
VEH-0248,17,Paint,TRUE,797.02,837.87,40.85,42.2,,40.85,,0,
VEH-0248,18,Paint,FALSE,837.87,887.85,,51,,49.98,,0,
VEH-0248,19,Paint,TRUE,887.85,940.04,52.19,47.3,43.37,52.19,,0,
VEH-0248,20,Paint,TRUE,940.04,981.64,41.6,41.6,,41.6,,0,
VEH-0248,21,Paint,TRUE,981.64,1037.41,55.77,54.5,,55.77,,0,
VEH-0248,23,Final Assembly,TRUE,1075.17,1116.17,41,41.7,,41,,0,
VEH-0248,24,Final Assembly,TRUE,1116.17,1158.71,42.54,44.7,,42.54,,0,
VEH-0248,25,Final Assembly,TRUE,1158.71,1207.61,48.9,48.2,,48.9,,0,
VEH-0248,27,Final Assembly,TRUE,1273.05,1310.53,37.48,38,43.74,37.48,,0,
VEH-0248,28,Final Assembly,FALSE,1310.53,1361.41,,50.6,,50.88,,0,
VEH-0248,29,Final Assembly,TRUE,1361.41,1410.74,49.33,53.7,44.67,49.33,,0,
VEH-0248,30,Final Assembly,TRUE,1410.74,1444.51,33.77,31.9,,33.77,,0,
VEH-0248,31,Final Assembly,TRUE,1444.51,1501.18,56.67,54.3,,56.67,,0,
VEH-0248,33,Final Assembly,TRUE,1537.72,1573.02,35.3,32.6,47.86,35.3,,0,
VEH-0248,34,Final Assembly,TRUE,1573.02,1643.28,70.26,68,,70.26,,0,
VEH-0248,35,Final Assembly,TRUE,1643.28,1706.85,63.57,68.6,,63.57,,0,
VEH-0248,36,Final Assembly,TRUE,1706.85,1763.28,56.43,62.3,47.08,56.43,,0,
VEH-0248,37,Final Assembly,TRUE,1763.28,1806,42.72,42.2,,42.72,,0,
VEH-0248,38,Final Assembly,TRUE,1806,1842.68,36.68,33.9,,36.68,,0,
VEH-0248,39,Final Assembly,FALSE,1842.68,1896.24,,57.4,,53.56,,0,
VEH-0248,40,Final Assembly,TRUE,1896.24,1943.46,47.22,47.6,,47.22,,0,
VEH-0249,1,Body,FALSE,0,43.6,,45,,43.6,,0,
VEH-0249,2,Body,FALSE,43.6,116.82,,68,,73.22,,0,
VEH-0249,3,Body,FALSE,116.82,179.96,,59.3,,63.14,,0,
VEH-0249,4,Body,TRUE,179.96,235.52,55.56,53.9,,55.56,,0,
VEH-0249,5,Body,TRUE,235.52,275.03,39.51,36.2,,39.51,PASS,0,
VEH-0249,6,Body,FALSE,275.03,315.27,,36.2,,40.24,,0,
VEH-0249,7,Body,FALSE,315.27,347.29,,32.3,,32.02,,0,
VEH-0249,8,Body,FALSE,347.29,423.49,,64.6,,76.2,,0,
VEH-0249,9,Body,FALSE,423.49,472.46,,54,,48.97,PASS,0,
VEH-0249,10,Body,TRUE,472.46,537.31,64.85,58.3,,64.85,,0,
VEH-0249,11,Body,TRUE,537.31,567.43,30.12,30.8,,30.12,PASS,0,
VEH-0249,12,Body,TRUE,567.43,640.13,72.7,68.8,,72.7,,0,
VEH-0249,14,Body,TRUE,701.08,738.23,37.15,38.5,43.21,37.15,,0,
VEH-0249,16,Paint,FALSE,775.14,811.45,,37.3,,36.31,,0,
VEH-0249,17,Paint,TRUE,811.45,854.91,43.46,42.2,,43.46,,0,
VEH-0249,18,Paint,FALSE,854.91,905.78,,51,,50.87,,0,
VEH-0249,19,Paint,TRUE,905.78,954.56,48.78,47.3,44.56,48.78,,0,
VEH-0249,20,Paint,TRUE,954.56,994.78,40.22,41.6,,40.22,,0,
VEH-0249,21,Paint,TRUE,994.78,1047.69,52.91,54.5,,52.91,,0,
VEH-0249,23,Final Assembly,TRUE,1086.93,1129.1,42.17,41.7,,42.17,,0,
VEH-0249,24,Final Assembly,TRUE,1129.1,1169.36,40.26,44.7,,40.26,,0,
VEH-0249,25,Final Assembly,TRUE,1169.36,1216.31,46.95,48.2,,46.95,,0,
VEH-0249,26,Final Assembly,TRUE,1216.31,1278.01,61.7,61.4,,61.7,PASS,0,
VEH-0249,27,Final Assembly,TRUE,1278.01,1319.52,41.51,38,46.54,41.51,,0,
VEH-0249,28,Final Assembly,FALSE,1319.52,1367.79,,50.6,,48.27,,0,
VEH-0249,29,Final Assembly,TRUE,1367.79,1428,60.21,53.7,44.95,60.21,,0,
VEH-0249,30,Final Assembly,TRUE,1428,1461.88,33.88,31.9,,33.88,,0,
VEH-0249,31,Final Assembly,TRUE,1461.88,1513.05,51.17,54.3,,51.17,,0,
VEH-0249,33,Final Assembly,TRUE,1545.44,1575.74,30.3,32.6,40.12,30.3,,0,
VEH-0249,34,Final Assembly,TRUE,1575.74,1650.92,75.18,68,,75.18,,0,
VEH-0249,35,Final Assembly,TRUE,1650.92,1720.26,69.34,68.6,,69.34,,0,
VEH-0249,36,Final Assembly,TRUE,1720.26,1779.68,59.42,62.3,45.68,59.42,,0,
VEH-0249,37,Final Assembly,TRUE,1779.68,1822.28,42.6,42.2,,42.6,,0,
VEH-0249,38,Final Assembly,TRUE,1822.28,1857.24,34.96,33.9,,34.96,,0,
VEH-0249,39,Final Assembly,FALSE,1857.24,1918.11,,57.4,,60.87,,0,
VEH-0249,40,Final Assembly,TRUE,1918.11,1965.02,46.91,47.6,,46.91,,0,
VEH-0250,1,Body,FALSE,0,43.02,,45,,43.02,,0,
VEH-0250,2,Body,FALSE,43.02,107.17,,68,,64.15,,0,
VEH-0250,3,Body,FALSE,107.17,163.02,,59.3,,55.85,,0,
VEH-0250,4,Body,TRUE,163.02,215.13,52.11,53.9,,52.11,,0,
VEH-0250,5,Body,TRUE,215.13,251.95,36.82,36.2,,36.82,PASS,0,
VEH-0250,6,Body,FALSE,251.95,289.09,,36.2,,37.14,,0,
VEH-0250,7,Body,FALSE,289.09,322.44,,32.3,,33.35,,0,
VEH-0250,8,Body,FALSE,322.44,403.17,,64.6,,80.73,,0,
VEH-0250,9,Body,FALSE,403.17,454.88,,54,,51.71,PASS,0,
VEH-0250,10,Body,TRUE,454.88,516.63,61.75,58.3,,61.75,,0,
VEH-0250,12,Body,TRUE,548.67,616.05,67.38,68.8,,67.38,,0,
VEH-0250,13,Body,TRUE,616.05,678.16,62.11,63.3,44.01,62.11,PASS,0,
VEH-0250,14,Body,TRUE,678.16,714.17,36.01,38.5,46,36.01,,0,
VEH-0250,15,Body,FALSE,714.17,753,,37.3,,38.83,PASS,0,
VEH-0250,16,Paint,FALSE,753,788.58,,37.3,,35.58,,0,
VEH-0250,17,Paint,TRUE,788.58,828.18,39.6,42.2,,39.6,,0,
VEH-0250,18,Paint,FALSE,828.18,876.79,,51,,48.61,,0,
VEH-0250,19,Paint,TRUE,876.79,924.35,47.56,47.3,42.93,47.56,,0,
VEH-0250,20,Paint,TRUE,924.35,968.3,43.95,41.6,,43.95,,0,
VEH-0250,21,Paint,TRUE,968.3,1025.72,57.42,54.5,,57.42,,0,
VEH-0250,23,Final Assembly,TRUE,1062.08,1105.47,43.39,41.7,,43.39,,0,
VEH-0250,24,Final Assembly,TRUE,1105.47,1150.3,44.83,44.7,,44.83,,0,
VEH-0250,25,Final Assembly,TRUE,1150.3,1199.62,49.32,48.2,,49.32,,0,
VEH-0250,27,Final Assembly,TRUE,1257.03,1297.67,40.64,38,44.27,40.64,,0,
VEH-0250,28,Final Assembly,FALSE,1297.67,1347.94,,50.6,,50.27,,0,
VEH-0250,29,Final Assembly,TRUE,1347.94,1408.33,60.39,53.7,44.67,60.39,,0,
VEH-0250,30,Final Assembly,TRUE,1408.33,1441.41,33.08,31.9,,33.08,,0,
VEH-0250,31,Final Assembly,TRUE,1441.41,1497.1,55.69,54.3,,55.69,,0,
VEH-0250,33,Final Assembly,TRUE,1531.45,1562.42,30.97,32.6,48.05,30.97,,0,
VEH-0250,34,Final Assembly,TRUE,1562.42,1632.39,69.97,68,,69.97,,0,
VEH-0250,35,Final Assembly,TRUE,1632.39,1700.93,68.54,68.6,,68.54,,0,
VEH-0250,36,Final Assembly,TRUE,1700.93,1761.56,60.63,62.3,45.48,60.63,,0,
VEH-0250,37,Final Assembly,TRUE,1761.56,1804.64,43.08,42.2,,43.08,,0,
VEH-0250,38,Final Assembly,TRUE,1804.64,1838.93,34.29,33.9,,34.29,,0,
VEH-0250,39,Final Assembly,FALSE,1838.93,1899.4,,57.4,,60.47,,0,
VEH-0250,40,Final Assembly,TRUE,1899.4,1944.94,45.54,47.6,,45.54,,0,
VEH-0251,1,Body,FALSE,0,45.97,,45,,45.97,,0,
VEH-0251,2,Body,FALSE,45.97,111.24,,68,,65.27,,0,
VEH-0251,3,Body,FALSE,111.24,166.94,,59.3,,55.7,,0,
VEH-0251,4,Body,TRUE,166.94,218.59,51.65,53.9,,51.65,,0,
VEH-0251,5,Body,TRUE,218.59,255.77,37.18,36.2,,37.18,PASS,0,
VEH-0251,6,Body,FALSE,255.77,294.25,,36.2,,38.48,,0,
VEH-0251,7,Body,FALSE,294.25,327.33,,32.3,,33.08,,0,
VEH-0251,8,Body,FALSE,327.33,408.18,,64.6,,80.85,,0,
VEH-0251,9,Body,FALSE,408.18,463.46,,54,,55.28,PASS,0,
VEH-0251,10,Body,TRUE,463.46,522.06,58.6,58.3,,58.6,,0,
VEH-0251,12,Body,TRUE,553.93,614.41,60.48,68.8,,60.48,,0,
VEH-0251,14,Body,TRUE,678.06,718.8,40.74,38.5,44.78,40.74,,0,
VEH-0251,16,Paint,FALSE,756.16,790.66,,37.3,,34.5,,0,
VEH-0251,17,Paint,TRUE,790.66,835.01,44.35,42.2,,44.35,,0,
VEH-0251,18,Paint,FALSE,835.01,887.61,,51,,52.6,,0,
VEH-0251,19,Paint,TRUE,887.61,936.22,48.61,47.3,43.78,48.61,,0,
VEH-0251,20,Paint,TRUE,936.22,976.21,39.99,41.6,,39.99,,0,
VEH-0251,21,Paint,TRUE,976.21,1031.32,55.11,54.5,,55.11,,0,
VEH-0251,22,Paint,TRUE,1031.32,1065.68,34.36,35.6,,34.36,PASS,0,
VEH-0251,23,Final Assembly,TRUE,1065.68,1108.29,42.61,41.7,,42.61,,0,
VEH-0251,24,Final Assembly,TRUE,1108.29,1148.15,39.86,44.7,,39.86,,0,
VEH-0251,25,Final Assembly,TRUE,1148.15,1195.18,47.03,48.2,,47.03,,0,
VEH-0251,26,Final Assembly,TRUE,1195.18,1262.1,66.92,61.4,,66.92,PASS,0,
VEH-0251,27,Final Assembly,TRUE,1262.1,1300.94,38.84,38,45.25,38.84,,0,
VEH-0251,28,Final Assembly,FALSE,1300.94,1356.56,,50.6,,55.62,,0,
VEH-0251,29,Final Assembly,TRUE,1356.56,1403.98,47.42,53.7,43.78,47.42,,0,
VEH-0251,30,Final Assembly,TRUE,1403.98,1435.24,31.26,31.9,,31.26,,0,
VEH-0251,31,Final Assembly,TRUE,1435.24,1491.87,56.63,54.3,,56.63,,0,
VEH-0251,33,Final Assembly,TRUE,1530.28,1561.47,31.19,32.6,46.5,31.19,,0,
VEH-0251,34,Final Assembly,TRUE,1561.47,1628.1,66.63,68,,66.63,,0,
VEH-0251,35,Final Assembly,TRUE,1628.1,1700.86,72.76,68.6,,72.76,,0,
VEH-0251,36,Final Assembly,TRUE,1700.86,1759.94,59.08,62.3,44.82,59.08,,0,
VEH-0251,37,Final Assembly,TRUE,1759.94,1801.11,41.17,42.2,,41.17,,0,
VEH-0251,38,Final Assembly,TRUE,1801.11,1836.81,35.7,33.9,,35.7,,0,
VEH-0251,39,Final Assembly,FALSE,1836.81,1892.71,,57.4,,55.9,,0,
VEH-0251,40,Final Assembly,TRUE,1892.71,1940.21,47.5,47.6,,47.5,,0,
VEH-0252,1,Body,FALSE,0,46.14,,45,,46.14,,0,
VEH-0252,2,Body,FALSE,46.14,113.71,,68,,67.57,,0,
VEH-0252,3,Body,FALSE,113.71,172.46,,59.3,,58.75,,0,
VEH-0252,4,Body,TRUE,172.46,229.62,57.16,53.9,,57.16,,0,
VEH-0252,5,Body,TRUE,229.62,265.84,36.22,36.2,,36.22,PASS,0,
VEH-0252,6,Body,FALSE,265.84,302.62,,36.2,,36.78,,0,
VEH-0252,7,Body,FALSE,302.62,336.52,,32.3,,33.9,,0,
VEH-0252,8,Body,FALSE,336.52,415.33,,64.6,,78.81,,0,
VEH-0252,9,Body,FALSE,415.33,471.46,,54,,56.13,PASS,0,
VEH-0252,10,Body,TRUE,471.46,529.42,57.96,58.3,,57.96,,0,
VEH-0252,11,Body,TRUE,529.42,561.73,32.31,30.8,,32.31,PASS,0,
VEH-0252,12,Body,TRUE,561.73,631.98,70.25,68.8,,70.25,,0,
VEH-0252,13,Body,TRUE,631.98,694.57,62.59,63.3,45.11,62.59,PASS,0,
VEH-0252,14,Body,TRUE,694.57,728.35,33.78,38.5,46.79,33.78,,0,
VEH-0252,16,Paint,FALSE,763.32,798.63,,37.3,,35.31,,0,
VEH-0252,17,Paint,TRUE,798.63,839.91,41.28,42.2,,41.28,,0,
VEH-0252,18,Paint,FALSE,839.91,886.34,,51,,46.43,,0,
VEH-0252,19,Paint,TRUE,886.34,934.74,48.4,47.3,45.54,48.4,,0,
VEH-0252,20,Paint,TRUE,934.74,975.33,40.59,41.6,,40.59,,0,
VEH-0252,21,Paint,TRUE,975.33,1027.98,52.65,54.5,,52.65,,0,
VEH-0252,22,Paint,TRUE,1027.98,1062.35,34.37,35.6,,34.37,PASS,0,
VEH-0252,23,Final Assembly,TRUE,1062.35,1105.33,42.98,41.7,,42.98,,0,
VEH-0252,24,Final Assembly,TRUE,1105.33,1146.46,41.13,44.7,,41.13,,0,
VEH-0252,25,Final Assembly,TRUE,1146.46,1193.67,47.21,48.2,,47.21,,0,
VEH-0252,26,Final Assembly,TRUE,1193.67,1250.37,56.7,61.4,,56.7,PASS,0,
VEH-0252,27,Final Assembly,TRUE,1250.37,1289.83,39.46,38,44.5,39.46,,0,
VEH-0252,28,Final Assembly,FALSE,1289.83,1341.81,,50.6,,51.98,,0,
VEH-0252,29,Final Assembly,TRUE,1341.81,1398.87,57.06,53.7,46.9,57.06,,0,
VEH-0252,30,Final Assembly,TRUE,1398.87,1429.14,30.27,31.9,,30.27,,0,
VEH-0252,31,Final Assembly,TRUE,1429.14,1484.28,55.14,54.3,,55.14,,0,
VEH-0252,32,Final Assembly,TRUE,1484.28,1523.14,38.86,36.8,,38.86,PASS,0,
VEH-0252,33,Final Assembly,TRUE,1523.14,1556.88,33.74,32.6,46.19,33.74,,0,
VEH-0252,34,Final Assembly,TRUE,1556.88,1618.82,61.94,68,,61.94,,0,
VEH-0252,35,Final Assembly,TRUE,1618.82,1689.76,70.94,68.6,,70.94,,0,
VEH-0252,36,Final Assembly,TRUE,1689.76,1749.59,59.83,62.3,46,59.83,,0,
VEH-0252,37,Final Assembly,TRUE,1749.59,1793.15,43.56,42.2,,43.56,,0,
VEH-0252,38,Final Assembly,TRUE,1793.15,1828.05,34.9,33.9,,34.9,,0,
VEH-0252,39,Final Assembly,FALSE,1828.05,1885.13,,57.4,,57.08,,0,
VEH-0252,40,Final Assembly,TRUE,1885.13,1935.86,50.73,47.6,,50.73,,0,
VEH-0253,1,Body,FALSE,0,46.51,,45,,46.51,,0,
VEH-0253,2,Body,FALSE,46.51,115.63,,68,,69.12,,0,
VEH-0253,3,Body,FALSE,115.63,178.73,,59.3,,63.1,,0,
VEH-0253,4,Body,TRUE,178.73,232.76,54.03,53.9,,54.03,,0,
VEH-0253,5,Body,TRUE,232.76,265.67,32.91,36.2,,32.91,PASS,0,
VEH-0253,6,Body,FALSE,265.67,298.79,,36.2,,33.12,,0,
VEH-0253,7,Body,FALSE,298.79,332.27,,32.3,,33.48,,0,
VEH-0253,8,Body,FALSE,332.27,409.24,,64.6,,76.97,,0,
VEH-0253,9,Body,FALSE,409.24,464.42,,54,,55.18,PASS,0,
VEH-0253,10,Body,TRUE,464.42,523.05,58.63,58.3,,58.63,,0,
VEH-0253,12,Body,TRUE,553.59,622.06,68.47,68.8,,68.47,,0,
VEH-0253,14,Body,TRUE,682.62,719.99,37.37,38.5,44.44,37.37,,0,
VEH-0253,16,Paint,FALSE,756.69,793.57,,37.3,,36.88,,0,
VEH-0253,17,Paint,TRUE,793.57,837.72,44.15,42.2,,44.15,,0,
VEH-0253,18,Paint,FALSE,837.72,888.39,,51,,50.67,,0,
VEH-0253,19,Paint,TRUE,888.39,938.11,49.72,47.3,47.31,49.72,,0,
VEH-0253,20,Paint,TRUE,938.11,981.49,43.38,41.6,,43.38,,0,
VEH-0253,21,Paint,TRUE,981.49,1037.45,55.96,54.5,,55.96,,0,
VEH-0253,22,Paint,TRUE,1037.45,1073.63,36.18,35.6,,36.18,PASS,0,
VEH-0253,23,Final Assembly,TRUE,1073.63,1117.14,43.51,41.7,,43.51,,0,
VEH-0253,24,Final Assembly,TRUE,1117.14,1162.04,44.9,44.7,,44.9,,0,
VEH-0253,25,Final Assembly,TRUE,1162.04,1212.61,50.57,48.2,,50.57,,0,
VEH-0253,26,Final Assembly,TRUE,1212.61,1275.9,63.29,61.4,,63.29,PASS,0,
VEH-0253,27,Final Assembly,TRUE,1275.9,1313.22,37.32,38,46.34,37.32,,0,
VEH-0253,28,Final Assembly,FALSE,1313.22,1364.05,,50.6,,50.83,,0,
VEH-0253,29,Final Assembly,TRUE,1364.05,1417.46,53.41,53.7,44.29,53.41,,0,
VEH-0253,30,Final Assembly,TRUE,1417.46,1449.62,32.16,31.9,,32.16,,0,
VEH-0253,31,Final Assembly,TRUE,1449.62,1506.62,57,54.3,,57,,0,
VEH-0253,33,Final Assembly,TRUE,1545.06,1578.24,33.18,32.6,45.9,33.18,,0,
VEH-0253,34,Final Assembly,TRUE,1578.24,1650.56,72.32,68,,72.32,,0,
VEH-0253,35,Final Assembly,TRUE,1650.56,1718.65,68.09,68.6,,68.09,,0,
VEH-0253,36,Final Assembly,TRUE,1718.65,1777.47,58.82,62.3,46.95,58.82,,0,
VEH-0253,37,Final Assembly,TRUE,1777.47,1818.55,41.08,42.2,,41.08,,0,
VEH-0253,38,Final Assembly,TRUE,1818.55,1851.28,32.73,33.9,,32.73,,0,
VEH-0253,39,Final Assembly,FALSE,1851.28,1903.52,,57.4,,52.24,,0,
VEH-0253,40,Final Assembly,TRUE,1903.52,1952.48,48.96,47.6,,48.96,,0,
VEH-0254,1,Body,FALSE,0,41.35,,45,,41.35,,0,
VEH-0254,2,Body,FALSE,41.35,115.3,,68,,73.95,,0,
VEH-0254,3,Body,FALSE,115.3,170.95,,59.3,,55.65,,0,
VEH-0254,4,Body,TRUE,170.95,227.43,56.48,53.9,,56.48,,0,
VEH-0254,5,Body,TRUE,227.43,262.77,35.34,36.2,,35.34,PASS,0,
VEH-0254,6,Body,FALSE,262.77,297.32,,36.2,,34.55,,0,
VEH-0254,7,Body,FALSE,297.32,331.74,,32.3,,34.42,,0,
VEH-0254,8,Body,FALSE,331.74,410.82,,64.6,,79.08,,0,
VEH-0254,9,Body,FALSE,410.82,464.94,,54,,54.12,PASS,0,
VEH-0254,10,Body,TRUE,464.94,522.43,57.49,58.3,,57.49,,0,
VEH-0254,11,Body,TRUE,522.43,552.33,29.9,30.8,,29.9,PASS,0,
VEH-0254,12,Body,TRUE,552.33,620.52,68.19,68.8,,68.19,,0,
VEH-0254,13,Body,TRUE,620.52,673.59,53.07,63.3,42.22,53.07,PASS,0,
VEH-0254,14,Body,TRUE,673.59,712.85,39.26,38.5,46.77,39.26,,0,
VEH-0254,16,Paint,FALSE,752.69,788.21,,37.3,,35.52,,0,
VEH-0254,17,Paint,TRUE,788.21,830.82,42.61,42.2,,42.61,,0,
VEH-0254,18,Paint,FALSE,830.82,876.23,,51,,45.41,,0,
VEH-0254,19,Paint,TRUE,876.23,922.7,46.47,47.3,46.24,46.47,,0,
VEH-0254,20,Paint,TRUE,922.7,964.26,41.56,41.6,,41.56,,0,
VEH-0254,21,Paint,TRUE,964.26,1017.85,53.59,54.5,,53.59,,0,
VEH-0254,23,Final Assembly,TRUE,1053.43,1097.81,44.38,41.7,,44.38,,0,
VEH-0254,24,Final Assembly,TRUE,1097.81,1141.96,44.15,44.7,,44.15,,0,
VEH-0254,25,Final Assembly,TRUE,1141.96,1190.34,48.38,48.2,,48.38,,0,
VEH-0254,26,Final Assembly,TRUE,1190.34,1256.4,66.06,61.4,,66.06,PASS,0,
VEH-0254,27,Final Assembly,TRUE,1256.4,1293.97,37.57,38,42.55,37.57,,0,
VEH-0254,28,Final Assembly,FALSE,1293.97,1348.03,,50.6,,54.06,,0,
VEH-0254,29,Final Assembly,TRUE,1348.03,1404.46,56.43,53.7,41.68,56.43,,0,
VEH-0254,30,Final Assembly,TRUE,1404.46,1436.15,31.69,31.9,,31.69,,0,
VEH-0254,31,Final Assembly,TRUE,1436.15,1490.39,54.24,54.3,,54.24,,0,
VEH-0254,32,Final Assembly,TRUE,1490.39,1529.71,39.32,36.8,,39.32,PASS,0,
VEH-0254,33,Final Assembly,TRUE,1529.71,1562.29,32.58,32.6,45.25,32.58,,0,
VEH-0254,34,Final Assembly,TRUE,1562.29,1630.96,68.67,68,,68.67,,0,
VEH-0254,35,Final Assembly,TRUE,1630.96,1697.96,67,68.6,,67,,0,
VEH-0254,36,Final Assembly,TRUE,1697.96,1764.31,66.35,62.3,43.81,66.35,,0,
VEH-0254,37,Final Assembly,TRUE,1764.31,1805.49,41.18,42.2,,41.18,,0,
VEH-0254,38,Final Assembly,TRUE,1805.49,1839.38,33.89,33.9,,33.89,,0,
VEH-0254,39,Final Assembly,FALSE,1839.38,1892.94,,57.4,,53.56,,0,
VEH-0254,40,Final Assembly,TRUE,1892.94,1944.74,51.8,47.6,,51.8,,0,
VEH-0255,1,Body,FALSE,0,45.22,,45,,45.22,,0,
VEH-0255,2,Body,FALSE,45.22,112.54,,68,,67.32,,0,
VEH-0255,3,Body,FALSE,112.54,171.89,,59.3,,59.35,,0,
VEH-0255,4,Body,TRUE,171.89,233.07,61.18,53.9,,61.18,,0,
VEH-0255,5,Body,TRUE,233.07,269.83,36.76,36.2,,36.76,PASS,0,
VEH-0255,6,Body,FALSE,269.83,307.2,,36.2,,37.37,,0,
VEH-0255,7,Body,FALSE,307.2,340.21,,32.3,,33.01,,0,
VEH-0255,8,Body,FALSE,340.21,418.17,,64.6,,77.96,,0,
VEH-0255,10,Body,TRUE,475.66,533.11,57.45,58.3,,57.45,,0,
VEH-0255,11,Body,TRUE,533.11,565.53,32.42,30.8,,32.42,PASS,0,
VEH-0255,12,Body,TRUE,565.53,633.18,67.65,68.8,,67.65,,0,
VEH-0255,14,Body,TRUE,693.44,729.81,36.37,38.5,45.8,36.37,,0,
VEH-0255,16,Paint,FALSE,764.89,801.6,,37.3,,36.71,,0,
VEH-0255,17,Paint,TRUE,801.6,840.78,39.18,42.2,,39.18,,0,
VEH-0255,18,Paint,FALSE,840.78,898.98,,51,,58.2,,0,
VEH-0255,19,Paint,TRUE,898.98,942.38,43.4,47.3,45.01,43.4,,0,
VEH-0255,20,Paint,TRUE,942.38,986.36,43.98,41.6,,43.98,,0,
VEH-0255,21,Paint,TRUE,986.36,1043.69,57.33,54.5,,57.33,,0,
VEH-0255,23,Final Assembly,TRUE,1080.81,1121.85,41.04,41.7,,41.04,,0,
VEH-0255,24,Final Assembly,TRUE,1121.85,1169.58,47.73,44.7,,47.73,,0,
VEH-0255,25,Final Assembly,TRUE,1169.58,1219.98,50.4,48.2,,50.4,,0,
VEH-0255,27,Final Assembly,TRUE,1282.03,1320.49,38.46,38,44.54,38.46,,0,
VEH-0255,28,Final Assembly,FALSE,1320.49,1368.79,,50.6,,48.3,,0,
VEH-0255,29,Final Assembly,TRUE,1368.79,1425.82,57.03,53.7,46.97,57.03,,0,
VEH-0255,30,Final Assembly,TRUE,1425.82,1456.31,30.49,31.9,,30.49,,0,
VEH-0255,31,Final Assembly,TRUE,1456.31,1510.19,53.88,54.3,,53.88,,0,
VEH-0255,33,Final Assembly,TRUE,1546.73,1579.28,32.55,32.6,45.1,32.55,,0,
VEH-0255,34,Final Assembly,TRUE,1579.28,1650.5,71.22,68,,71.22,,0,
VEH-0255,35,Final Assembly,TRUE,1650.5,1716.54,66.04,68.6,,66.04,,0,
VEH-0255,36,Final Assembly,TRUE,1716.54,1776.2,59.66,62.3,46.85,59.66,,0,
VEH-0255,37,Final Assembly,TRUE,1776.2,1817.42,41.22,42.2,,41.22,,0,
VEH-0255,38,Final Assembly,TRUE,1817.42,1849.17,31.75,33.9,,31.75,,0,
VEH-0255,39,Final Assembly,FALSE,1849.17,1905.18,,57.4,,56.01,,0,
VEH-0255,40,Final Assembly,TRUE,1905.18,1951.99,46.81,47.6,,46.81,,0,
VEH-0256,1,Body,FALSE,0,48.5,,45,,48.5,,0,
VEH-0256,2,Body,FALSE,48.5,117.16,,68,,68.66,,0,
VEH-0256,3,Body,FALSE,117.16,179.11,,59.3,,61.95,,0,
VEH-0256,4,Body,TRUE,179.11,232.5,53.39,53.9,,53.39,,0,
VEH-0256,5,Body,TRUE,232.5,269.67,37.17,36.2,,37.17,PASS,0,
VEH-0256,6,Body,FALSE,269.67,303.97,,36.2,,34.3,,0,
VEH-0256,7,Body,FALSE,303.97,337.28,,32.3,,33.31,,0,
VEH-0256,8,Body,FALSE,337.28,413.01,,64.6,,75.73,,0,
VEH-0256,9,Body,FALSE,413.01,467.83,,54,,54.82,PASS,0,
VEH-0256,10,Body,TRUE,467.83,528.37,60.54,58.3,,60.54,,0,
VEH-0256,11,Body,TRUE,528.37,559.32,30.95,30.8,,30.95,PASS,0,
VEH-0256,12,Body,TRUE,559.32,623.87,64.55,68.8,,64.55,,0,
VEH-0256,14,Body,TRUE,683.39,720.41,37.02,38.5,46.15,37.02,,0,
VEH-0256,16,Paint,FALSE,757.93,793.36,,37.3,,35.43,,0,
VEH-0256,17,Paint,TRUE,793.36,834.44,41.08,42.2,,41.08,,0,
VEH-0256,18,Paint,FALSE,834.44,889.77,,51,,55.33,,0,
VEH-0256,19,Paint,TRUE,889.77,945.31,55.54,47.3,44.52,55.54,,0,
VEH-0256,20,Paint,TRUE,945.31,986.11,40.8,41.6,,40.8,,0,
VEH-0256,21,Paint,TRUE,986.11,1036.14,50.03,54.5,,50.03,,0,
VEH-0256,22,Paint,TRUE,1036.14,1068.8,32.66,35.6,,32.66,PASS,0,
VEH-0256,23,Final Assembly,TRUE,1068.8,1108.71,39.91,41.7,,39.91,,0,
VEH-0256,24,Final Assembly,TRUE,1108.71,1152.41,43.7,44.7,,43.7,,0,
VEH-0256,25,Final Assembly,TRUE,1152.41,1200.55,48.14,48.2,,48.14,,0,
VEH-0256,26,Final Assembly,TRUE,1200.55,1264.07,63.52,61.4,,63.52,PASS,0,
VEH-0256,27,Final Assembly,TRUE,1264.07,1302.49,38.42,38,46.06,38.42,,0,
VEH-0256,28,Final Assembly,FALSE,1302.49,1351.54,,50.6,,49.05,,0,
VEH-0256,29,Final Assembly,TRUE,1351.54,1405.05,53.51,53.7,44.45,53.51,,0,
VEH-0256,30,Final Assembly,TRUE,1405.05,1434.94,29.89,31.9,,29.89,,0,
VEH-0256,31,Final Assembly,TRUE,1434.94,1483.89,48.95,54.3,,48.95,,0,
VEH-0256,33,Final Assembly,TRUE,1519.46,1548.02,28.56,32.6,43.3,28.56,,0,
VEH-0256,34,Final Assembly,TRUE,1548.02,1617.87,69.85,68,,69.85,,0,
VEH-0256,35,Final Assembly,TRUE,1617.87,1687.09,69.22,68.6,,69.22,,0,
VEH-0256,36,Final Assembly,TRUE,1687.09,1749.46,62.37,62.3,46.77,62.37,,0,
VEH-0256,37,Final Assembly,TRUE,1749.46,1790.12,40.66,42.2,,40.66,,0,
VEH-0256,38,Final Assembly,TRUE,1790.12,1825.18,35.06,33.9,,35.06,,0,
VEH-0256,39,Final Assembly,FALSE,1825.18,1880.26,,57.4,,55.08,,0,
VEH-0256,40,Final Assembly,TRUE,1880.26,1928.52,48.26,47.6,,48.26,,0,
VEH-0257,1,Body,FALSE,0,41.18,,45,,41.18,,0,
VEH-0257,2,Body,FALSE,41.18,112.72,,68,,71.54,,0,
VEH-0257,3,Body,FALSE,112.72,166.7,,59.3,,53.98,,0,
VEH-0257,4,Body,TRUE,166.7,219.68,52.98,53.9,,52.98,,0,
VEH-0257,6,Body,FALSE,255.47,291.54,,36.2,,36.07,,0,
VEH-0257,7,Body,FALSE,291.54,323.9,,32.3,,32.36,,0,
VEH-0257,8,Body,FALSE,323.9,403.16,,64.6,,79.26,,0,
VEH-0257,10,Body,TRUE,450.64,508.98,58.34,58.3,,58.34,,0,
VEH-0257,11,Body,TRUE,508.98,536.35,27.37,30.8,,27.37,PASS,0,
VEH-0257,12,Body,TRUE,536.35,607.67,71.32,68.8,,71.32,,0,
VEH-0257,14,Body,TRUE,669.21,706.14,36.93,38.5,44.14,36.93,,0,
VEH-0257,16,Paint,FALSE,745.65,783.32,,37.3,,37.67,,0,
VEH-0257,17,Paint,TRUE,783.32,826.25,42.93,42.2,,42.93,,0,
VEH-0257,18,Paint,FALSE,826.25,880.26,,51,,54.01,,0,
VEH-0257,19,Paint,TRUE,880.26,927.33,47.07,47.3,46.13,47.07,,0,
VEH-0257,20,Paint,TRUE,927.33,970.35,43.02,41.6,,43.02,,0,
VEH-0257,21,Paint,TRUE,970.35,1021.34,50.99,54.5,,50.99,,0,
VEH-0257,23,Final Assembly,TRUE,1059.56,1098.29,38.73,41.7,,38.73,,0,
VEH-0257,24,Final Assembly,TRUE,1098.29,1145.04,46.75,44.7,,46.75,,0,
VEH-0257,25,Final Assembly,TRUE,1145.04,1189.58,44.54,48.2,,44.54,,0,
VEH-0257,26,Final Assembly,TRUE,1189.58,1252.83,63.25,61.4,,63.25,PASS,0,
VEH-0257,27,Final Assembly,TRUE,1252.83,1294.37,41.54,38,44.68,41.54,,0,
VEH-0257,28,Final Assembly,FALSE,1294.37,1344.32,,50.6,,49.95,,0,
VEH-0257,29,Final Assembly,TRUE,1344.32,1399.66,55.34,53.7,44.51,55.34,,0,
VEH-0257,30,Final Assembly,TRUE,1399.66,1434.45,34.79,31.9,,34.79,,0,
VEH-0257,31,Final Assembly,TRUE,1434.45,1489.27,54.82,54.3,,54.82,,0,
VEH-0257,32,Final Assembly,TRUE,1489.27,1525.48,36.21,36.8,,36.21,PASS,0,
VEH-0257,33,Final Assembly,TRUE,1525.48,1557.2,31.72,32.6,43.6,31.72,,0,
VEH-0257,34,Final Assembly,TRUE,1557.2,1623.07,65.87,68,,65.87,,0,
VEH-0257,35,Final Assembly,TRUE,1623.07,1690.47,67.4,68.6,,67.4,,0,
VEH-0257,36,Final Assembly,TRUE,1690.47,1751.25,60.78,62.3,44.01,60.78,,0,
VEH-0257,37,Final Assembly,TRUE,1751.25,1797.88,46.63,42.2,,46.63,,0,
VEH-0257,38,Final Assembly,TRUE,1797.88,1830.03,32.15,33.9,,32.15,,0,
VEH-0257,39,Final Assembly,FALSE,1830.03,1887.85,,57.4,,57.82,,0,
VEH-0257,40,Final Assembly,TRUE,1887.85,1936.86,49.01,47.6,,49.01,,0,
VEH-0258,1,Body,FALSE,0,46.42,,45,,46.42,,0,
VEH-0258,2,Body,FALSE,46.42,116.05,,68,,69.63,,0,
VEH-0258,3,Body,FALSE,116.05,174.55,,59.3,,58.5,,0,
VEH-0258,4,Body,TRUE,174.55,230.16,55.61,53.9,,55.61,,0,
VEH-0258,5,Body,TRUE,230.16,267.38,37.22,36.2,,37.22,PASS,0,
VEH-0258,6,Body,FALSE,267.38,301.22,,36.2,,33.84,,0,
VEH-0258,7,Body,FALSE,301.22,334.02,,32.3,,32.8,,0,
VEH-0258,8,Body,FALSE,334.02,416.65,,64.6,,82.63,,0,
VEH-0258,10,Body,TRUE,473.31,531.69,58.38,58.3,,58.38,,0,
VEH-0258,12,Body,TRUE,562.99,634.94,71.95,68.8,,71.95,,0,
VEH-0258,14,Body,TRUE,694.63,729.33,34.7,38.5,46.29,34.7,,0,
VEH-0258,16,Paint,FALSE,765.91,803.05,,37.3,,37.14,,0,
VEH-0258,17,Paint,TRUE,803.05,844.08,41.03,42.2,,41.03,,0,
VEH-0258,18,Paint,FALSE,844.08,894.98,,51,,50.9,,0,
VEH-0258,19,Paint,TRUE,894.98,942.88,47.9,47.3,46.13,47.9,,0,
VEH-0258,20,Paint,TRUE,942.88,987.18,44.3,41.6,,44.3,,0,
VEH-0258,21,Paint,TRUE,987.18,1041.81,54.63,54.5,,54.63,,0,
VEH-0258,22,Paint,TRUE,1041.81,1074.45,32.64,35.6,,32.64,PASS,0,
VEH-0258,23,Final Assembly,TRUE,1074.45,1118.88,44.43,41.7,,44.43,,0,
VEH-0258,24,Final Assembly,TRUE,1118.88,1160.28,41.4,44.7,,41.4,,0,
VEH-0258,25,Final Assembly,TRUE,1160.28,1207.46,47.18,48.2,,47.18,,0,
VEH-0258,27,Final Assembly,TRUE,1267.35,1305.37,38.02,38,43.1,38.02,,0,
VEH-0258,28,Final Assembly,FALSE,1305.37,1352.65,,50.6,,47.28,,0,
VEH-0258,29,Final Assembly,TRUE,1352.65,1406.29,53.64,53.7,43.8,53.64,,0,
VEH-0258,30,Final Assembly,TRUE,1406.29,1440.33,34.04,31.9,,34.04,,0,
VEH-0258,31,Final Assembly,TRUE,1440.33,1493.14,52.81,54.3,,52.81,,0,
VEH-0258,32,Final Assembly,TRUE,1493.14,1528.05,34.91,36.8,,34.91,PASS,0,
VEH-0258,33,Final Assembly,TRUE,1528.05,1563.38,35.33,32.6,45.7,35.33,,0,
VEH-0258,34,Final Assembly,TRUE,1563.38,1640.62,77.24,68,,77.24,,0,
VEH-0258,35,Final Assembly,TRUE,1640.62,1702.63,62.01,68.6,,62.01,,0,
VEH-0258,36,Final Assembly,TRUE,1702.63,1765.58,62.95,62.3,45.73,62.95,,0,
VEH-0258,37,Final Assembly,TRUE,1765.58,1807.84,42.26,42.2,,42.26,,0,
VEH-0258,38,Final Assembly,TRUE,1807.84,1841.12,33.28,33.9,,33.28,,0,
VEH-0258,39,Final Assembly,FALSE,1841.12,1902.09,,57.4,,60.97,,0,
VEH-0258,40,Final Assembly,TRUE,1902.09,1950.8,48.71,47.6,,48.71,,0,
VEH-0259,1,Body,FALSE,0,47.69,,45,,47.69,,0,
VEH-0259,2,Body,FALSE,47.69,118.05,,68,,70.36,,0,
VEH-0259,3,Body,FALSE,118.05,178.13,,59.3,,60.08,,0,
VEH-0259,4,Body,TRUE,178.13,232.02,53.89,53.9,,53.89,,0,
VEH-0259,5,Body,TRUE,232.02,266.3,34.28,36.2,,34.28,PASS,0,
VEH-0259,6,Body,FALSE,266.3,298.55,,36.2,,32.25,,0,
VEH-0259,7,Body,FALSE,298.55,331.03,,32.3,,32.48,,0,
VEH-0259,8,Body,FALSE,331.03,412.41,,64.6,,81.38,,0,
VEH-0259,9,Body,FALSE,412.41,466.12,,54,,53.71,PASS,0,
VEH-0259,10,Body,TRUE,466.12,522.86,56.74,58.3,,56.74,,0,
VEH-0259,11,Body,TRUE,522.86,554.38,31.52,30.8,,31.52,PASS,0,
VEH-0259,12,Body,TRUE,554.38,622.89,68.51,68.8,,68.51,,0,
VEH-0259,14,Body,TRUE,691.53,731.88,40.35,38.5,46.14,40.35,,0,
VEH-0259,15,Body,FALSE,731.88,766.78,,37.3,,34.9,PASS,0,
VEH-0259,16,Paint,FALSE,766.78,805.31,,37.3,,38.53,,0,
VEH-0259,17,Paint,TRUE,805.31,848.3,42.99,42.2,,42.99,,0,
VEH-0259,18,Paint,FALSE,848.3,900.85,,51,,52.55,,0,
VEH-0259,19,Paint,TRUE,900.85,949.31,48.46,47.3,45.68,48.46,,0,
VEH-0259,20,Paint,TRUE,949.31,996.53,47.22,41.6,,47.22,,0,
VEH-0259,21,Paint,TRUE,996.53,1050.82,54.29,54.5,,54.29,,0,
VEH-0259,22,Paint,TRUE,1050.82,1088.09,37.27,35.6,,37.27,PASS,0,
VEH-0259,23,Final Assembly,TRUE,1088.09,1128.81,40.72,41.7,,40.72,,0,
VEH-0259,24,Final Assembly,TRUE,1128.81,1175.28,46.47,44.7,,46.47,,0,
VEH-0259,25,Final Assembly,TRUE,1175.28,1225.74,50.46,48.2,,50.46,,0,
VEH-0259,26,Final Assembly,TRUE,1225.74,1288.26,62.52,61.4,,62.52,PASS,0,
VEH-0259,27,Final Assembly,TRUE,1288.26,1329.43,41.17,38,43.67,41.17,,0,
VEH-0259,28,Final Assembly,FALSE,1329.43,1378.8,,50.6,,49.37,,0,
VEH-0259,29,Final Assembly,TRUE,1378.8,1433.07,54.27,53.7,46.32,54.27,,0,
VEH-0259,30,Final Assembly,TRUE,1433.07,1465.26,32.19,31.9,,32.19,,0,
VEH-0259,31,Final Assembly,TRUE,1465.26,1523.04,57.78,54.3,,57.78,,0,
VEH-0259,33,Final Assembly,TRUE,1558.62,1589.36,30.74,32.6,45.46,30.74,,0,
VEH-0259,34,Final Assembly,TRUE,1589.36,1657.1,67.74,68,,67.74,,0,
VEH-0259,35,Final Assembly,TRUE,1657.1,1727.56,70.46,68.6,,70.46,,0,
VEH-0259,36,Final Assembly,TRUE,1727.56,1789.77,62.21,62.3,44.49,62.21,,0,
VEH-0259,37,Final Assembly,TRUE,1789.77,1831.81,42.04,42.2,,42.04,,0,
VEH-0259,38,Final Assembly,TRUE,1831.81,1865.76,33.95,33.9,,33.95,,0,
VEH-0259,39,Final Assembly,FALSE,1865.76,1922.28,,57.4,,56.52,,0,
VEH-0259,40,Final Assembly,TRUE,1922.28,1969.4,47.12,47.6,,47.12,,0,
VEH-0260,1,Body,FALSE,0,44.09,,45,,44.09,,0,
VEH-0260,2,Body,FALSE,44.09,108.25,,68,,64.16,,0,
VEH-0260,3,Body,FALSE,108.25,169.22,,59.3,,60.97,,0,
VEH-0260,4,Body,TRUE,169.22,227.85,58.63,53.9,,58.63,,0,
VEH-0260,5,Body,TRUE,227.85,265.54,37.69,36.2,,37.69,PASS,0,
VEH-0260,6,Body,FALSE,265.54,303.91,,36.2,,38.37,,0,
VEH-0260,7,Body,FALSE,303.91,335.6,,32.3,,31.69,,0,
VEH-0260,8,Body,FALSE,335.6,415.97,,64.6,,80.37,,0,
VEH-0260,10,Body,TRUE,471.86,529.27,57.41,58.3,,57.41,,0,
VEH-0260,12,Body,TRUE,561.12,631.48,70.36,68.8,,70.36,,0,
VEH-0260,14,Body,TRUE,696.98,737.94,40.96,38.5,45.68,40.96,,0,
VEH-0260,16,Paint,FALSE,775.02,812.15,,37.3,,37.13,,0,
VEH-0260,17,Paint,TRUE,812.15,854.27,42.12,42.2,,42.12,,0,
VEH-0260,18,Paint,FALSE,854.27,903.16,,51,,48.89,,0,
VEH-0260,19,Paint,TRUE,903.16,953.27,50.11,47.3,46.44,50.11,,0,
VEH-0260,20,Paint,TRUE,953.27,997.01,43.74,41.6,,43.74,,0,
VEH-0260,21,Paint,TRUE,997.01,1055.64,58.63,54.5,,58.63,,0,
VEH-0260,23,Final Assembly,TRUE,1091.58,1129.82,38.24,41.7,,38.24,,0,
VEH-0260,24,Final Assembly,TRUE,1129.82,1175.93,46.11,44.7,,46.11,,0,
VEH-0260,25,Final Assembly,TRUE,1175.93,1225.56,49.63,48.2,,49.63,,0,
VEH-0260,27,Final Assembly,TRUE,1291.73,1331.79,40.06,38,45.2,40.06,,0,
VEH-0260,28,Final Assembly,FALSE,1331.79,1382.02,,50.6,,50.23,,0,
VEH-0260,29,Final Assembly,TRUE,1382.02,1438.42,56.4,53.7,41.02,56.4,,0,
VEH-0260,30,Final Assembly,TRUE,1438.42,1470.7,32.28,31.9,,32.28,,0,
VEH-0260,31,Final Assembly,TRUE,1470.7,1527.56,56.86,54.3,,56.86,,0,
VEH-0260,32,Final Assembly,TRUE,1527.56,1564.14,36.58,36.8,,36.58,PASS,0,
VEH-0260,33,Final Assembly,TRUE,1564.14,1596.12,31.98,32.6,45.44,31.98,,0,
VEH-0260,34,Final Assembly,TRUE,1596.12,1668.71,72.59,68,,72.59,,0,
VEH-0260,35,Final Assembly,TRUE,1668.71,1738.86,70.15,68.6,,70.15,,0,
VEH-0260,36,Final Assembly,TRUE,1738.86,1799.05,60.19,62.3,46.83,60.19,,0,
VEH-0260,37,Final Assembly,TRUE,1799.05,1844.23,45.18,42.2,,45.18,,0,
VEH-0260,38,Final Assembly,TRUE,1844.23,1876.76,32.53,33.9,,32.53,,0,
VEH-0260,39,Final Assembly,FALSE,1876.76,1942.19,,57.4,,65.43,,0,
VEH-0260,40,Final Assembly,TRUE,1942.19,1989.79,47.6,47.6,,47.6,,0,
VEH-0261,1,Body,FALSE,0,46.27,,45,,46.27,,0,
VEH-0261,2,Body,FALSE,46.27,110.94,,68,,64.67,,0,
VEH-0261,3,Body,FALSE,110.94,170.45,,59.3,,59.51,,0,
VEH-0261,4,Body,TRUE,170.45,226.5,56.05,53.9,,56.05,,0,
VEH-0261,5,Body,TRUE,226.5,257.1,30.6,36.2,,30.6,PASS,0,
VEH-0261,6,Body,FALSE,257.1,292.49,,36.2,,35.39,,0,
VEH-0261,7,Body,FALSE,292.49,324.75,,32.3,,32.26,,0,
VEH-0261,8,Body,FALSE,324.75,402.93,,64.6,,78.18,,0,
VEH-0261,10,Body,TRUE,460.86,515.88,55.02,58.3,,55.02,,0,
VEH-0261,12,Body,TRUE,545.72,607.93,62.21,68.8,,62.21,,0,
VEH-0261,14,Body,TRUE,676.02,713.67,37.65,38.5,44.92,37.65,,0,
VEH-0261,15,Body,FALSE,713.67,752.15,,37.3,,38.48,PASS,0,
VEH-0261,16,Paint,FALSE,752.15,790.1,,37.3,,37.95,,0,
VEH-0261,17,Paint,TRUE,790.1,837.89,47.79,42.2,,47.79,,0,
VEH-0261,18,Paint,FALSE,837.89,890.05,,51,,52.16,,0,
VEH-0261,19,Paint,TRUE,890.05,936.25,46.2,47.3,44.16,46.2,,0,
VEH-0261,20,Paint,TRUE,936.25,977.03,40.78,41.6,,40.78,,0,
VEH-0261,21,Paint,TRUE,977.03,1027.43,50.4,54.5,,50.4,,0,
VEH-0261,23,Final Assembly,TRUE,1063.1,1106.44,43.34,41.7,,43.34,,0,
VEH-0261,24,Final Assembly,TRUE,1106.44,1149.77,43.33,44.7,,43.33,,0,
VEH-0261,25,Final Assembly,TRUE,1149.77,1196.02,46.25,48.2,,46.25,,0,
VEH-0261,26,Final Assembly,TRUE,1196.02,1262.07,66.05,61.4,,66.05,PASS,0,
VEH-0261,27,Final Assembly,TRUE,1262.07,1297.36,35.29,38,41.9,35.29,,0,
VEH-0261,28,Final Assembly,FALSE,1297.36,1345.04,,50.6,,47.68,,0,
VEH-0261,29,Final Assembly,TRUE,1345.04,1394.6,49.56,53.7,45.58,49.56,,0,
VEH-0261,30,Final Assembly,TRUE,1394.6,1425.93,31.33,31.9,,31.33,,0,
VEH-0261,31,Final Assembly,TRUE,1425.93,1479.63,53.7,54.3,,53.7,,0,
VEH-0261,33,Final Assembly,TRUE,1518.55,1550.02,31.47,32.6,46.16,31.47,,0,
VEH-0261,34,Final Assembly,TRUE,1550.02,1623.16,73.14,68,,73.14,,0,
VEH-0261,35,Final Assembly,TRUE,1623.16,1690.2,67.04,68.6,,67.04,,0,
VEH-0261,36,Final Assembly,TRUE,1690.2,1754.8,64.6,62.3,44.64,64.6,,0,
VEH-0261,37,Final Assembly,TRUE,1754.8,1798.95,44.15,42.2,,44.15,,0,
VEH-0261,38,Final Assembly,TRUE,1798.95,1830.18,31.23,33.9,,31.23,,0,
VEH-0261,39,Final Assembly,FALSE,1830.18,1882.86,,57.4,,52.68,,0,
VEH-0261,40,Final Assembly,TRUE,1882.86,1929.53,46.67,47.6,,46.67,,0,
VEH-0262,1,Body,FALSE,0,43,,45,,43,,0,
VEH-0262,2,Body,FALSE,43,108.06,,68,,65.06,,0,
VEH-0262,3,Body,FALSE,108.06,162.45,,59.3,,54.39,,0,
VEH-0262,4,Body,TRUE,162.45,217.51,55.06,53.9,,55.06,,0,
VEH-0262,5,Body,TRUE,217.51,253.2,35.69,36.2,,35.69,PASS,0,
VEH-0262,6,Body,FALSE,253.2,289.11,,36.2,,35.91,,0,
VEH-0262,7,Body,FALSE,289.11,322.71,,32.3,,33.6,,0,
VEH-0262,8,Body,FALSE,322.71,398.3,,64.6,,75.59,,0,
VEH-0262,10,Body,TRUE,453.56,517.66,64.1,58.3,,64.1,,0,
VEH-0262,12,Body,TRUE,546.95,610.37,63.42,68.8,,63.42,,0,
VEH-0262,14,Body,TRUE,669.68,711.55,41.87,38.5,47.56,41.87,,0,
VEH-0262,16,Paint,FALSE,750.42,789.36,,37.3,,38.94,,0,
VEH-0262,17,Paint,TRUE,789.36,832.54,43.18,42.2,,43.18,,0,
VEH-0262,18,Paint,FALSE,832.54,885.39,,51,,52.85,,0,
VEH-0262,19,Paint,TRUE,885.39,933.41,48.02,47.3,43.8,48.02,,0,
VEH-0262,20,Paint,TRUE,933.41,978.57,45.16,41.6,,45.16,,0,
VEH-0262,21,Paint,TRUE,978.57,1036.72,58.15,54.5,,58.15,,0,
VEH-0262,22,Paint,TRUE,1036.72,1070.94,34.22,35.6,,34.22,PASS,0,
VEH-0262,23,Final Assembly,TRUE,1070.94,1114,43.06,41.7,,43.06,,0,
VEH-0262,24,Final Assembly,TRUE,1114,1161.97,47.97,44.7,,47.97,,0,
VEH-0262,25,Final Assembly,TRUE,1161.97,1211.18,49.21,48.2,,49.21,,0,
VEH-0262,26,Final Assembly,TRUE,1211.18,1271.95,60.77,61.4,,60.77,PASS,0,
VEH-0262,27,Final Assembly,TRUE,1271.95,1312.67,40.72,38,45.38,40.72,,0,
VEH-0262,28,Final Assembly,FALSE,1312.67,1361.68,,50.6,,49.01,,0,
VEH-0262,29,Final Assembly,TRUE,1361.68,1412.29,50.61,53.7,40.6,50.61,,0,
VEH-0262,30,Final Assembly,TRUE,1412.29,1447.33,35.04,31.9,,35.04,,0,
VEH-0262,31,Final Assembly,TRUE,1447.33,1499.36,52.03,54.3,,52.03,,0,
VEH-0262,32,Final Assembly,TRUE,1499.36,1537.93,38.57,36.8,,38.57,PASS,0,
VEH-0262,33,Final Assembly,TRUE,1537.93,1569.03,31.1,32.6,45.25,31.1,,0,
VEH-0262,34,Final Assembly,TRUE,1569.03,1638.56,69.53,68,,69.53,,0,
VEH-0262,35,Final Assembly,TRUE,1638.56,1702.91,64.35,68.6,,64.35,,0,
VEH-0262,36,Final Assembly,TRUE,1702.91,1768.2,65.29,62.3,44.7,65.29,,0,
VEH-0262,37,Final Assembly,TRUE,1768.2,1811.57,43.37,42.2,,43.37,,0,
VEH-0262,38,Final Assembly,TRUE,1811.57,1847.94,36.37,33.9,,36.37,,0,
VEH-0262,39,Final Assembly,FALSE,1847.94,1907.46,,57.4,,59.52,,0,
VEH-0262,40,Final Assembly,TRUE,1907.46,1954.83,47.37,47.6,,47.37,,0,
VEH-0263,1,Body,FALSE,0,45.95,,45,,45.95,,0,
VEH-0263,2,Body,FALSE,45.95,113.9,,68,,67.95,,0,
VEH-0263,3,Body,FALSE,113.9,172.74,,59.3,,58.84,,0,
VEH-0263,4,Body,TRUE,172.74,229.85,57.11,53.9,,57.11,,0,
VEH-0263,5,Body,TRUE,229.85,264.87,35.02,36.2,,35.02,PASS,0,
VEH-0263,6,Body,FALSE,264.87,302.13,,36.2,,37.26,,0,
VEH-0263,7,Body,FALSE,302.13,333.19,,32.3,,31.06,,0,
VEH-0263,8,Body,FALSE,333.19,412.37,,64.6,,79.18,,0,
VEH-0263,9,Body,FALSE,412.37,463.14,,54,,50.77,PASS,0,
VEH-0263,10,Body,TRUE,463.14,519.51,56.37,58.3,,56.37,,0,
VEH-0263,12,Body,TRUE,550.18,625.22,75.04,68.8,,75.04,,0,
VEH-0263,14,Body,TRUE,688.84,727.77,38.93,38.5,44.42,38.93,,0,
VEH-0263,16,Paint,FALSE,767.93,806.04,,37.3,,38.11,,0,
VEH-0263,17,Paint,TRUE,806.04,846.88,40.84,42.2,,40.84,,0,
VEH-0263,18,Paint,FALSE,846.88,899.08,,51,,52.2,,0,
VEH-0263,19,Paint,TRUE,899.08,945.69,46.61,47.3,42.02,46.61,,0,
VEH-0263,20,Paint,TRUE,945.69,989.24,43.55,41.6,,43.55,,0,
VEH-0263,21,Paint,TRUE,989.24,1046.73,57.49,54.5,,57.49,,0,
VEH-0263,23,Final Assembly,TRUE,1085.6,1128.18,42.58,41.7,,42.58,,0,
VEH-0263,24,Final Assembly,TRUE,1128.18,1172.32,44.14,44.7,,44.14,,0,
VEH-0263,25,Final Assembly,TRUE,1172.32,1222.53,50.21,48.2,,50.21,,0,
VEH-0263,27,Final Assembly,TRUE,1286.54,1327.65,41.11,38,44.93,41.11,,0,
VEH-0263,28,Final Assembly,FALSE,1327.65,1377.83,,50.6,,50.18,,0,
VEH-0263,29,Final Assembly,TRUE,1377.83,1429.61,51.78,53.7,45.81,51.78,,0,
VEH-0263,30,Final Assembly,TRUE,1429.61,1459.05,29.44,31.9,,29.44,,0,
VEH-0263,31,Final Assembly,TRUE,1459.05,1515.45,56.4,54.3,,56.4,,0,
VEH-0263,32,Final Assembly,TRUE,1515.45,1553.33,37.88,36.8,,37.88,PASS,0,
VEH-0263,33,Final Assembly,TRUE,1553.33,1586.88,33.55,32.6,45.21,33.55,,0,
VEH-0263,34,Final Assembly,TRUE,1586.88,1660.09,73.21,68,,73.21,,0,
VEH-0263,35,Final Assembly,TRUE,1660.09,1731.68,71.59,68.6,,71.59,,0,
VEH-0263,36,Final Assembly,TRUE,1731.68,1792.09,60.41,62.3,44.12,60.41,,0,
VEH-0263,37,Final Assembly,TRUE,1792.09,1832.43,40.34,42.2,,40.34,,0,
VEH-0263,38,Final Assembly,TRUE,1832.43,1867.27,34.84,33.9,,34.84,,0,
VEH-0263,39,Final Assembly,FALSE,1867.27,1921.8,,57.4,,54.53,,0,
VEH-0263,40,Final Assembly,TRUE,1921.8,1971.98,50.18,47.6,,50.18,,0,
VEH-0264,1,Body,FALSE,0,47.98,,45,,47.98,,0,
VEH-0264,2,Body,FALSE,47.98,117,,68,,69.02,,0,
VEH-0264,3,Body,FALSE,117,179.81,,59.3,,62.81,,0,
VEH-0264,4,Body,TRUE,179.81,232.5,52.69,53.9,,52.69,,0,
VEH-0264,5,Body,TRUE,232.5,267.28,34.78,36.2,,34.78,PASS,0,
VEH-0264,6,Body,FALSE,267.28,307.01,,36.2,,39.73,,0,
VEH-0264,7,Body,FALSE,307.01,339.02,,32.3,,32.01,,0,
VEH-0264,8,Body,FALSE,339.02,418.53,,64.6,,79.51,,0,
VEH-0264,10,Body,TRUE,468.2,524.97,56.77,58.3,,56.77,,0,
VEH-0264,11,Body,TRUE,524.97,558.68,33.71,30.8,,33.71,PASS,0,
VEH-0264,12,Body,TRUE,558.68,629.07,70.39,68.8,,70.39,,0,
VEH-0264,14,Body,TRUE,692.28,727.6,35.32,38.5,44.38,35.32,,0,
VEH-0264,16,Paint,FALSE,769.13,806.34,,37.3,,37.21,,0,
VEH-0264,17,Paint,TRUE,806.34,848.42,42.08,42.2,,42.08,,0,
VEH-0264,18,Paint,FALSE,848.42,902.43,,51,,54.01,,0,
VEH-0264,19,Paint,TRUE,902.43,952.68,50.25,47.3,43.05,50.25,,0,
VEH-0264,20,Paint,TRUE,952.68,995.17,42.49,41.6,,42.49,,0,
VEH-0264,21,Paint,TRUE,995.17,1054.46,59.29,54.5,,59.29,,0,
VEH-0264,23,Final Assembly,TRUE,1088.92,1129.84,40.92,41.7,,40.92,,0,
VEH-0264,24,Final Assembly,TRUE,1129.84,1174.6,44.76,44.7,,44.76,,0,
VEH-0264,25,Final Assembly,TRUE,1174.6,1224.47,49.87,48.2,,49.87,,0,
VEH-0264,27,Final Assembly,TRUE,1281.49,1313.58,32.09,38,45.32,32.09,,0,
VEH-0264,28,Final Assembly,FALSE,1313.58,1367.13,,50.6,,53.55,,0,
VEH-0264,29,Final Assembly,TRUE,1367.13,1419.99,52.86,53.7,44.08,52.86,,0,
VEH-0264,30,Final Assembly,TRUE,1419.99,1451.62,31.63,31.9,,31.63,,0,
VEH-0264,31,Final Assembly,TRUE,1451.62,1510.25,58.63,54.3,,58.63,,0,
VEH-0264,33,Final Assembly,TRUE,1545.83,1579.36,33.53,32.6,43.27,33.53,,0,
VEH-0264,34,Final Assembly,TRUE,1579.36,1643.6,64.24,68,,64.24,,0,
VEH-0264,35,Final Assembly,TRUE,1643.6,1715.1,71.5,68.6,,71.5,,0,
VEH-0264,36,Final Assembly,TRUE,1715.1,1782.5,67.4,62.3,46.33,67.4,,0,
VEH-0264,37,Final Assembly,TRUE,1782.5,1820.37,37.87,42.2,,37.87,,0,
VEH-0264,38,Final Assembly,TRUE,1820.37,1853.56,33.19,33.9,,33.19,,0,
VEH-0264,39,Final Assembly,FALSE,1853.56,1911.65,,57.4,,58.09,,0,
VEH-0264,40,Final Assembly,TRUE,1911.65,1959.39,47.74,47.6,,47.74,,0,
VEH-0265,1,Body,FALSE,0,41.05,,45,,41.05,,0,
VEH-0265,2,Body,FALSE,41.05,110.11,,68,,69.06,,0,
VEH-0265,3,Body,FALSE,110.11,160.96,,59.3,,50.85,,0,
VEH-0265,4,Body,TRUE,160.96,214.08,53.12,53.9,,53.12,,0,
VEH-0265,5,Body,TRUE,214.08,251.94,37.86,36.2,,37.86,PASS,0,
VEH-0265,6,Body,FALSE,251.94,286.22,,36.2,,34.28,,0,
VEH-0265,7,Body,FALSE,286.22,319.67,,32.3,,33.45,,0,
VEH-0265,8,Body,FALSE,319.67,402.22,,64.6,,82.55,,0,
VEH-0265,10,Body,TRUE,447.29,505.15,57.86,58.3,,57.86,,0,
VEH-0265,12,Body,TRUE,531.52,599.91,68.39,68.8,,68.39,,0,
VEH-0265,14,Body,TRUE,663.19,705.4,42.21,38.5,45.43,42.21,,0,
VEH-0265,16,Paint,FALSE,741.12,781.15,,37.3,,40.03,,0,
VEH-0265,17,Paint,TRUE,781.15,819.56,38.41,42.2,,38.41,,0,
VEH-0265,18,Paint,FALSE,819.56,867.43,,51,,47.87,,0,
VEH-0265,19,Paint,TRUE,867.43,909.3,41.87,47.3,47.7,41.87,,0,
VEH-0265,20,Paint,TRUE,909.3,951.59,42.29,41.6,,42.29,,0,
VEH-0265,21,Paint,TRUE,951.59,1007.89,56.3,54.5,,56.3,,0,
VEH-0265,22,Paint,TRUE,1007.89,1044.03,36.14,35.6,,36.14,PASS,0,
VEH-0265,23,Final Assembly,TRUE,1044.03,1086.93,42.9,41.7,,42.9,,0,
VEH-0265,24,Final Assembly,TRUE,1086.93,1131.8,44.87,44.7,,44.87,,0,
VEH-0265,25,Final Assembly,TRUE,1131.8,1180.65,48.85,48.2,,48.85,,0,
VEH-0265,27,Final Assembly,TRUE,1242.38,1279.22,36.84,38,44.93,36.84,,0,
VEH-0265,28,Final Assembly,FALSE,1279.22,1330.51,,50.6,,51.29,,0,
VEH-0265,29,Final Assembly,TRUE,1330.51,1384.51,54,53.7,42.78,54,,0,
VEH-0265,30,Final Assembly,TRUE,1384.51,1414.27,29.76,31.9,,29.76,,0,
VEH-0265,31,Final Assembly,TRUE,1414.27,1471.5,57.23,54.3,,57.23,,0,
VEH-0265,33,Final Assembly,TRUE,1507.74,1541.29,33.55,32.6,43.36,33.55,,0,
VEH-0265,34,Final Assembly,TRUE,1541.29,1604.28,62.99,68,,62.99,,0,
VEH-0265,35,Final Assembly,TRUE,1604.28,1669.99,65.71,68.6,,65.71,,0,
VEH-0265,36,Final Assembly,TRUE,1669.99,1731.6,61.61,62.3,44,61.61,,0,
VEH-0265,37,Final Assembly,TRUE,1731.6,1776.53,44.93,42.2,,44.93,,0,
VEH-0265,38,Final Assembly,TRUE,1776.53,1810.74,34.21,33.9,,34.21,,0,
VEH-0265,39,Final Assembly,FALSE,1810.74,1873.45,,57.4,,62.71,,0,
VEH-0265,40,Final Assembly,TRUE,1873.45,1922.01,48.56,47.6,,48.56,,0,
VEH-0266,1,Body,FALSE,0,39.57,,45,,39.57,,0,
VEH-0266,2,Body,FALSE,39.57,108.08,,68,,68.51,,0,
VEH-0266,3,Body,FALSE,108.08,165.56,,59.3,,57.48,,0,
VEH-0266,4,Body,TRUE,165.56,221.1,55.54,53.9,,55.54,,0,
VEH-0266,5,Body,TRUE,221.1,258.66,37.56,36.2,,37.56,PASS,0,
VEH-0266,6,Body,FALSE,258.66,295.57,,36.2,,36.91,,0,
VEH-0266,7,Body,FALSE,295.57,327.35,,32.3,,31.78,,0,
VEH-0266,8,Body,FALSE,327.35,407.58,,64.6,,80.23,,0,
VEH-0266,10,Body,TRUE,461.16,519.39,58.23,58.3,,58.23,,0,
VEH-0266,12,Body,TRUE,548.98,612.75,63.77,68.8,,63.77,,0,
VEH-0266,14,Body,TRUE,677.84,718.84,41,38.5,45.07,41,,0,
VEH-0266,16,Paint,FALSE,755.74,790.42,,37.3,,34.68,,0,
VEH-0266,17,Paint,TRUE,790.42,832.54,42.12,42.2,,42.12,,0,
VEH-0266,18,Paint,FALSE,832.54,884.46,,51,,51.92,,0,
VEH-0266,19,Paint,TRUE,884.46,927.47,43.01,47.3,46.6,43.01,,0,
VEH-0266,20,Paint,TRUE,927.47,967.59,40.12,41.6,,40.12,,0,
VEH-0266,21,Paint,TRUE,967.59,1021.55,53.96,54.5,,53.96,,0,
VEH-0266,22,Paint,TRUE,1021.55,1058.21,36.66,35.6,,36.66,PASS,0,
VEH-0266,23,Final Assembly,TRUE,1058.21,1099.89,41.68,41.7,,41.68,,0,
VEH-0266,24,Final Assembly,TRUE,1099.89,1147.73,47.84,44.7,,47.84,,0,
VEH-0266,25,Final Assembly,TRUE,1147.73,1197.45,49.72,48.2,,49.72,,0,
VEH-0266,27,Final Assembly,TRUE,1258.39,1290.46,32.07,38,46.49,32.07,,0,
VEH-0266,28,Final Assembly,FALSE,1290.46,1338.08,,50.6,,47.62,,0,
VEH-0266,29,Final Assembly,TRUE,1338.08,1394.07,55.99,53.7,45.74,55.99,,0,
VEH-0266,30,Final Assembly,TRUE,1394.07,1425.65,31.58,31.9,,31.58,,0,
VEH-0266,31,Final Assembly,TRUE,1425.65,1482.53,56.88,54.3,,56.88,,0,
VEH-0266,32,Final Assembly,TRUE,1482.53,1520.29,37.76,36.8,,37.76,PASS,0,
VEH-0266,33,Final Assembly,TRUE,1520.29,1553.43,33.14,32.6,42.43,33.14,,0,
VEH-0266,34,Final Assembly,TRUE,1553.43,1621.57,68.14,68,,68.14,,0,
VEH-0266,35,Final Assembly,TRUE,1621.57,1685.91,64.34,68.6,,64.34,,0,
VEH-0266,36,Final Assembly,TRUE,1685.91,1744.79,58.88,62.3,44.46,58.88,,0,
VEH-0266,37,Final Assembly,TRUE,1744.79,1790.08,45.29,42.2,,45.29,,0,
VEH-0266,38,Final Assembly,TRUE,1790.08,1824.6,34.52,33.9,,34.52,,0,
VEH-0266,39,Final Assembly,FALSE,1824.6,1883.24,,57.4,,58.64,,0,
VEH-0266,40,Final Assembly,TRUE,1883.24,1932.67,49.43,47.6,,49.43,,0,
VEH-0267,1,Body,FALSE,0,45.49,,45,,45.49,,0,
VEH-0267,2,Body,FALSE,45.49,113.89,,68,,68.4,,0,
VEH-0267,3,Body,FALSE,113.89,175.4,,59.3,,61.51,,0,
VEH-0267,4,Body,TRUE,175.4,231.73,56.33,53.9,,56.33,,0,
VEH-0267,5,Body,TRUE,231.73,269.19,37.46,36.2,,37.46,PASS,0,
VEH-0267,6,Body,FALSE,269.19,301.58,,36.2,,32.39,,0,
VEH-0267,7,Body,FALSE,301.58,335.8,,32.3,,34.22,,0,
VEH-0267,8,Body,FALSE,335.8,419.55,,64.6,,83.75,,0,
VEH-0267,10,Body,TRUE,472.25,531.24,58.99,58.3,,58.99,,0,
VEH-0267,11,Body,TRUE,531.24,560.67,29.43,30.8,,29.43,PASS,0,
VEH-0267,12,Body,TRUE,560.67,622.77,62.1,68.8,,62.1,,0,
VEH-0267,13,Body,TRUE,622.77,683.73,60.96,63.3,44.19,60.96,PASS,0,
VEH-0267,14,Body,TRUE,683.73,721.55,37.82,38.5,43.56,37.82,,0,
VEH-0267,16,Paint,FALSE,757.49,794.77,,37.3,,37.28,,0,
VEH-0267,17,Paint,TRUE,794.77,835.34,40.57,42.2,,40.57,,0,
VEH-0267,18,Paint,FALSE,835.34,887.73,,51,,52.39,,0,
VEH-0267,19,Paint,TRUE,887.73,936.64,48.91,47.3,48.57,48.91,,0,
VEH-0267,20,Paint,TRUE,936.64,980.58,43.94,41.6,,43.94,,0,
VEH-0267,21,Paint,TRUE,980.58,1035.74,55.16,54.5,,55.16,,0,
VEH-0267,23,Final Assembly,TRUE,1070.24,1112.55,42.31,41.7,,42.31,,0,
VEH-0267,24,Final Assembly,TRUE,1112.55,1157.98,45.43,44.7,,45.43,,0,
VEH-0267,25,Final Assembly,TRUE,1157.98,1204.94,46.96,48.2,,46.96,,0,
VEH-0267,26,Final Assembly,TRUE,1204.94,1268.75,63.81,61.4,,63.81,PASS,0,
VEH-0267,27,Final Assembly,TRUE,1268.75,1304.09,35.34,38,44.63,35.34,,0,
VEH-0267,28,Final Assembly,FALSE,1304.09,1356.1,,50.6,,52.01,,0,
VEH-0267,29,Final Assembly,TRUE,1356.1,1409.03,52.93,53.7,44.69,52.93,,0,
VEH-0267,30,Final Assembly,TRUE,1409.03,1440.71,31.68,31.9,,31.68,,0,
VEH-0267,31,Final Assembly,TRUE,1440.71,1492.75,52.04,54.3,,52.04,,0,
VEH-0267,32,Final Assembly,TRUE,1492.75,1531.71,38.96,36.8,,38.96,PASS,0,
VEH-0267,33,Final Assembly,TRUE,1531.71,1562.65,30.94,32.6,45.48,30.94,,0,
VEH-0267,34,Final Assembly,TRUE,1562.65,1632.06,69.41,68,,69.41,,0,
VEH-0267,35,Final Assembly,TRUE,1632.06,1697.41,65.35,68.6,,65.35,,0,
VEH-0267,36,Final Assembly,TRUE,1697.41,1759.94,62.53,62.3,43.64,62.53,,0,
VEH-0267,37,Final Assembly,TRUE,1759.94,1805.08,45.14,42.2,,45.14,,0,
VEH-0267,38,Final Assembly,TRUE,1805.08,1837.04,31.96,33.9,,31.96,,0,
VEH-0267,39,Final Assembly,FALSE,1837.04,1892.56,,57.4,,55.52,,0,
VEH-0267,40,Final Assembly,TRUE,1892.56,1937.25,44.69,47.6,,44.69,,0,
VEH-0268,1,Body,FALSE,0,41.95,,45,,41.95,,0,
VEH-0268,2,Body,FALSE,41.95,108.22,,68,,66.27,,0,
VEH-0268,3,Body,FALSE,108.22,170.83,,59.3,,62.61,,0,
VEH-0268,4,Body,TRUE,170.83,225.69,54.86,53.9,,54.86,,0,
VEH-0268,5,Body,TRUE,225.69,261.99,36.3,36.2,,36.3,PASS,0,
VEH-0268,6,Body,FALSE,261.99,297.73,,36.2,,35.74,,0,
VEH-0268,7,Body,FALSE,297.73,332.07,,32.3,,34.34,,0,
VEH-0268,8,Body,FALSE,332.07,405.16,,64.6,,73.09,,0,
VEH-0268,10,Body,TRUE,459.95,518.06,58.11,58.3,,58.11,,0,
VEH-0268,11,Body,TRUE,518.06,546.93,28.87,30.8,,28.87,PASS,0,
VEH-0268,12,Body,TRUE,546.93,621.29,74.36,68.8,,74.36,,0,
VEH-0268,14,Body,TRUE,676.06,715.58,39.52,38.5,43.54,39.52,,0,
VEH-0268,16,Paint,FALSE,753.4,790.28,,37.3,,36.88,,0,
VEH-0268,17,Paint,TRUE,790.28,834.56,44.28,42.2,,44.28,,0,
VEH-0268,18,Paint,FALSE,834.56,894.52,,51,,59.96,,0,
VEH-0268,19,Paint,TRUE,894.52,942.62,48.1,47.3,45.91,48.1,,0,
VEH-0268,20,Paint,TRUE,942.62,982.19,39.57,41.6,,39.57,,0,
VEH-0268,21,Paint,TRUE,982.19,1037.28,55.09,54.5,,55.09,,0,
VEH-0268,23,Final Assembly,TRUE,1072.22,1115.55,43.33,41.7,,43.33,,0,
VEH-0268,24,Final Assembly,TRUE,1115.55,1157.06,41.51,44.7,,41.51,,0,
VEH-0268,25,Final Assembly,TRUE,1157.06,1202.67,45.61,48.2,,45.61,,0,
VEH-0268,26,Final Assembly,TRUE,1202.67,1267.69,65.02,61.4,,65.02,PASS,0,
VEH-0268,27,Final Assembly,TRUE,1267.69,1306.09,38.4,38,46.99,38.4,,0,
VEH-0268,28,Final Assembly,FALSE,1306.09,1357.61,,50.6,,51.52,,0,
VEH-0268,29,Final Assembly,TRUE,1357.61,1412.68,55.07,53.7,44.54,55.07,,0,
VEH-0268,30,Final Assembly,TRUE,1412.68,1444.27,31.59,31.9,,31.59,,0,
VEH-0268,31,Final Assembly,TRUE,1444.27,1501.18,56.91,54.3,,56.91,,0,
VEH-0268,32,Final Assembly,TRUE,1501.18,1537.72,36.54,36.8,,36.54,PASS,0,
VEH-0268,33,Final Assembly,TRUE,1537.72,1572.25,34.53,32.6,44.84,34.53,,0,
VEH-0268,34,Final Assembly,TRUE,1572.25,1636.24,63.99,68,,63.99,,0,
VEH-0268,35,Final Assembly,TRUE,1636.24,1700.48,64.24,68.6,,64.24,,0,
VEH-0268,36,Final Assembly,TRUE,1700.48,1762.24,61.76,62.3,46.37,61.76,,0,
VEH-0268,37,Final Assembly,TRUE,1762.24,1803.04,40.8,42.2,,40.8,,0,
VEH-0268,38,Final Assembly,TRUE,1803.04,1838.18,35.14,33.9,,35.14,,0,
VEH-0268,39,Final Assembly,FALSE,1838.18,1895.87,,57.4,,57.69,,0,
VEH-0268,40,Final Assembly,TRUE,1895.87,1944.91,49.04,47.6,,49.04,,0,
VEH-0269,1,Body,FALSE,0,42.81,,45,,42.81,,0,
VEH-0269,2,Body,FALSE,42.81,113.39,,68,,70.58,,0,
VEH-0269,3,Body,FALSE,113.39,171.37,,59.3,,57.98,,0,
VEH-0269,4,Body,TRUE,171.37,225.05,53.68,53.9,,53.68,,0,
VEH-0269,5,Body,TRUE,225.05,260.52,35.47,36.2,,35.47,PASS,0,
VEH-0269,6,Body,FALSE,260.52,295.24,,36.2,,34.72,,0,
VEH-0269,7,Body,FALSE,295.24,328.71,,32.3,,33.47,,0,
VEH-0269,8,Body,FALSE,328.71,406.6,,64.6,,77.89,,0,
VEH-0269,10,Body,TRUE,456.72,516.63,59.91,58.3,,59.91,,0,
VEH-0269,11,Body,TRUE,516.63,545.57,28.94,30.8,,28.94,PASS,0,
VEH-0269,12,Body,TRUE,545.57,610.4,64.83,68.8,,64.83,,0,
VEH-0269,14,Body,TRUE,677.48,711.51,34.03,38.5,45.93,34.03,,0,
VEH-0269,15,Body,FALSE,711.51,748.24,,37.3,,36.73,PASS,0,
VEH-0269,16,Paint,FALSE,748.24,785.14,,37.3,,36.9,,0,
VEH-0269,17,Paint,TRUE,785.14,826.68,41.54,42.2,,41.54,,0,
VEH-0269,18,Paint,FALSE,826.68,878.27,,51,,51.59,,0,
VEH-0269,19,Paint,TRUE,878.27,923.79,45.52,47.3,47.21,45.52,,0,
VEH-0269,20,Paint,TRUE,923.79,962.32,38.53,41.6,,38.53,,0,
VEH-0269,21,Paint,TRUE,962.32,1018.03,55.71,54.5,,55.71,,0,
VEH-0269,22,Paint,TRUE,1018.03,1054.77,36.74,35.6,,36.74,PASS,0,
VEH-0269,23,Final Assembly,TRUE,1054.77,1094.88,40.11,41.7,,40.11,,0,
VEH-0269,24,Final Assembly,TRUE,1094.88,1137.29,42.41,44.7,,42.41,,0,
VEH-0269,25,Final Assembly,TRUE,1137.29,1187.94,50.65,48.2,,50.65,,0,
VEH-0269,27,Final Assembly,TRUE,1246.3,1283.15,36.85,38,46.33,36.85,,0,
VEH-0269,28,Final Assembly,FALSE,1283.15,1333.84,,50.6,,50.69,,0,
VEH-0269,29,Final Assembly,TRUE,1333.84,1382.71,48.87,53.7,47.62,48.87,,0,
VEH-0269,30,Final Assembly,TRUE,1382.71,1413.77,31.06,31.9,,31.06,,0,
VEH-0269,31,Final Assembly,TRUE,1413.77,1466.98,53.21,54.3,,53.21,,0,
VEH-0269,33,Final Assembly,TRUE,1504.25,1537.87,33.62,32.6,47.94,33.62,,0,
VEH-0269,34,Final Assembly,TRUE,1537.87,1600.23,62.36,68,,62.36,,0,
VEH-0269,35,Final Assembly,TRUE,1600.23,1671.66,71.43,68.6,,71.43,,0,
VEH-0269,36,Final Assembly,TRUE,1671.66,1736.28,64.62,62.3,44.79,64.62,,0,
VEH-0269,37,Final Assembly,TRUE,1736.28,1780.14,43.86,42.2,,43.86,,0,
VEH-0269,38,Final Assembly,TRUE,1780.14,1815.63,35.49,33.9,,35.49,,0,
VEH-0269,39,Final Assembly,FALSE,1815.63,1869.06,,57.4,,53.43,,0,
VEH-0269,40,Final Assembly,TRUE,1869.06,1920.82,51.76,47.6,,51.76,,0,
VEH-0270,1,Body,FALSE,0,41.49,,45,,41.49,,0,
VEH-0270,2,Body,FALSE,41.49,104.52,,68,,63.03,,0,
VEH-0270,3,Body,FALSE,104.52,164.19,,59.3,,59.67,,0,
VEH-0270,4,Body,TRUE,164.19,218.1,53.91,53.9,,53.91,,0,
VEH-0270,5,Body,TRUE,218.1,252.93,34.83,36.2,,34.83,PASS,0,
VEH-0270,6,Body,FALSE,252.93,292.53,,36.2,,39.6,,0,
VEH-0270,7,Body,FALSE,292.53,324.82,,32.3,,32.29,,0,
VEH-0270,8,Body,FALSE,324.82,406.42,,64.6,,81.6,,0,
VEH-0270,10,Body,TRUE,462.93,526.37,63.44,58.3,,63.44,,0,
VEH-0270,11,Body,TRUE,526.37,555.31,28.94,30.8,,28.94,PASS,0,
VEH-0270,12,Body,TRUE,555.31,618.06,62.75,68.8,,62.75,,0,
VEH-0270,13,Body,TRUE,618.06,686.83,68.77,63.3,45.87,68.77,PASS,0,
VEH-0270,14,Body,TRUE,686.83,725.57,38.74,38.5,44.8,38.74,,0,
VEH-0270,16,Paint,FALSE,762.29,801.19,,37.3,,38.9,,0,
VEH-0270,17,Paint,TRUE,801.19,840.34,39.15,42.2,,39.15,,0,
VEH-0270,18,Paint,FALSE,840.34,892.56,,51,,52.22,,0,
VEH-0270,19,Paint,TRUE,892.56,942.29,49.73,47.3,46.11,49.73,,0,
VEH-0270,20,Paint,TRUE,942.29,983.74,41.45,41.6,,41.45,,0,
VEH-0270,21,Paint,TRUE,983.74,1038.23,54.49,54.5,,54.49,,0,
VEH-0270,22,Paint,TRUE,1038.23,1076.12,37.89,35.6,,37.89,PASS,0,
VEH-0270,23,Final Assembly,TRUE,1076.12,1119.04,42.92,41.7,,42.92,,0,
VEH-0270,24,Final Assembly,TRUE,1119.04,1167.67,48.63,44.7,,48.63,,0,
VEH-0270,25,Final Assembly,TRUE,1167.67,1211.67,44,48.2,,44,,0,
VEH-0270,27,Final Assembly,TRUE,1275.85,1312.31,36.46,38,44.89,36.46,,0,
VEH-0270,28,Final Assembly,FALSE,1312.31,1366.39,,50.6,,54.08,,0,
VEH-0270,29,Final Assembly,TRUE,1366.39,1417.39,51,53.7,48.17,51,,0,
VEH-0270,30,Final Assembly,TRUE,1417.39,1451.05,33.66,31.9,,33.66,,0,
VEH-0270,31,Final Assembly,TRUE,1451.05,1506.92,55.87,54.3,,55.87,,0,
VEH-0270,32,Final Assembly,TRUE,1506.92,1542.01,35.09,36.8,,35.09,PASS,0,
VEH-0270,33,Final Assembly,TRUE,1542.01,1574.32,32.31,32.6,44.46,32.31,,0,
VEH-0270,34,Final Assembly,TRUE,1574.32,1638.13,63.81,68,,63.81,,0,
VEH-0270,35,Final Assembly,TRUE,1638.13,1710.48,72.35,68.6,,72.35,,0,
VEH-0270,36,Final Assembly,TRUE,1710.48,1771.52,61.04,62.3,44.74,61.04,,0,
VEH-0270,37,Final Assembly,TRUE,1771.52,1813.46,41.94,42.2,,41.94,,0,
VEH-0270,38,Final Assembly,TRUE,1813.46,1847,33.54,33.9,,33.54,,0,
VEH-0270,39,Final Assembly,FALSE,1847,1905.92,,57.4,,58.92,,0,
VEH-0270,40,Final Assembly,TRUE,1905.92,1952.04,46.12,47.6,,46.12,,0,
VEH-0271,1,Body,FALSE,0,43.24,,45,,43.24,,0,
VEH-0271,2,Body,FALSE,43.24,109.18,,68,,65.94,,0,
VEH-0271,3,Body,FALSE,109.18,175.11,,59.3,,65.93,,0,
VEH-0271,4,Body,TRUE,175.11,226.82,51.71,53.9,,51.71,,0,
VEH-0271,5,Body,TRUE,226.82,261.52,34.7,36.2,,34.7,PASS,0,
VEH-0271,6,Body,FALSE,261.52,295.83,,36.2,,34.31,,0,
VEH-0271,7,Body,FALSE,295.83,329.03,,32.3,,33.2,,0,
VEH-0271,8,Body,FALSE,329.03,408.3,,64.6,,79.27,,0,
VEH-0271,9,Body,FALSE,408.3,465.23,,54,,56.93,PASS,0,
VEH-0271,10,Body,TRUE,465.23,525.49,60.26,58.3,,60.26,,0,
VEH-0271,12,Body,TRUE,554.16,620.18,66.02,68.8,,66.02,,0,
VEH-0271,13,Body,TRUE,620.18,687.81,67.63,63.3,44.7,67.63,PASS,0,
VEH-0271,14,Body,TRUE,687.81,728.6,40.79,38.5,44.78,40.79,,0,
VEH-0271,15,Body,FALSE,728.6,764.1,,37.3,,35.5,PASS,0,
VEH-0271,16,Paint,FALSE,764.1,800.84,,37.3,,36.74,,0,
VEH-0271,17,Paint,TRUE,800.84,841,40.16,42.2,,40.16,,0,
VEH-0271,18,Paint,FALSE,841,890.56,,51,,49.56,,0,
VEH-0271,19,Paint,TRUE,890.56,938.33,47.77,47.3,45.77,47.77,,0,
VEH-0271,20,Paint,TRUE,938.33,976.62,38.29,41.6,,38.29,,0,
VEH-0271,21,Paint,TRUE,976.62,1031.07,54.45,54.5,,54.45,,0,
VEH-0271,23,Final Assembly,TRUE,1065.63,1105.97,40.34,41.7,,40.34,,0,
VEH-0271,24,Final Assembly,TRUE,1105.97,1150.97,45,44.7,,45,,0,
VEH-0271,25,Final Assembly,TRUE,1150.97,1197.84,46.87,48.2,,46.87,,0,
VEH-0271,27,Final Assembly,TRUE,1263.48,1303.74,40.26,38,46.77,40.26,,0,
VEH-0271,28,Final Assembly,FALSE,1303.74,1353.09,,50.6,,49.35,,0,
VEH-0271,29,Final Assembly,TRUE,1353.09,1404.2,51.11,53.7,45.12,51.11,,0,
VEH-0271,30,Final Assembly,TRUE,1404.2,1435.86,31.66,31.9,,31.66,,0,
VEH-0271,31,Final Assembly,TRUE,1435.86,1488.51,52.65,54.3,,52.65,,0,
VEH-0271,32,Final Assembly,TRUE,1488.51,1523.15,34.64,36.8,,34.64,PASS,0,
VEH-0271,33,Final Assembly,TRUE,1523.15,1555.68,32.53,32.6,44.39,32.53,,0,
VEH-0271,34,Final Assembly,TRUE,1555.68,1626.02,70.34,68,,70.34,,0,
VEH-0271,35,Final Assembly,TRUE,1626.02,1696.9,70.88,68.6,,70.88,,0,
VEH-0271,36,Final Assembly,TRUE,1696.9,1762.63,65.73,62.3,43.11,65.73,,0,
VEH-0271,37,Final Assembly,TRUE,1762.63,1805.68,43.05,42.2,,43.05,,0,
VEH-0271,38,Final Assembly,TRUE,1805.68,1838.34,32.66,33.9,,32.66,,0,
VEH-0271,39,Final Assembly,FALSE,1838.34,1892.24,,57.4,,53.9,,0,
VEH-0271,40,Final Assembly,TRUE,1892.24,1938.82,46.58,47.6,,46.58,,0,
VEH-0272,1,Body,FALSE,0,47.4,,45,,47.4,,0,
VEH-0272,2,Body,FALSE,47.4,118.7,,68,,71.3,,0,
VEH-0272,3,Body,FALSE,118.7,176.48,,59.3,,57.78,,0,
VEH-0272,4,Body,TRUE,176.48,228.32,51.84,53.9,,51.84,,0,
VEH-0272,5,Body,TRUE,228.32,266.22,37.9,36.2,,37.9,PASS,0,
VEH-0272,6,Body,FALSE,266.22,300.53,,36.2,,34.31,,0,
VEH-0272,7,Body,FALSE,300.53,331.23,,32.3,,30.7,,0,
VEH-0272,8,Body,FALSE,331.23,411.68,,64.6,,80.45,,0,
VEH-0272,9,Body,FALSE,411.68,469.31,,54,,57.63,PASS,0,
VEH-0272,10,Body,TRUE,469.31,528.08,58.77,58.3,,58.77,,0,
VEH-0272,12,Body,TRUE,556.39,627.55,71.16,68.8,,71.16,,0,
VEH-0272,14,Body,TRUE,688.97,726.74,37.77,38.5,46.72,37.77,,0,
VEH-0272,16,Paint,FALSE,763.26,799.28,,37.3,,36.02,,0,
VEH-0272,17,Paint,TRUE,799.28,837.43,38.15,42.2,,38.15,,0,
VEH-0272,18,Paint,FALSE,837.43,886.75,,51,,49.32,,0,
VEH-0272,19,Paint,TRUE,886.75,934.47,47.72,47.3,45.15,47.72,,0,
VEH-0272,20,Paint,TRUE,934.47,977.34,42.87,41.6,,42.87,,0,
VEH-0272,21,Paint,TRUE,977.34,1035.24,57.9,54.5,,57.9,,0,
VEH-0272,23,Final Assembly,TRUE,1070.89,1112.73,41.84,41.7,,41.84,,0,
VEH-0272,24,Final Assembly,TRUE,1112.73,1159.92,47.19,44.7,,47.19,,0,
VEH-0272,25,Final Assembly,TRUE,1159.92,1208.68,48.76,48.2,,48.76,,0,
VEH-0272,27,Final Assembly,TRUE,1267.25,1304.26,37.01,38,41.81,37.01,,0,
VEH-0272,28,Final Assembly,FALSE,1304.26,1352.49,,50.6,,48.23,,0,
VEH-0272,29,Final Assembly,TRUE,1352.49,1401.64,49.15,53.7,45.53,49.15,,0,
VEH-0272,30,Final Assembly,TRUE,1401.64,1435.47,33.83,31.9,,33.83,,0,
VEH-0272,31,Final Assembly,TRUE,1435.47,1487.22,51.75,54.3,,51.75,,0,
VEH-0272,32,Final Assembly,TRUE,1487.22,1522.36,35.14,36.8,,35.14,PASS,0,
VEH-0272,33,Final Assembly,TRUE,1522.36,1556.5,34.14,32.6,44.32,34.14,,0,
VEH-0272,34,Final Assembly,TRUE,1556.5,1625.37,68.87,68,,68.87,,0,
VEH-0272,35,Final Assembly,TRUE,1625.37,1696.52,71.15,68.6,,71.15,,0,
VEH-0272,36,Final Assembly,TRUE,1696.52,1756.61,60.09,62.3,43.97,60.09,,0,
VEH-0272,37,Final Assembly,TRUE,1756.61,1797.74,41.13,42.2,,41.13,,0,
VEH-0272,38,Final Assembly,TRUE,1797.74,1829,31.26,33.9,,31.26,,0,
VEH-0272,39,Final Assembly,FALSE,1829,1887.8,,57.4,,58.8,,0,
VEH-0272,40,Final Assembly,TRUE,1887.8,1936.83,49.03,47.6,,49.03,,0,
VEH-0273,1,Body,FALSE,0,42.21,,45,,42.21,,0,
VEH-0273,2,Body,FALSE,42.21,108.26,,68,,66.05,,0,
VEH-0273,3,Body,FALSE,108.26,171.28,,59.3,,63.02,,0,
VEH-0273,4,Body,TRUE,171.28,225.56,54.28,53.9,,54.28,,0,
VEH-0273,5,Body,TRUE,225.56,259.68,34.12,36.2,,34.12,PASS,0,
VEH-0273,6,Body,FALSE,259.68,294.4,,36.2,,34.72,,0,
VEH-0273,7,Body,FALSE,294.4,327.83,,32.3,,33.43,,0,
VEH-0273,8,Body,FALSE,327.83,409.85,,64.6,,82.02,,0,
VEH-0273,10,Body,TRUE,463.9,529.43,65.53,58.3,,65.53,,0,
VEH-0273,11,Body,TRUE,529.43,561.5,32.07,30.8,,32.07,PASS,0,
VEH-0273,12,Body,TRUE,561.5,629.46,67.96,68.8,,67.96,,0,
VEH-0273,14,Body,TRUE,690.17,729.32,39.15,38.5,44.27,39.15,,0,
VEH-0273,15,Body,FALSE,729.32,769.73,,37.3,,40.41,PASS,0,
VEH-0273,16,Paint,FALSE,769.73,809.76,,37.3,,40.03,,0,
VEH-0273,17,Paint,TRUE,809.76,853.3,43.54,42.2,,43.54,,0,
VEH-0273,18,Paint,FALSE,853.3,901.29,,51,,47.99,,0,
VEH-0273,19,Paint,TRUE,901.29,947,45.71,47.3,46.88,45.71,,0,
VEH-0273,20,Paint,TRUE,947,987.43,40.43,41.6,,40.43,,0,
VEH-0273,21,Paint,TRUE,987.43,1044.99,57.56,54.5,,57.56,,0,
VEH-0273,23,Final Assembly,TRUE,1081.43,1123.24,41.81,41.7,,41.81,,0,
VEH-0273,24,Final Assembly,TRUE,1123.24,1166.37,43.13,44.7,,43.13,,0,
VEH-0273,25,Final Assembly,TRUE,1166.37,1214.34,47.97,48.2,,47.97,,0,
VEH-0273,26,Final Assembly,TRUE,1214.34,1276.32,61.98,61.4,,61.98,PASS,0,
VEH-0273,27,Final Assembly,TRUE,1276.32,1316.28,39.96,38,43.67,39.96,,0,
VEH-0273,28,Final Assembly,FALSE,1316.28,1366.22,,50.6,,49.94,,0,
VEH-0273,29,Final Assembly,TRUE,1366.22,1420.04,53.82,53.7,45.99,53.82,,0,
VEH-0273,30,Final Assembly,TRUE,1420.04,1450.5,30.46,31.9,,30.46,,0,
VEH-0273,31,Final Assembly,TRUE,1450.5,1501.23,50.73,54.3,,50.73,,0,
VEH-0273,32,Final Assembly,TRUE,1501.23,1539.27,38.04,36.8,,38.04,PASS,0,
VEH-0273,33,Final Assembly,TRUE,1539.27,1569.4,30.13,32.6,46.93,30.13,,0,
VEH-0273,34,Final Assembly,TRUE,1569.4,1636.87,67.47,68,,67.47,,0,
VEH-0273,35,Final Assembly,TRUE,1636.87,1700.16,63.29,68.6,,63.29,,0,
VEH-0273,36,Final Assembly,TRUE,1700.16,1760.96,60.8,62.3,45.57,60.8,,0,
VEH-0273,37,Final Assembly,TRUE,1760.96,1802.04,41.08,42.2,,41.08,,0,
VEH-0273,38,Final Assembly,TRUE,1802.04,1835.97,33.93,33.9,,33.93,,0,
VEH-0273,39,Final Assembly,FALSE,1835.97,1895.49,,57.4,,59.52,,0,
VEH-0273,40,Final Assembly,TRUE,1895.49,1942.61,47.12,47.6,,47.12,,0,
VEH-0274,1,Body,FALSE,0,42.89,,45,,42.89,,0,
VEH-0274,2,Body,FALSE,42.89,113.56,,68,,70.67,,0,
VEH-0274,3,Body,FALSE,113.56,173.27,,59.3,,59.71,,0,
VEH-0274,4,Body,TRUE,173.27,226.81,53.54,53.9,,53.54,,0,
VEH-0274,5,Body,TRUE,226.81,262.32,35.51,36.2,,35.51,PASS,0,
VEH-0274,6,Body,FALSE,262.32,296.72,,36.2,,34.4,,0,
VEH-0274,7,Body,FALSE,296.72,328.75,,32.3,,32.03,,0,
VEH-0274,8,Body,FALSE,328.75,411.33,,64.6,,82.58,,0,
VEH-0274,10,Body,TRUE,464.56,526.97,62.41,58.3,,62.41,,0,
VEH-0274,11,Body,TRUE,526.97,558.9,31.93,30.8,,31.93,PASS,0,
VEH-0274,12,Body,TRUE,558.9,629.34,70.44,68.8,,70.44,,0,
VEH-0274,13,Body,TRUE,629.34,692.13,62.79,63.3,44.06,62.79,PASS,0,
VEH-0274,14,Body,TRUE,692.13,733.88,41.75,38.5,46.19,41.75,,0,
VEH-0274,15,Body,FALSE,733.88,770.92,,37.3,,37.04,PASS,0,
VEH-0274,16,Paint,FALSE,770.92,811.38,,37.3,,40.46,,0,
VEH-0274,17,Paint,TRUE,811.38,854.91,43.53,42.2,,43.53,,0,
VEH-0274,18,Paint,FALSE,854.91,902.29,,51,,47.38,,0,
VEH-0274,19,Paint,TRUE,902.29,948.58,46.29,47.3,46.09,46.29,,0,
VEH-0274,20,Paint,TRUE,948.58,993.32,44.74,41.6,,44.74,,0,
VEH-0274,21,Paint,TRUE,993.32,1054.27,60.95,54.5,,60.95,,0,
VEH-0274,22,Paint,TRUE,1054.27,1089.92,35.65,35.6,,35.65,PASS,0,
VEH-0274,23,Final Assembly,TRUE,1089.92,1132.91,42.99,41.7,,42.99,,0,
VEH-0274,24,Final Assembly,TRUE,1132.91,1176.24,43.33,44.7,,43.33,,0,
VEH-0274,25,Final Assembly,TRUE,1176.24,1222.3,46.06,48.2,,46.06,,0,
VEH-0274,27,Final Assembly,TRUE,1278.52,1317.26,38.74,38,46.9,38.74,,0,
VEH-0274,28,Final Assembly,FALSE,1317.26,1369.82,,50.6,,52.56,,0,
VEH-0274,29,Final Assembly,TRUE,1369.82,1423.75,53.93,53.7,46.84,53.93,,0,
VEH-0274,30,Final Assembly,TRUE,1423.75,1460.34,36.59,31.9,,36.59,,0,
VEH-0274,31,Final Assembly,TRUE,1460.34,1512.39,52.05,54.3,,52.05,,0,
VEH-0274,33,Final Assembly,TRUE,1544.73,1577.89,33.16,32.6,46.62,33.16,,0,
VEH-0274,34,Final Assembly,TRUE,1577.89,1640.63,62.74,68,,62.74,,0,
VEH-0274,35,Final Assembly,TRUE,1640.63,1712.09,71.46,68.6,,71.46,,0,
VEH-0274,36,Final Assembly,TRUE,1712.09,1773.34,61.25,62.3,45.51,61.25,,0,
VEH-0274,37,Final Assembly,TRUE,1773.34,1813.6,40.26,42.2,,40.26,,0,
VEH-0274,38,Final Assembly,TRUE,1813.6,1845.83,32.23,33.9,,32.23,,0,
VEH-0274,39,Final Assembly,FALSE,1845.83,1900.06,,57.4,,54.23,,0,
VEH-0274,40,Final Assembly,TRUE,1900.06,1949.25,49.19,47.6,,49.19,,0,
VEH-0275,1,Body,FALSE,0,42.56,,45,,42.56,,0,
VEH-0275,2,Body,FALSE,42.56,110.79,,68,,68.23,,0,
VEH-0275,3,Body,FALSE,110.79,168.43,,59.3,,57.64,,0,
VEH-0275,4,Body,TRUE,168.43,221.84,53.41,53.9,,53.41,,0,
VEH-0275,5,Body,TRUE,221.84,258.93,37.09,36.2,,37.09,PASS,0,
VEH-0275,6,Body,FALSE,258.93,294.58,,36.2,,35.65,,0,
VEH-0275,7,Body,FALSE,294.58,325.07,,32.3,,30.49,,0,
VEH-0275,8,Body,FALSE,325.07,403.71,,64.6,,78.64,,0,
VEH-0275,10,Body,TRUE,455.28,512.79,57.51,58.3,,57.51,,0,
VEH-0275,11,Body,TRUE,512.79,545.66,32.87,30.8,,32.87,PASS,0,
VEH-0275,12,Body,TRUE,545.66,613.53,67.87,68.8,,67.87,,0,
VEH-0275,13,Body,TRUE,613.53,682.44,68.91,63.3,47.15,68.91,PASS,0,
VEH-0275,14,Body,TRUE,682.44,719.82,37.38,38.5,43.33,37.38,,0,
VEH-0275,15,Body,FALSE,719.82,757.02,,37.3,,37.2,PASS,0,
VEH-0275,16,Paint,FALSE,757.02,796.47,,37.3,,39.45,,0,
VEH-0275,17,Paint,TRUE,796.47,837.64,41.17,42.2,,41.17,,0,
VEH-0275,18,Paint,FALSE,837.64,890.96,,51,,53.32,,0,
VEH-0275,19,Paint,TRUE,890.96,941.11,50.15,47.3,43.84,50.15,,0,
VEH-0275,20,Paint,TRUE,941.11,981.3,40.19,41.6,,40.19,,0,
VEH-0275,21,Paint,TRUE,981.3,1037.75,56.45,54.5,,56.45,,0,
VEH-0275,23,Final Assembly,TRUE,1073.62,1113.89,40.27,41.7,,40.27,,0,
VEH-0275,24,Final Assembly,TRUE,1113.89,1157.8,43.91,44.7,,43.91,,0,
VEH-0275,25,Final Assembly,TRUE,1157.8,1205.83,48.03,48.2,,48.03,,0,
VEH-0275,27,Final Assembly,TRUE,1262.43,1301.88,39.45,38,44.28,39.45,,0,
VEH-0275,28,Final Assembly,FALSE,1301.88,1345.44,,50.6,,43.56,,0,
VEH-0275,29,Final Assembly,TRUE,1345.44,1399.08,53.64,53.7,43.89,53.64,,0,
VEH-0275,30,Final Assembly,TRUE,1399.08,1433.67,34.59,31.9,,34.59,,0,
VEH-0275,31,Final Assembly,TRUE,1433.67,1486.38,52.71,54.3,,52.71,,0,
VEH-0275,33,Final Assembly,TRUE,1521.16,1554.59,33.43,32.6,44.01,33.43,,0,
VEH-0275,34,Final Assembly,TRUE,1554.59,1619.94,65.35,68,,65.35,,0,
VEH-0275,35,Final Assembly,TRUE,1619.94,1690.29,70.35,68.6,,70.35,,0,
VEH-0275,36,Final Assembly,TRUE,1690.29,1749.34,59.05,62.3,42.81,59.05,,0,
VEH-0275,37,Final Assembly,TRUE,1749.34,1795.18,45.84,42.2,,45.84,,0,
VEH-0275,38,Final Assembly,TRUE,1795.18,1830.07,34.89,33.9,,34.89,,0,
VEH-0275,39,Final Assembly,FALSE,1830.07,1886.71,,57.4,,56.64,,0,
VEH-0275,40,Final Assembly,TRUE,1886.71,1934.3,47.59,47.6,,47.59,,0,
VEH-0276,1,Body,FALSE,0,46.14,,45,,46.14,,0,
VEH-0276,2,Body,FALSE,46.14,112.29,,68,,66.15,,0,
VEH-0276,3,Body,FALSE,112.29,172.21,,59.3,,59.92,,0,
VEH-0276,4,Body,TRUE,172.21,228.09,55.88,53.9,,55.88,,0,
VEH-0276,5,Body,TRUE,228.09,266.64,38.55,36.2,,38.55,PASS,0,
VEH-0276,6,Body,FALSE,266.64,302.95,,36.2,,36.31,,0,
VEH-0276,7,Body,FALSE,302.95,334.71,,32.3,,31.76,,0,
VEH-0276,8,Body,FALSE,334.71,415.73,,64.6,,81.02,,0,
VEH-0276,9,Body,FALSE,415.73,471.51,,54,,55.78,PASS,0,
VEH-0276,10,Body,TRUE,471.51,530.16,58.65,58.3,,58.65,,0,
VEH-0276,12,Body,TRUE,562.21,628.91,66.7,68.8,,66.7,,0,
VEH-0276,14,Body,TRUE,692.13,733.31,41.18,38.5,44.26,41.18,,0,
VEH-0276,15,Body,FALSE,733.31,773.21,,37.3,,39.9,PASS,0,
VEH-0276,16,Paint,FALSE,773.21,809.29,,37.3,,36.08,,0,
VEH-0276,17,Paint,TRUE,809.29,852.13,42.84,42.2,,42.84,,0,
VEH-0276,18,Paint,FALSE,852.13,903.27,,51,,51.14,,0,
VEH-0276,19,Paint,TRUE,903.27,949.15,45.88,47.3,45.72,45.88,,0,
VEH-0276,20,Paint,TRUE,949.15,993.41,44.26,41.6,,44.26,,0,
VEH-0276,21,Paint,TRUE,993.41,1052.8,59.39,54.5,,59.39,,0,
VEH-0276,23,Final Assembly,TRUE,1089.72,1128.89,39.17,41.7,,39.17,,0,
VEH-0276,24,Final Assembly,TRUE,1128.89,1170.44,41.55,44.7,,41.55,,0,
VEH-0276,25,Final Assembly,TRUE,1170.44,1221.38,50.94,48.2,,50.94,,0,
VEH-0276,26,Final Assembly,TRUE,1221.38,1279.72,58.34,61.4,,58.34,PASS,0,
VEH-0276,27,Final Assembly,TRUE,1279.72,1318.89,39.17,38,45.2,39.17,,0,
VEH-0276,28,Final Assembly,FALSE,1318.89,1372.83,,50.6,,53.94,,0,
VEH-0276,29,Final Assembly,TRUE,1372.83,1427.9,55.07,53.7,44.95,55.07,,0,
VEH-0276,30,Final Assembly,TRUE,1427.9,1463.08,35.18,31.9,,35.18,,0,
VEH-0276,31,Final Assembly,TRUE,1463.08,1519.61,56.53,54.3,,56.53,,0,
VEH-0276,32,Final Assembly,TRUE,1519.61,1557.43,37.82,36.8,,37.82,PASS,0,
VEH-0276,33,Final Assembly,TRUE,1557.43,1588.92,31.49,32.6,43.28,31.49,,0,
VEH-0276,34,Final Assembly,TRUE,1588.92,1656.04,67.12,68,,67.12,,0,
VEH-0276,35,Final Assembly,TRUE,1656.04,1719.5,63.46,68.6,,63.46,,0,
VEH-0276,36,Final Assembly,TRUE,1719.5,1780.8,61.3,62.3,46.2,61.3,,0,
VEH-0276,37,Final Assembly,TRUE,1780.8,1825.07,44.27,42.2,,44.27,,0,
VEH-0276,38,Final Assembly,TRUE,1825.07,1858.39,33.32,33.9,,33.32,,0,
VEH-0276,39,Final Assembly,FALSE,1858.39,1924.22,,57.4,,65.83,,0,
VEH-0276,40,Final Assembly,TRUE,1924.22,1974.85,50.63,47.6,,50.63,,0,
VEH-0277,1,Body,FALSE,0,46.04,,45,,46.04,,0,
VEH-0277,2,Body,FALSE,46.04,117.6,,68,,71.56,,0,
VEH-0277,3,Body,FALSE,117.6,176.93,,59.3,,59.33,,0,
VEH-0277,4,Body,TRUE,176.93,224.67,47.74,53.9,,47.74,,0,
VEH-0277,5,Body,TRUE,224.67,261.32,36.65,36.2,,36.65,PASS,0,
VEH-0277,6,Body,FALSE,261.32,298.9,,36.2,,37.58,,0,
VEH-0277,7,Body,FALSE,298.9,329.67,,32.3,,30.77,,0,
VEH-0277,8,Body,FALSE,329.67,407.66,,64.6,,77.99,,0,
VEH-0277,9,Body,FALSE,407.66,458.54,,54,,50.88,PASS,0,
VEH-0277,10,Body,TRUE,458.54,509.34,50.8,58.3,,50.8,,0,
VEH-0277,11,Body,TRUE,509.34,541.72,32.38,30.8,,32.38,PASS,0,
VEH-0277,12,Body,TRUE,541.72,610.51,68.79,68.8,,68.79,,0,
VEH-0277,14,Body,TRUE,678.87,716.69,37.82,38.5,44.88,37.82,,0,
VEH-0277,16,Paint,FALSE,755.04,794.14,,37.3,,39.1,,0,
VEH-0277,17,Paint,TRUE,794.14,837.02,42.88,42.2,,42.88,,0,
VEH-0277,18,Paint,FALSE,837.02,890.84,,51,,53.82,,0,
VEH-0277,19,Paint,TRUE,890.84,937.44,46.6,47.3,43.5,46.6,,0,
VEH-0277,20,Paint,TRUE,937.44,978.91,41.47,41.6,,41.47,,0,
VEH-0277,21,Paint,TRUE,978.91,1033.97,55.06,54.5,,55.06,,0,
VEH-0277,23,Final Assembly,TRUE,1067.43,1106.34,38.91,41.7,,38.91,,0,
VEH-0277,24,Final Assembly,TRUE,1106.34,1152.04,45.7,44.7,,45.7,,0,
VEH-0277,25,Final Assembly,TRUE,1152.04,1199.26,47.22,48.2,,47.22,,0,
VEH-0277,27,Final Assembly,TRUE,1260.15,1297.47,37.32,38,47.28,37.32,,0,
VEH-0277,28,Final Assembly,FALSE,1297.47,1351.26,,50.6,,53.79,,0,
VEH-0277,29,Final Assembly,TRUE,1351.26,1401.63,50.37,53.7,44.2,50.37,,0,
VEH-0277,30,Final Assembly,TRUE,1401.63,1434.88,33.25,31.9,,33.25,,0,
VEH-0277,31,Final Assembly,TRUE,1434.88,1490.81,55.93,54.3,,55.93,,0,
VEH-0277,33,Final Assembly,TRUE,1527.53,1558.28,30.75,32.6,43.98,30.75,,0,
VEH-0277,34,Final Assembly,TRUE,1558.28,1624.52,66.24,68,,66.24,,0,
VEH-0277,35,Final Assembly,TRUE,1624.52,1694.07,69.55,68.6,,69.55,,0,
VEH-0277,36,Final Assembly,TRUE,1694.07,1761.69,67.62,62.3,43.97,67.62,,0,
VEH-0277,37,Final Assembly,TRUE,1761.69,1801.73,40.04,42.2,,40.04,,0,
VEH-0277,38,Final Assembly,TRUE,1801.73,1835.45,33.72,33.9,,33.72,,0,
VEH-0277,39,Final Assembly,FALSE,1835.45,1895.81,,57.4,,60.36,,0,
VEH-0277,40,Final Assembly,TRUE,1895.81,1939.97,44.16,47.6,,44.16,,0,
VEH-0278,1,Body,FALSE,0,48.27,,45,,48.27,,0,
VEH-0278,2,Body,FALSE,48.27,120.56,,68,,72.29,,0,
VEH-0278,3,Body,FALSE,120.56,189.42,,59.3,,68.86,,0,
VEH-0278,4,Body,TRUE,189.42,245.82,56.4,53.9,,56.4,,0,
VEH-0278,5,Body,TRUE,245.82,281.09,35.27,36.2,,35.27,PASS,0,
VEH-0278,6,Body,FALSE,281.09,313.7,,36.2,,32.61,,0,
VEH-0278,7,Body,FALSE,313.7,346.87,,32.3,,33.17,,0,
VEH-0278,8,Body,FALSE,346.87,420.99,,64.6,,74.12,,0,
VEH-0278,10,Body,TRUE,472.81,533.7,60.89,58.3,,60.89,,0,
VEH-0278,12,Body,TRUE,564.95,630.55,65.6,68.8,,65.6,,0,
VEH-0278,13,Body,TRUE,630.55,688.44,57.89,63.3,45.32,57.89,PASS,0,
VEH-0278,14,Body,TRUE,688.44,727.59,39.15,38.5,47.26,39.15,,0,
VEH-0278,15,Body,FALSE,727.59,760.25,,37.3,,32.66,PASS,0,
VEH-0278,16,Paint,FALSE,760.25,797.77,,37.3,,37.52,,0,
VEH-0278,17,Paint,TRUE,797.77,841.9,44.13,42.2,,44.13,,0,
VEH-0278,18,Paint,FALSE,841.9,891.83,,51,,49.93,,0,
VEH-0278,19,Paint,TRUE,891.83,935.36,43.53,47.3,43.61,43.53,,0,
VEH-0278,20,Paint,TRUE,935.36,977.04,41.68,41.6,,41.68,,0,
VEH-0278,21,Paint,TRUE,977.04,1030.21,53.17,54.5,,53.17,,0,
VEH-0278,23,Final Assembly,TRUE,1066.35,1110.72,44.37,41.7,,44.37,,0,
VEH-0278,24,Final Assembly,TRUE,1110.72,1154.53,43.81,44.7,,43.81,,0,
VEH-0278,25,Final Assembly,TRUE,1154.53,1205.67,51.14,48.2,,51.14,,0,
VEH-0278,26,Final Assembly,TRUE,1205.67,1266.71,61.04,61.4,,61.04,PASS,0,
VEH-0278,27,Final Assembly,TRUE,1266.71,1305.35,38.64,38,44.82,38.64,,0,
VEH-0278,28,Final Assembly,FALSE,1305.35,1356.87,,50.6,,51.52,,0,
VEH-0278,29,Final Assembly,TRUE,1356.87,1412.02,55.15,53.7,45.96,55.15,,0,
VEH-0278,30,Final Assembly,TRUE,1412.02,1443.93,31.91,31.9,,31.91,,0,
VEH-0278,31,Final Assembly,TRUE,1443.93,1489.2,45.27,54.3,,45.27,,0,
VEH-0278,32,Final Assembly,TRUE,1489.2,1527.1,37.9,36.8,,37.9,PASS,0,
VEH-0278,33,Final Assembly,TRUE,1527.1,1556.49,29.39,32.6,44.09,29.39,,0,
VEH-0278,34,Final Assembly,TRUE,1556.49,1616.36,59.87,68,,59.87,,0,
VEH-0278,35,Final Assembly,TRUE,1616.36,1690.79,74.43,68.6,,74.43,,0,
VEH-0278,36,Final Assembly,TRUE,1690.79,1754.39,63.6,62.3,44.51,63.6,,0,
VEH-0278,37,Final Assembly,TRUE,1754.39,1799.58,45.19,42.2,,45.19,,0,
VEH-0278,38,Final Assembly,TRUE,1799.58,1834.38,34.8,33.9,,34.8,,0,
VEH-0278,39,Final Assembly,FALSE,1834.38,1892.14,,57.4,,57.76,,0,
VEH-0278,40,Final Assembly,TRUE,1892.14,1940.68,48.54,47.6,,48.54,,0,
VEH-0279,1,Body,FALSE,0,43.34,,45,,43.34,,0,
VEH-0279,2,Body,FALSE,43.34,110.59,,68,,67.25,,0,
VEH-0279,3,Body,FALSE,110.59,174.73,,59.3,,64.14,,0,
VEH-0279,4,Body,TRUE,174.73,228.1,53.37,53.9,,53.37,,0,
VEH-0279,5,Body,TRUE,228.1,262.01,33.91,36.2,,33.91,PASS,0,
VEH-0279,6,Body,FALSE,262.01,297,,36.2,,34.99,,0,
VEH-0279,7,Body,FALSE,297,327.79,,32.3,,30.79,,0,
VEH-0279,8,Body,FALSE,327.79,407.76,,64.6,,79.97,,0,
VEH-0279,9,Body,FALSE,407.76,459.34,,54,,51.58,PASS,0,
VEH-0279,10,Body,TRUE,459.34,518.43,59.09,58.3,,59.09,,0,
VEH-0279,11,Body,TRUE,518.43,548.1,29.67,30.8,,29.67,PASS,0,
VEH-0279,12,Body,TRUE,548.1,609.6,61.5,68.8,,61.5,,0,
VEH-0279,13,Body,TRUE,609.6,673.87,64.27,63.3,45.22,64.27,PASS,0,
VEH-0279,14,Body,TRUE,673.87,713.37,39.5,38.5,43.99,39.5,,0,
VEH-0279,15,Body,FALSE,713.37,749.22,,37.3,,35.85,PASS,0,
VEH-0279,16,Paint,FALSE,749.22,787.27,,37.3,,38.05,,0,
VEH-0279,17,Paint,TRUE,787.27,832.68,45.41,42.2,,45.41,,0,
VEH-0279,18,Paint,FALSE,832.68,883.71,,51,,51.03,,0,
VEH-0279,19,Paint,TRUE,883.71,932.01,48.3,47.3,44.52,48.3,,0,
VEH-0279,20,Paint,TRUE,932.01,970.4,38.39,41.6,,38.39,,0,
VEH-0279,21,Paint,TRUE,970.4,1027.54,57.14,54.5,,57.14,,0,
VEH-0279,23,Final Assembly,TRUE,1064.76,1107.95,43.19,41.7,,43.19,,0,
VEH-0279,24,Final Assembly,TRUE,1107.95,1152.24,44.29,44.7,,44.29,,0,
VEH-0279,25,Final Assembly,TRUE,1152.24,1201.88,49.64,48.2,,49.64,,0,
VEH-0279,27,Final Assembly,TRUE,1266.02,1307.1,41.08,38,46.48,41.08,,0,
VEH-0279,28,Final Assembly,FALSE,1307.1,1357.86,,50.6,,50.76,,0,
VEH-0279,29,Final Assembly,TRUE,1357.86,1408.04,50.18,53.7,45.23,50.18,,0,
VEH-0279,30,Final Assembly,TRUE,1408.04,1440.35,32.31,31.9,,32.31,,0,
VEH-0279,31,Final Assembly,TRUE,1440.35,1496.57,56.22,54.3,,56.22,,0,
VEH-0279,32,Final Assembly,TRUE,1496.57,1535.86,39.29,36.8,,39.29,PASS,0,
VEH-0279,33,Final Assembly,TRUE,1535.86,1568.3,32.44,32.6,48.15,32.44,,0,
VEH-0279,34,Final Assembly,TRUE,1568.3,1630.32,62.02,68,,62.02,,0,
VEH-0279,35,Final Assembly,TRUE,1630.32,1700.36,70.04,68.6,,70.04,,0,
VEH-0279,36,Final Assembly,TRUE,1700.36,1760.17,59.81,62.3,42.14,59.81,,0,
VEH-0279,37,Final Assembly,TRUE,1760.17,1801.94,41.77,42.2,,41.77,,0,
VEH-0279,38,Final Assembly,TRUE,1801.94,1833.36,31.42,33.9,,31.42,,0,
VEH-0279,39,Final Assembly,FALSE,1833.36,1890.3,,57.4,,56.94,,0,
VEH-0279,40,Final Assembly,TRUE,1890.3,1937.98,47.68,47.6,,47.68,,0,
VEH-0280,1,Body,FALSE,0,47.52,,45,,47.52,,0,
VEH-0280,2,Body,FALSE,47.52,113.84,,68,,66.32,,0,
VEH-0280,3,Body,FALSE,113.84,173.41,,59.3,,59.57,,0,
VEH-0280,4,Body,TRUE,173.41,226.31,52.9,53.9,,52.9,,0,
VEH-0280,5,Body,TRUE,226.31,263.76,37.45,36.2,,37.45,PASS,0,
VEH-0280,6,Body,FALSE,263.76,300.28,,36.2,,36.52,,0,
VEH-0280,7,Body,FALSE,300.28,330.15,,32.3,,29.87,,0,
VEH-0280,8,Body,FALSE,330.15,406.59,,64.6,,76.44,,0,
VEH-0280,10,Body,TRUE,458.31,515.26,56.95,58.3,,56.95,,0,
VEH-0280,11,Body,TRUE,515.26,546.23,30.97,30.8,,30.97,PASS,0,
VEH-0280,12,Body,TRUE,546.23,616.08,69.85,68.8,,69.85,,0,
VEH-0280,13,Body,TRUE,616.08,671.87,55.79,63.3,46.54,55.79,PASS,0,
VEH-0280,14,Body,TRUE,671.87,710.19,38.32,38.5,43.32,38.32,,0,
VEH-0280,15,Body,FALSE,710.19,749.26,,37.3,,39.07,PASS,0,
VEH-0280,16,Paint,FALSE,749.26,782.64,,37.3,,33.38,,0,
VEH-0280,17,Paint,TRUE,782.64,821.52,38.88,42.2,,38.88,,0,
VEH-0280,18,Paint,FALSE,821.52,877.95,,51,,56.43,,0,
VEH-0280,19,Paint,TRUE,877.95,925.6,47.65,47.3,43.89,47.65,,0,
VEH-0280,20,Paint,TRUE,925.6,967.43,41.83,41.6,,41.83,,0,
VEH-0280,21,Paint,TRUE,967.43,1021.43,54,54.5,,54,,0,
VEH-0280,23,Final Assembly,TRUE,1057.09,1099.81,42.72,41.7,,42.72,,0,
VEH-0280,24,Final Assembly,TRUE,1099.81,1144.07,44.26,44.7,,44.26,,0,
VEH-0280,25,Final Assembly,TRUE,1144.07,1193.12,49.05,48.2,,49.05,,0,
VEH-0280,26,Final Assembly,TRUE,1193.12,1254.03,60.91,61.4,,60.91,PASS,0,
VEH-0280,27,Final Assembly,TRUE,1254.03,1290.47,36.44,38,43.34,36.44,,0,
VEH-0280,28,Final Assembly,FALSE,1290.47,1344.41,,50.6,,53.94,,0,
VEH-0280,29,Final Assembly,TRUE,1344.41,1399.85,55.44,53.7,46.56,55.44,,0,
VEH-0280,30,Final Assembly,TRUE,1399.85,1431.76,31.91,31.9,,31.91,,0,
VEH-0280,31,Final Assembly,TRUE,1431.76,1486.67,54.91,54.3,,54.91,,0,
VEH-0280,33,Final Assembly,TRUE,1523.14,1557.63,34.49,32.6,44.48,34.49,,0,
VEH-0280,34,Final Assembly,TRUE,1557.63,1622.28,64.65,68,,64.65,,0,
VEH-0280,35,Final Assembly,TRUE,1622.28,1692.67,70.39,68.6,,70.39,,0,
VEH-0280,36,Final Assembly,TRUE,1692.67,1754.5,61.83,62.3,45.37,61.83,,0,
VEH-0280,37,Final Assembly,TRUE,1754.5,1798.2,43.7,42.2,,43.7,,0,
VEH-0280,38,Final Assembly,TRUE,1798.2,1831.12,32.92,33.9,,32.92,,0,
VEH-0280,39,Final Assembly,FALSE,1831.12,1887.89,,57.4,,56.77,,0,
VEH-0280,40,Final Assembly,TRUE,1887.89,1934.75,46.86,47.6,,46.86,,0,
VEH-0281,1,Body,FALSE,0,50.46,,45,,50.46,,0,
VEH-0281,2,Body,FALSE,50.46,118.19,,68,,67.73,,0,
VEH-0281,3,Body,FALSE,118.19,180.79,,59.3,,62.6,,0,
VEH-0281,4,Body,TRUE,180.79,237.29,56.5,53.9,,56.5,,0,
VEH-0281,5,Body,TRUE,237.29,270.81,33.52,36.2,,33.52,PASS,0,
VEH-0281,6,Body,FALSE,270.81,307.57,,36.2,,36.76,,0,
VEH-0281,7,Body,FALSE,307.57,340.11,,32.3,,32.54,,0,
VEH-0281,8,Body,FALSE,340.11,419.99,,64.6,,79.88,,0,
VEH-0281,10,Body,TRUE,471.95,526.99,55.04,58.3,,55.04,,0,
VEH-0281,12,Body,TRUE,557.06,625.52,68.46,68.8,,68.46,,0,
VEH-0281,13,Body,TRUE,625.52,692.58,67.06,63.3,47.73,67.06,PASS,0,
VEH-0281,14,Body,TRUE,692.58,733.78,41.2,38.5,46.29,41.2,,0,
VEH-0281,16,Paint,FALSE,769.21,805.75,,37.3,,36.54,,0,
VEH-0281,17,Paint,TRUE,805.75,848.39,42.64,42.2,,42.64,,0,
VEH-0281,18,Paint,FALSE,848.39,897.78,,51,,49.39,,0,
VEH-0281,19,Paint,TRUE,897.78,946.44,48.66,47.3,46.08,48.66,,0,
VEH-0281,20,Paint,TRUE,946.44,989.16,42.72,41.6,,42.72,,0,
VEH-0281,21,Paint,TRUE,989.16,1046.46,57.3,54.5,,57.3,,0,
VEH-0281,22,Paint,TRUE,1046.46,1080.45,33.99,35.6,,33.99,PASS,0,
VEH-0281,23,Final Assembly,TRUE,1080.45,1124.1,43.65,41.7,,43.65,,0,
VEH-0281,24,Final Assembly,TRUE,1124.1,1167.24,43.14,44.7,,43.14,,0,
VEH-0281,25,Final Assembly,TRUE,1167.24,1213.17,45.93,48.2,,45.93,,0,
VEH-0281,26,Final Assembly,TRUE,1213.17,1276.2,63.03,61.4,,63.03,PASS,0,
VEH-0281,27,Final Assembly,TRUE,1276.2,1316.51,40.31,38,45.73,40.31,,0,
VEH-0281,28,Final Assembly,FALSE,1316.51,1367.16,,50.6,,50.65,,0,
VEH-0281,29,Final Assembly,TRUE,1367.16,1421.69,54.53,53.7,45.2,54.53,,0,
VEH-0281,30,Final Assembly,TRUE,1421.69,1451.8,30.11,31.9,,30.11,,0,
VEH-0281,31,Final Assembly,TRUE,1451.8,1502.73,50.93,54.3,,50.93,,0,
VEH-0281,32,Final Assembly,TRUE,1502.73,1539.38,36.65,36.8,,36.65,PASS,0,
VEH-0281,33,Final Assembly,TRUE,1539.38,1572.11,32.73,32.6,45.02,32.73,,0,
VEH-0281,34,Final Assembly,TRUE,1572.11,1642.41,70.3,68,,70.3,,0,
VEH-0281,35,Final Assembly,TRUE,1642.41,1710.27,67.86,68.6,,67.86,,0,
VEH-0281,36,Final Assembly,TRUE,1710.27,1774.33,64.06,62.3,44.78,64.06,,0,
VEH-0281,37,Final Assembly,TRUE,1774.33,1820.38,46.05,42.2,,46.05,,0,
VEH-0281,38,Final Assembly,TRUE,1820.38,1854.42,34.04,33.9,,34.04,,0,
VEH-0281,39,Final Assembly,FALSE,1854.42,1918.54,,57.4,,64.12,,0,
VEH-0281,40,Final Assembly,TRUE,1918.54,1966.98,48.44,47.6,,48.44,,0,
VEH-0282,1,Body,FALSE,0,44.52,,45,,44.52,,0,
VEH-0282,2,Body,FALSE,44.52,119.06,,68,,74.54,,0,
VEH-0282,3,Body,FALSE,119.06,178.15,,59.3,,59.09,,0,
VEH-0282,4,Body,TRUE,178.15,231.92,53.77,53.9,,53.77,,0,
VEH-0282,5,Body,TRUE,231.92,267.21,35.29,36.2,,35.29,PASS,0,
VEH-0282,6,Body,FALSE,267.21,303.96,,36.2,,36.75,,0,
VEH-0282,7,Body,FALSE,303.96,335.74,,32.3,,31.78,,0,
VEH-0282,8,Body,FALSE,335.74,413.04,,64.6,,77.3,,0,
VEH-0282,10,Body,TRUE,461.91,524.49,62.58,58.3,,62.58,,0,
VEH-0282,12,Body,TRUE,554.7,628.57,73.87,68.8,,73.87,,0,
VEH-0282,14,Body,TRUE,691.56,730.2,38.64,38.5,45.62,38.64,,0,
VEH-0282,15,Body,FALSE,730.2,765.62,,37.3,,35.42,PASS,0,
VEH-0282,16,Paint,FALSE,765.62,805.12,,37.3,,39.5,,0,
VEH-0282,17,Paint,TRUE,805.12,846.55,41.43,42.2,,41.43,,0,
VEH-0282,18,Paint,FALSE,846.55,899.91,,51,,53.36,,0,
VEH-0282,19,Paint,TRUE,899.91,943.76,43.85,47.3,43.87,43.85,,0,
VEH-0282,20,Paint,TRUE,943.76,986.13,42.37,41.6,,42.37,,0,
VEH-0282,21,Paint,TRUE,986.13,1040.18,54.05,54.5,,54.05,,0,
VEH-0282,22,Paint,TRUE,1040.18,1076.59,36.41,35.6,,36.41,PASS,0,
VEH-0282,23,Final Assembly,TRUE,1076.59,1118.72,42.13,41.7,,42.13,,0,
VEH-0282,24,Final Assembly,TRUE,1118.72,1167.51,48.79,44.7,,48.79,,0,
VEH-0282,25,Final Assembly,TRUE,1167.51,1217.01,49.5,48.2,,49.5,,0,
VEH-0282,27,Final Assembly,TRUE,1277.08,1314.33,37.25,38,46.81,37.25,,0,
VEH-0282,28,Final Assembly,FALSE,1314.33,1361.06,,50.6,,46.73,,0,
VEH-0282,29,Final Assembly,TRUE,1361.06,1416.26,55.2,53.7,43.33,55.2,,0,
VEH-0282,30,Final Assembly,TRUE,1416.26,1449.92,33.66,31.9,,33.66,,0,
VEH-0282,31,Final Assembly,TRUE,1449.92,1503.05,53.13,54.3,,53.13,,0,
VEH-0282,33,Final Assembly,TRUE,1540.82,1573.48,32.66,32.6,42.92,32.66,,0,
VEH-0282,34,Final Assembly,TRUE,1573.48,1643.66,70.18,68,,70.18,,0,
VEH-0282,35,Final Assembly,TRUE,1643.66,1709.79,66.13,68.6,,66.13,,0,
VEH-0282,36,Final Assembly,TRUE,1709.79,1774.59,64.8,62.3,43.5,64.8,,0,
VEH-0282,37,Final Assembly,TRUE,1774.59,1817.3,42.71,42.2,,42.71,,0,
VEH-0282,38,Final Assembly,TRUE,1817.3,1851.27,33.97,33.9,,33.97,,0,
VEH-0282,39,Final Assembly,FALSE,1851.27,1906.94,,57.4,,55.67,,0,
VEH-0282,40,Final Assembly,TRUE,1906.94,1957.82,50.88,47.6,,50.88,,0,
VEH-0283,1,Body,FALSE,0,43.22,,45,,43.22,,0,
VEH-0283,2,Body,FALSE,43.22,106.27,,68,,63.05,,0,
VEH-0283,3,Body,FALSE,106.27,169.94,,59.3,,63.67,,0,
VEH-0283,4,Body,TRUE,169.94,228.74,58.8,53.9,,58.8,,0,
VEH-0283,5,Body,TRUE,228.74,262.4,33.66,36.2,,33.66,PASS,0,
VEH-0283,6,Body,FALSE,262.4,300.94,,36.2,,38.54,,0,
VEH-0283,7,Body,FALSE,300.94,334.77,,32.3,,33.83,,0,
VEH-0283,8,Body,FALSE,334.77,408.51,,64.6,,73.74,,0,
VEH-0283,9,Body,FALSE,408.51,461.46,,54,,52.95,PASS,0,
VEH-0283,10,Body,TRUE,461.46,518.07,56.61,58.3,,56.61,,0,
VEH-0283,12,Body,TRUE,550.02,614.59,64.57,68.8,,64.57,,0,
VEH-0283,13,Body,TRUE,614.59,677.58,62.99,63.3,43.97,62.99,PASS,0,
VEH-0283,14,Body,TRUE,677.58,716.99,39.41,38.5,44.67,39.41,,0,
VEH-0283,15,Body,FALSE,716.99,753.29,,37.3,,36.3,PASS,0,
VEH-0283,16,Paint,FALSE,753.29,790.19,,37.3,,36.9,,0,
VEH-0283,17,Paint,TRUE,790.19,836.69,46.5,42.2,,46.5,,0,
VEH-0283,18,Paint,FALSE,836.69,886.63,,51,,49.94,,0,
VEH-0283,19,Paint,TRUE,886.63,931.47,44.84,47.3,45.88,44.84,,0,
VEH-0283,20,Paint,TRUE,931.47,972.77,41.3,41.6,,41.3,,0,
VEH-0283,21,Paint,TRUE,972.77,1023.41,50.64,54.5,,50.64,,0,
VEH-0283,23,Final Assembly,TRUE,1062.98,1103.94,40.96,41.7,,40.96,,0,
VEH-0283,24,Final Assembly,TRUE,1103.94,1147.79,43.85,44.7,,43.85,,0,
VEH-0283,25,Final Assembly,TRUE,1147.79,1196.38,48.59,48.2,,48.59,,0,
VEH-0283,27,Final Assembly,TRUE,1263.09,1297.9,34.81,38,45.41,34.81,,0,
VEH-0283,28,Final Assembly,FALSE,1297.9,1353.78,,50.6,,55.88,,0,
VEH-0283,29,Final Assembly,TRUE,1353.78,1407.83,54.05,53.7,43.15,54.05,,0,
VEH-0283,30,Final Assembly,TRUE,1407.83,1438.75,30.92,31.9,,30.92,,0,
VEH-0283,31,Final Assembly,TRUE,1438.75,1493.61,54.86,54.3,,54.86,,0,
VEH-0283,33,Final Assembly,TRUE,1532.86,1564.91,32.05,32.6,46.24,32.05,,0,
VEH-0283,34,Final Assembly,TRUE,1564.91,1628.03,63.12,68,,63.12,,0,
VEH-0283,35,Final Assembly,TRUE,1628.03,1691.68,63.65,68.6,,63.65,,0,
VEH-0283,36,Final Assembly,TRUE,1691.68,1752.47,60.79,62.3,47.16,60.79,,0,
VEH-0283,37,Final Assembly,TRUE,1752.47,1794.82,42.35,42.2,,42.35,,0,
VEH-0283,38,Final Assembly,TRUE,1794.82,1829.21,34.39,33.9,,34.39,,0,
VEH-0283,39,Final Assembly,FALSE,1829.21,1887.41,,57.4,,58.2,,0,
VEH-0283,40,Final Assembly,TRUE,1887.41,1937.65,50.24,47.6,,50.24,,0,
VEH-0284,1,Body,FALSE,0,43.63,,45,,43.63,,0,
VEH-0284,2,Body,FALSE,43.63,118.07,,68,,74.44,,0,
VEH-0284,3,Body,FALSE,118.07,181.42,,59.3,,63.35,,0,
VEH-0284,4,Body,TRUE,181.42,232.86,51.44,53.9,,51.44,,0,
VEH-0284,5,Body,TRUE,232.86,271.95,39.09,36.2,,39.09,PASS,0,
VEH-0284,6,Body,FALSE,271.95,309.83,,36.2,,37.88,,0,
VEH-0284,7,Body,FALSE,309.83,340.44,,32.3,,30.61,,0,
VEH-0284,8,Body,FALSE,340.44,419.92,,64.6,,79.48,,0,
VEH-0284,9,Body,FALSE,419.92,475.21,,54,,55.29,PASS,0,
VEH-0284,10,Body,TRUE,475.21,530.37,55.16,58.3,,55.16,,0,
VEH-0284,12,Body,TRUE,562.26,639.42,77.16,68.8,,77.16,,0,
VEH-0284,13,Body,TRUE,639.42,707.05,67.63,63.3,45.24,67.63,PASS,0,
VEH-0284,14,Body,TRUE,707.05,745.01,37.96,38.5,45.49,37.96,,0,
VEH-0284,15,Body,FALSE,745.01,780.5,,37.3,,35.49,PASS,0,
VEH-0284,16,Paint,FALSE,780.5,816.91,,37.3,,36.41,,0,
VEH-0284,17,Paint,TRUE,816.91,854.97,38.06,42.2,,38.06,,0,
VEH-0284,18,Paint,FALSE,854.97,907.08,,51,,52.11,,0,
VEH-0284,19,Paint,TRUE,907.08,953.58,46.5,47.3,45.93,46.5,,0,
VEH-0284,20,Paint,TRUE,953.58,995.43,41.85,41.6,,41.85,,0,
VEH-0284,21,Paint,TRUE,995.43,1047.17,51.74,54.5,,51.74,,0,
VEH-0284,23,Final Assembly,TRUE,1083.13,1123.34,40.21,41.7,,40.21,,0,
VEH-0284,24,Final Assembly,TRUE,1123.34,1171.75,48.41,44.7,,48.41,,0,
VEH-0284,25,Final Assembly,TRUE,1171.75,1217.92,46.17,48.2,,46.17,,0,
VEH-0284,26,Final Assembly,TRUE,1217.92,1277.88,59.96,61.4,,59.96,PASS,0,
VEH-0284,27,Final Assembly,TRUE,1277.88,1313.95,36.07,38,43.35,36.07,,0,
VEH-0284,28,Final Assembly,FALSE,1313.95,1364.63,,50.6,,50.68,,0,
VEH-0284,29,Final Assembly,TRUE,1364.63,1414.98,50.35,53.7,44.72,50.35,,0,
VEH-0284,30,Final Assembly,TRUE,1414.98,1447.56,32.58,31.9,,32.58,,0,
VEH-0284,31,Final Assembly,TRUE,1447.56,1500.71,53.15,54.3,,53.15,,0,
VEH-0284,32,Final Assembly,TRUE,1500.71,1533.46,32.75,36.8,,32.75,PASS,0,
VEH-0284,33,Final Assembly,TRUE,1533.46,1568.23,34.77,32.6,45.4,34.77,,0,
VEH-0284,34,Final Assembly,TRUE,1568.23,1637.18,68.95,68,,68.95,,0,
VEH-0284,35,Final Assembly,TRUE,1637.18,1704.98,67.8,68.6,,67.8,,0,
VEH-0284,36,Final Assembly,TRUE,1704.98,1769.81,64.83,62.3,46.41,64.83,,0,
VEH-0284,37,Final Assembly,TRUE,1769.81,1814.2,44.39,42.2,,44.39,,0,
VEH-0284,38,Final Assembly,TRUE,1814.2,1848.56,34.36,33.9,,34.36,,0,
VEH-0284,39,Final Assembly,FALSE,1848.56,1902.01,,57.4,,53.45,,0,
VEH-0284,40,Final Assembly,TRUE,1902.01,1950.57,48.56,47.6,,48.56,,0,
VEH-0285,1,Body,FALSE,0,47.37,,45,,47.37,,0,
VEH-0285,2,Body,FALSE,47.37,112.55,,68,,65.18,,0,
VEH-0285,3,Body,FALSE,112.55,173.16,,59.3,,60.61,,0,
VEH-0285,4,Body,TRUE,173.16,229.41,56.25,53.9,,56.25,,0,
VEH-0285,5,Body,TRUE,229.41,263.67,34.26,36.2,,34.26,PASS,0,
VEH-0285,6,Body,FALSE,263.67,299.61,,36.2,,35.94,,0,
VEH-0285,7,Body,FALSE,299.61,332.39,,32.3,,32.78,,0,
VEH-0285,8,Body,FALSE,332.39,408.63,,64.6,,76.24,,0,
VEH-0285,9,Body,FALSE,408.63,460.26,,54,,51.63,PASS,0,
VEH-0285,10,Body,TRUE,460.26,518.17,57.91,58.3,,57.91,,0,
VEH-0285,12,Body,TRUE,550.2,621.21,71.01,68.8,,71.01,,0,
VEH-0285,13,Body,TRUE,621.21,681.78,60.57,63.3,45.98,60.57,PASS,0,
VEH-0285,14,Body,TRUE,681.78,718.67,36.89,38.5,42.58,36.89,,0,
VEH-0285,16,Paint,FALSE,755.29,794.68,,37.3,,39.39,,0,
VEH-0285,17,Paint,TRUE,794.68,838.26,43.58,42.2,,43.58,,0,
VEH-0285,18,Paint,FALSE,838.26,889.26,,51,,51,,0,
VEH-0285,19,Paint,TRUE,889.26,935.58,46.32,47.3,44.42,46.32,,0,
VEH-0285,20,Paint,TRUE,935.58,977.41,41.83,41.6,,41.83,,0,
VEH-0285,21,Paint,TRUE,977.41,1028.99,51.58,54.5,,51.58,,0,
VEH-0285,22,Paint,TRUE,1028.99,1063.97,34.98,35.6,,34.98,PASS,0,
VEH-0285,23,Final Assembly,TRUE,1063.97,1105.22,41.25,41.7,,41.25,,0,
VEH-0285,24,Final Assembly,TRUE,1105.22,1146.89,41.67,44.7,,41.67,,0,
VEH-0285,25,Final Assembly,TRUE,1146.89,1193.07,46.18,48.2,,46.18,,0,
VEH-0285,27,Final Assembly,TRUE,1255.73,1293.75,38.02,38,44.54,38.02,,0,
VEH-0285,28,Final Assembly,FALSE,1293.75,1342.04,,50.6,,48.29,,0,
VEH-0285,29,Final Assembly,TRUE,1342.04,1399.98,57.94,53.7,43.74,57.94,,0,
VEH-0285,30,Final Assembly,TRUE,1399.98,1432.28,32.3,31.9,,32.3,,0,
VEH-0285,31,Final Assembly,TRUE,1432.28,1485.26,52.98,54.3,,52.98,,0,
VEH-0285,32,Final Assembly,TRUE,1485.26,1522.13,36.87,36.8,,36.87,PASS,0,
VEH-0285,33,Final Assembly,TRUE,1522.13,1555.48,33.35,32.6,42.94,33.35,,0,
VEH-0285,34,Final Assembly,TRUE,1555.48,1623.46,67.98,68,,67.98,,0,
VEH-0285,35,Final Assembly,TRUE,1623.46,1696.14,72.68,68.6,,72.68,,0,
VEH-0285,36,Final Assembly,TRUE,1696.14,1763.94,67.8,62.3,44.8,67.8,,0,
VEH-0285,37,Final Assembly,TRUE,1763.94,1806.23,42.29,42.2,,42.29,,0,
VEH-0285,38,Final Assembly,TRUE,1806.23,1843.89,37.66,33.9,,37.66,,0,
VEH-0285,39,Final Assembly,FALSE,1843.89,1904.55,,57.4,,60.66,,0,
VEH-0285,40,Final Assembly,TRUE,1904.55,1950.68,46.13,47.6,,46.13,,0,
VEH-0286,1,Body,FALSE,0,43.61,,45,,43.61,,0,
VEH-0286,2,Body,FALSE,43.61,108.5,,68,,64.89,,0,
VEH-0286,3,Body,FALSE,108.5,164.22,,59.3,,55.72,,0,
VEH-0286,4,Body,TRUE,164.22,214.03,49.81,53.9,,49.81,,0,
VEH-0286,5,Body,TRUE,214.03,246.69,32.66,36.2,,32.66,PASS,0,
VEH-0286,6,Body,FALSE,246.69,283.09,,36.2,,36.4,,0,
VEH-0286,7,Body,FALSE,283.09,311.16,,32.3,,28.07,,0,
VEH-0286,8,Body,FALSE,311.16,391.49,,64.6,,80.33,,0,
VEH-0286,10,Body,TRUE,446.74,504.75,58.01,58.3,,58.01,,0,
VEH-0286,12,Body,TRUE,535.66,603.48,67.82,68.8,,67.82,,0,
VEH-0286,14,Body,TRUE,667.49,708.5,41.01,38.5,47.3,41.01,,0,
VEH-0286,15,Body,FALSE,708.5,748.59,,37.3,,40.09,PASS,0,
VEH-0286,16,Paint,FALSE,748.59,784.41,,37.3,,35.82,,0,
VEH-0286,17,Paint,TRUE,784.41,828.21,43.8,42.2,,43.8,,0,
VEH-0286,18,Paint,FALSE,828.21,880.5,,51,,52.29,,0,
VEH-0286,19,Paint,TRUE,880.5,926.27,45.77,47.3,43.67,45.77,,0,
VEH-0286,20,Paint,TRUE,926.27,967.09,40.82,41.6,,40.82,,0,
VEH-0286,21,Paint,TRUE,967.09,1018.69,51.6,54.5,,51.6,,0,
VEH-0286,23,Final Assembly,TRUE,1051.82,1094.56,42.74,41.7,,42.74,,0,
VEH-0286,24,Final Assembly,TRUE,1094.56,1139.33,44.77,44.7,,44.77,,0,
VEH-0286,25,Final Assembly,TRUE,1139.33,1187.6,48.27,48.2,,48.27,,0,
VEH-0286,27,Final Assembly,TRUE,1251.84,1289.47,37.63,38,46.25,37.63,,0,
VEH-0286,28,Final Assembly,FALSE,1289.47,1338.2,,50.6,,48.73,,0,
VEH-0286,29,Final Assembly,TRUE,1338.2,1389.9,51.7,53.7,45.02,51.7,,0,
VEH-0286,30,Final Assembly,TRUE,1389.9,1425.17,35.27,31.9,,35.27,,0,
VEH-0286,31,Final Assembly,TRUE,1425.17,1482.95,57.78,54.3,,57.78,,0,
VEH-0286,33,Final Assembly,TRUE,1521.77,1552.13,30.36,32.6,45.22,30.36,,0,
VEH-0286,34,Final Assembly,TRUE,1552.13,1622.92,70.79,68,,70.79,,0,
VEH-0286,35,Final Assembly,TRUE,1622.92,1698.67,75.75,68.6,,75.75,,0,
VEH-0286,36,Final Assembly,TRUE,1698.67,1755.72,57.05,62.3,46.1,57.05,,0,
VEH-0286,37,Final Assembly,TRUE,1755.72,1800.17,44.45,42.2,,44.45,,0,
VEH-0286,38,Final Assembly,TRUE,1800.17,1834.84,34.67,33.9,,34.67,,0,
VEH-0286,39,Final Assembly,FALSE,1834.84,1888.36,,57.4,,53.52,,0,
VEH-0286,40,Final Assembly,TRUE,1888.36,1936.56,48.2,47.6,,48.2,,0,
VEH-0287,1,Body,FALSE,0,48.4,,45,,48.4,,0,
VEH-0287,2,Body,FALSE,48.4,117.3,,68,,68.9,,0,
VEH-0287,3,Body,FALSE,117.3,173.05,,59.3,,55.75,,0,
VEH-0287,4,Body,TRUE,173.05,229.7,56.65,53.9,,56.65,,0,
VEH-0287,5,Body,TRUE,229.7,268.13,38.43,36.2,,38.43,PASS,0,
VEH-0287,6,Body,FALSE,268.13,304.52,,36.2,,36.39,,0,
VEH-0287,7,Body,FALSE,304.52,340.1,,32.3,,35.58,,0,
VEH-0287,8,Body,FALSE,340.1,421.57,,64.6,,81.47,,0,
VEH-0287,9,Body,FALSE,421.57,477.41,,54,,55.84,PASS,0,
VEH-0287,10,Body,TRUE,477.41,533.36,55.95,58.3,,55.95,,0,
VEH-0287,12,Body,TRUE,565.13,634.68,69.55,68.8,,69.55,,0,
VEH-0287,14,Body,TRUE,699.63,738.38,38.75,38.5,43.77,38.75,,0,
VEH-0287,16,Paint,FALSE,771.69,810.85,,37.3,,39.16,,0,
VEH-0287,17,Paint,TRUE,810.85,849.88,39.03,42.2,,39.03,,0,
VEH-0287,18,Paint,FALSE,849.88,901.15,,51,,51.27,,0,
VEH-0287,19,Paint,TRUE,901.15,949.24,48.09,47.3,45.49,48.09,,0,
VEH-0287,20,Paint,TRUE,949.24,990.25,41.01,41.6,,41.01,,0,
VEH-0287,21,Paint,TRUE,990.25,1045.49,55.24,54.5,,55.24,,0,
VEH-0287,23,Final Assembly,TRUE,1081.93,1125.17,43.24,41.7,,43.24,,0,
VEH-0287,24,Final Assembly,TRUE,1125.17,1173.75,48.58,44.7,,48.58,,0,
VEH-0287,25,Final Assembly,TRUE,1173.75,1222.51,48.76,48.2,,48.76,,0,
VEH-0287,27,Final Assembly,TRUE,1284.11,1320.39,36.28,38,45.65,36.28,,0,
VEH-0287,28,Final Assembly,FALSE,1320.39,1372.68,,50.6,,52.29,,0,
VEH-0287,29,Final Assembly,TRUE,1372.68,1425.86,53.18,53.7,45.82,53.18,,0,
VEH-0287,30,Final Assembly,TRUE,1425.86,1457.29,31.43,31.9,,31.43,,0,
VEH-0287,31,Final Assembly,TRUE,1457.29,1513.41,56.12,54.3,,56.12,,0,
VEH-0287,32,Final Assembly,TRUE,1513.41,1551.89,38.48,36.8,,38.48,PASS,0,
VEH-0287,33,Final Assembly,TRUE,1551.89,1585.95,34.06,32.6,45.18,34.06,,0,
VEH-0287,34,Final Assembly,TRUE,1585.95,1650.41,64.46,68,,64.46,,0,
VEH-0287,35,Final Assembly,TRUE,1650.41,1716.91,66.5,68.6,,66.5,,0,
VEH-0287,36,Final Assembly,TRUE,1716.91,1781.07,64.16,62.3,48.67,64.16,,0,
VEH-0287,37,Final Assembly,TRUE,1781.07,1822.55,41.48,42.2,,41.48,,0,
VEH-0287,38,Final Assembly,TRUE,1822.55,1857.22,34.67,33.9,,34.67,,0,
VEH-0287,39,Final Assembly,FALSE,1857.22,1913.02,,57.4,,55.8,,0,
VEH-0287,40,Final Assembly,TRUE,1913.02,1958.3,45.28,47.6,,45.28,,0,
VEH-0288,1,Body,FALSE,0,43.48,,45,,43.48,,0,
VEH-0288,2,Body,FALSE,43.48,109.09,,68,,65.61,,0,
VEH-0288,3,Body,FALSE,109.09,178.92,,59.3,,69.83,,0,
VEH-0288,4,Body,TRUE,178.92,234.37,55.45,53.9,,55.45,,0,
VEH-0288,5,Body,TRUE,234.37,270.06,35.69,36.2,,35.69,PASS,0,
VEH-0288,6,Body,FALSE,270.06,307.89,,36.2,,37.83,,0,
VEH-0288,7,Body,FALSE,307.89,339.72,,32.3,,31.83,,0,
VEH-0288,8,Body,FALSE,339.72,416.86,,64.6,,77.14,,0,
VEH-0288,10,Body,TRUE,471.67,531.46,59.79,58.3,,59.79,,0,
VEH-0288,11,Body,TRUE,531.46,563.69,32.23,30.8,,32.23,PASS,0,
VEH-0288,12,Body,TRUE,563.69,637.39,73.7,68.8,,73.7,,0,
VEH-0288,14,Body,TRUE,704.45,744.8,40.35,38.5,46.78,40.35,,0,
VEH-0288,16,Paint,FALSE,783.42,817.77,,37.3,,34.35,,0,
VEH-0288,17,Paint,TRUE,817.77,861.02,43.25,42.2,,43.25,,0,
VEH-0288,18,Paint,FALSE,861.02,915.53,,51,,54.51,,0,
VEH-0288,19,Paint,TRUE,915.53,960.94,45.41,47.3,44.41,45.41,,0,
VEH-0288,20,Paint,TRUE,960.94,1002.41,41.47,41.6,,41.47,,0,
VEH-0288,21,Paint,TRUE,1002.41,1057.43,55.02,54.5,,55.02,,0,
VEH-0288,23,Final Assembly,TRUE,1092.04,1133.86,41.82,41.7,,41.82,,0,
VEH-0288,24,Final Assembly,TRUE,1133.86,1179.71,45.85,44.7,,45.85,,0,
VEH-0288,25,Final Assembly,TRUE,1179.71,1223.07,43.36,48.2,,43.36,,0,
VEH-0288,26,Final Assembly,TRUE,1223.07,1284.7,61.63,61.4,,61.63,PASS,0,
VEH-0288,27,Final Assembly,TRUE,1284.7,1321.97,37.27,38,42.44,37.27,,0,
VEH-0288,28,Final Assembly,FALSE,1321.97,1374,,50.6,,52.03,,0,
VEH-0288,29,Final Assembly,TRUE,1374,1428.54,54.54,53.7,45.25,54.54,,0,
VEH-0288,30,Final Assembly,TRUE,1428.54,1461.41,32.87,31.9,,32.87,,0,
VEH-0288,31,Final Assembly,TRUE,1461.41,1516.58,55.17,54.3,,55.17,,0,
VEH-0288,32,Final Assembly,TRUE,1516.58,1552.02,35.44,36.8,,35.44,PASS,0,
VEH-0288,33,Final Assembly,TRUE,1552.02,1585.8,33.78,32.6,46.34,33.78,,0,
VEH-0288,34,Final Assembly,TRUE,1585.8,1650.11,64.31,68,,64.31,,0,
VEH-0288,35,Final Assembly,TRUE,1650.11,1721.73,71.62,68.6,,71.62,,0,
VEH-0288,36,Final Assembly,TRUE,1721.73,1783.15,61.42,62.3,45.92,61.42,,0,
VEH-0288,37,Final Assembly,TRUE,1783.15,1825.67,42.52,42.2,,42.52,,0,
VEH-0288,38,Final Assembly,TRUE,1825.67,1859.28,33.61,33.9,,33.61,,0,
VEH-0288,39,Final Assembly,FALSE,1859.28,1918.23,,57.4,,58.95,,0,
VEH-0288,40,Final Assembly,TRUE,1918.23,1965.04,46.81,47.6,,46.81,,0,
VEH-0289,1,Body,FALSE,0,44.57,,45,,44.57,,0,
VEH-0289,2,Body,FALSE,44.57,112.06,,68,,67.49,,0,
VEH-0289,3,Body,FALSE,112.06,169.05,,59.3,,56.99,,0,
VEH-0289,4,Body,TRUE,169.05,223.34,54.29,53.9,,54.29,,0,
VEH-0289,5,Body,TRUE,223.34,261.49,38.15,36.2,,38.15,PASS,0,
VEH-0289,6,Body,FALSE,261.49,298.26,,36.2,,36.77,,0,
VEH-0289,7,Body,FALSE,298.26,328.77,,32.3,,30.51,,0,
VEH-0289,8,Body,FALSE,328.77,406.47,,64.6,,77.7,,0,
VEH-0289,10,Body,TRUE,458.98,517.43,58.45,58.3,,58.45,,0,
VEH-0289,12,Body,TRUE,550.28,618.57,68.29,68.8,,68.29,,0,
VEH-0289,13,Body,TRUE,618.57,681.59,63.02,63.3,47.67,63.02,PASS,0,
VEH-0289,14,Body,TRUE,681.59,721.78,40.19,38.5,45.86,40.19,,0,
VEH-0289,15,Body,FALSE,721.78,762.72,,37.3,,40.94,PASS,0,
VEH-0289,16,Paint,FALSE,762.72,800.93,,37.3,,38.21,,0,
VEH-0289,17,Paint,TRUE,800.93,838.94,38.01,42.2,,38.01,,0,
VEH-0289,18,Paint,FALSE,838.94,892.06,,51,,53.12,,0,
VEH-0289,19,Paint,TRUE,892.06,935.6,43.54,47.3,45.68,43.54,,0,
VEH-0289,20,Paint,TRUE,935.6,973.64,38.04,41.6,,38.04,,0,
VEH-0289,21,Paint,TRUE,973.64,1026.87,53.23,54.5,,53.23,,0,
VEH-0289,22,Paint,TRUE,1026.87,1061.82,34.95,35.6,,34.95,PASS,0,
VEH-0289,23,Final Assembly,TRUE,1061.82,1101.91,40.09,41.7,,40.09,,0,
VEH-0289,24,Final Assembly,TRUE,1101.91,1145.83,43.92,44.7,,43.92,,0,
VEH-0289,25,Final Assembly,TRUE,1145.83,1196.52,50.69,48.2,,50.69,,0,
VEH-0289,26,Final Assembly,TRUE,1196.52,1255.73,59.21,61.4,,59.21,PASS,0,
VEH-0289,27,Final Assembly,TRUE,1255.73,1294.77,39.04,38,43.55,39.04,,0,
VEH-0289,28,Final Assembly,FALSE,1294.77,1344.89,,50.6,,50.12,,0,
VEH-0289,29,Final Assembly,TRUE,1344.89,1399.46,54.57,53.7,43.51,54.57,,0,
VEH-0289,30,Final Assembly,TRUE,1399.46,1429.27,29.81,31.9,,29.81,,0,
VEH-0289,31,Final Assembly,TRUE,1429.27,1484.9,55.63,54.3,,55.63,,0,
VEH-0289,32,Final Assembly,TRUE,1484.9,1523.77,38.87,36.8,,38.87,PASS,0,
VEH-0289,33,Final Assembly,TRUE,1523.77,1556.24,32.47,32.6,44.31,32.47,,0,
VEH-0289,34,Final Assembly,TRUE,1556.24,1624.77,68.53,68,,68.53,,0,
VEH-0289,35,Final Assembly,TRUE,1624.77,1693.56,68.79,68.6,,68.79,,0,
VEH-0289,36,Final Assembly,TRUE,1693.56,1756.62,63.06,62.3,41.21,63.06,,0,
VEH-0289,37,Final Assembly,TRUE,1756.62,1796.56,39.94,42.2,,39.94,,0,
VEH-0289,38,Final Assembly,TRUE,1796.56,1829.02,32.46,33.9,,32.46,,0,
VEH-0289,39,Final Assembly,FALSE,1829.02,1886.85,,57.4,,57.83,,0,
VEH-0289,40,Final Assembly,TRUE,1886.85,1934.89,48.04,47.6,,48.04,,0,
VEH-0290,1,Body,FALSE,0,46.43,,45,,46.43,,0,
VEH-0290,2,Body,FALSE,46.43,115.8,,68,,69.37,,0,
VEH-0290,3,Body,FALSE,115.8,177.02,,59.3,,61.22,,0,
VEH-0290,4,Body,TRUE,177.02,230.82,53.8,53.9,,53.8,,0,
VEH-0290,5,Body,TRUE,230.82,269.29,38.47,36.2,,38.47,PASS,0,
VEH-0290,6,Body,FALSE,269.29,304.46,,36.2,,35.17,,0,
VEH-0290,7,Body,FALSE,304.46,338.31,,32.3,,33.85,,0,
VEH-0290,8,Body,FALSE,338.31,422.26,,64.6,,83.95,,0,
VEH-0290,9,Body,FALSE,422.26,474.06,,54,,51.8,PASS,0,
VEH-0290,10,Body,TRUE,474.06,533.35,59.29,58.3,,59.29,,0,
VEH-0290,11,Body,TRUE,533.35,564.79,31.44,30.8,,31.44,PASS,0,
VEH-0290,12,Body,TRUE,564.79,629.89,65.1,68.8,,65.1,,0,
VEH-0290,14,Body,TRUE,688.85,727.25,38.4,38.5,45.63,38.4,,0,
VEH-0290,16,Paint,FALSE,763.86,804.75,,37.3,,40.89,,0,
VEH-0290,17,Paint,TRUE,804.75,849.12,44.37,42.2,,44.37,,0,
VEH-0290,18,Paint,FALSE,849.12,901.27,,51,,52.15,,0,
VEH-0290,19,Paint,TRUE,901.27,947.55,46.28,47.3,45.1,46.28,,0,
VEH-0290,20,Paint,TRUE,947.55,991.44,43.89,41.6,,43.89,,0,
VEH-0290,21,Paint,TRUE,991.44,1048.45,57.01,54.5,,57.01,,0,
VEH-0290,22,Paint,TRUE,1048.45,1085.67,37.22,35.6,,37.22,PASS,0,
VEH-0290,23,Final Assembly,TRUE,1085.67,1126.74,41.07,41.7,,41.07,,0,
VEH-0290,24,Final Assembly,TRUE,1126.74,1170.27,43.53,44.7,,43.53,,0,
VEH-0290,25,Final Assembly,TRUE,1170.27,1215.03,44.76,48.2,,44.76,,0,
VEH-0290,27,Final Assembly,TRUE,1278.05,1313.16,35.11,38,44.98,35.11,,0,
VEH-0290,28,Final Assembly,FALSE,1313.16,1362.7,,50.6,,49.54,,0,
VEH-0290,29,Final Assembly,TRUE,1362.7,1417,54.3,53.7,46.75,54.3,,0,
VEH-0290,30,Final Assembly,TRUE,1417,1451.05,34.05,31.9,,34.05,,0,
VEH-0290,31,Final Assembly,TRUE,1451.05,1507.25,56.2,54.3,,56.2,,0,
VEH-0290,33,Final Assembly,TRUE,1542.64,1575.2,32.56,32.6,43.69,32.56,,0,
VEH-0290,34,Final Assembly,TRUE,1575.2,1640.98,65.78,68,,65.78,,0,
VEH-0290,35,Final Assembly,TRUE,1640.98,1711.23,70.25,68.6,,70.25,,0,
VEH-0290,36,Final Assembly,TRUE,1711.23,1770.49,59.26,62.3,44.32,59.26,,0,
VEH-0290,37,Final Assembly,TRUE,1770.49,1810.43,39.94,42.2,,39.94,,0,
VEH-0290,38,Final Assembly,TRUE,1810.43,1845.45,35.02,33.9,,35.02,,0,
VEH-0290,39,Final Assembly,FALSE,1845.45,1901.82,,57.4,,56.37,,0,
VEH-0290,40,Final Assembly,TRUE,1901.82,1944.15,42.33,47.6,,42.33,,0,
VEH-0291,1,Body,FALSE,0,42.03,,45,,42.03,,0,
VEH-0291,2,Body,FALSE,42.03,113.38,,68,,71.35,,0,
VEH-0291,3,Body,FALSE,113.38,173.04,,59.3,,59.66,,0,
VEH-0291,4,Body,TRUE,173.04,227.52,54.48,53.9,,54.48,,0,
VEH-0291,5,Body,TRUE,227.52,262.23,34.71,36.2,,34.71,PASS,0,
VEH-0291,6,Body,FALSE,262.23,295.78,,36.2,,33.55,,0,
VEH-0291,7,Body,FALSE,295.78,329.63,,32.3,,33.85,,0,
VEH-0291,8,Body,FALSE,329.63,408.58,,64.6,,78.95,,0,
VEH-0291,10,Body,TRUE,465.03,522.2,57.17,58.3,,57.17,,0,
VEH-0291,11,Body,TRUE,522.2,552.64,30.44,30.8,,30.44,PASS,0,
VEH-0291,12,Body,TRUE,552.64,623.89,71.25,68.8,,71.25,,0,
VEH-0291,14,Body,TRUE,689.51,727.44,37.93,38.5,45.92,37.93,,0,
VEH-0291,16,Paint,FALSE,766.8,803.91,,37.3,,37.11,,0,
VEH-0291,17,Paint,TRUE,803.91,845.03,41.12,42.2,,41.12,,0,
VEH-0291,18,Paint,FALSE,845.03,899.45,,51,,54.42,,0,
VEH-0291,19,Paint,TRUE,899.45,945.21,45.76,47.3,45.94,45.76,,0,
VEH-0291,20,Paint,TRUE,945.21,986.69,41.48,41.6,,41.48,,0,
VEH-0291,21,Paint,TRUE,986.69,1036.16,49.47,54.5,,49.47,,0,
VEH-0291,23,Final Assembly,TRUE,1073.77,1109.71,35.94,41.7,,35.94,,0,
VEH-0291,24,Final Assembly,TRUE,1109.71,1149.97,40.26,44.7,,40.26,,0,
VEH-0291,25,Final Assembly,TRUE,1149.97,1199.44,49.47,48.2,,49.47,,0,
VEH-0291,26,Final Assembly,TRUE,1199.44,1262.46,63.02,61.4,,63.02,PASS,0,
VEH-0291,27,Final Assembly,TRUE,1262.46,1299.25,36.79,38,45.22,36.79,,0,
VEH-0291,28,Final Assembly,FALSE,1299.25,1343.45,,50.6,,44.2,,0,
VEH-0291,29,Final Assembly,TRUE,1343.45,1399.05,55.6,53.7,45.37,55.6,,0,
VEH-0291,30,Final Assembly,TRUE,1399.05,1430.88,31.83,31.9,,31.83,,0,
VEH-0291,31,Final Assembly,TRUE,1430.88,1485.24,54.36,54.3,,54.36,,0,
VEH-0291,33,Final Assembly,TRUE,1522.95,1555.5,32.55,32.6,42.19,32.55,,0,
VEH-0291,34,Final Assembly,TRUE,1555.5,1630.97,75.47,68,,75.47,,0,
VEH-0291,35,Final Assembly,TRUE,1630.97,1703.69,72.72,68.6,,72.72,,0,
VEH-0291,36,Final Assembly,TRUE,1703.69,1761.98,58.29,62.3,44.48,58.29,,0,
VEH-0291,37,Final Assembly,TRUE,1761.98,1803.68,41.7,42.2,,41.7,,0,
VEH-0291,38,Final Assembly,TRUE,1803.68,1839.41,35.73,33.9,,35.73,,0,
VEH-0291,39,Final Assembly,FALSE,1839.41,1890.61,,57.4,,51.2,,0,
VEH-0291,40,Final Assembly,TRUE,1890.61,1937.02,46.41,47.6,,46.41,,0,
VEH-0292,1,Body,FALSE,0,41.04,,45,,41.04,,0,
VEH-0292,2,Body,FALSE,41.04,112.91,,68,,71.87,,0,
VEH-0292,3,Body,FALSE,112.91,167.14,,59.3,,54.23,,0,
VEH-0292,4,Body,TRUE,167.14,219.73,52.59,53.9,,52.59,,0,
VEH-0292,5,Body,TRUE,219.73,258.45,38.72,36.2,,38.72,PASS,0,
VEH-0292,6,Body,FALSE,258.45,290.61,,36.2,,32.16,,0,
VEH-0292,7,Body,FALSE,290.61,322.77,,32.3,,32.16,,0,
VEH-0292,8,Body,FALSE,322.77,400.69,,64.6,,77.92,,0,
VEH-0292,10,Body,TRUE,454.61,513.95,59.34,58.3,,59.34,,0,
VEH-0292,11,Body,TRUE,513.95,544.77,30.82,30.8,,30.82,PASS,0,
VEH-0292,12,Body,TRUE,544.77,608.96,64.19,68.8,,64.19,,0,
VEH-0292,13,Body,TRUE,608.96,672.57,63.61,63.3,44.97,63.61,PASS,0,
VEH-0292,14,Body,TRUE,672.57,710.95,38.38,38.5,48.13,38.38,,0,
VEH-0292,16,Paint,FALSE,750.74,791.44,,37.3,,40.7,,0,
VEH-0292,17,Paint,TRUE,791.44,834.37,42.93,42.2,,42.93,,0,
VEH-0292,18,Paint,FALSE,834.37,889.92,,51,,55.55,,0,
VEH-0292,19,Paint,TRUE,889.92,935.2,45.28,47.3,44.46,45.28,,0,
VEH-0292,20,Paint,TRUE,935.2,975.59,40.39,41.6,,40.39,,0,
VEH-0292,21,Paint,TRUE,975.59,1028.74,53.15,54.5,,53.15,,0,
VEH-0292,23,Final Assembly,TRUE,1064.41,1106.54,42.13,41.7,,42.13,,0,
VEH-0292,24,Final Assembly,TRUE,1106.54,1152.21,45.67,44.7,,45.67,,0,
VEH-0292,25,Final Assembly,TRUE,1152.21,1204.61,52.4,48.2,,52.4,,0,
VEH-0292,26,Final Assembly,TRUE,1204.61,1261.33,56.72,61.4,,56.72,PASS,0,
VEH-0292,27,Final Assembly,TRUE,1261.33,1297.04,35.71,38,41.34,35.71,,0,
VEH-0292,28,Final Assembly,FALSE,1297.04,1345.51,,50.6,,48.47,,0,
VEH-0292,29,Final Assembly,TRUE,1345.51,1398.02,52.51,53.7,43.95,52.51,,0,
VEH-0292,30,Final Assembly,TRUE,1398.02,1428.11,30.09,31.9,,30.09,,0,
VEH-0292,31,Final Assembly,TRUE,1428.11,1482.65,54.54,54.3,,54.54,,0,
VEH-0292,33,Final Assembly,TRUE,1518.74,1549.9,31.16,32.6,45.23,31.16,,0,
VEH-0292,34,Final Assembly,TRUE,1549.9,1615.95,66.05,68,,66.05,,0,
VEH-0292,35,Final Assembly,TRUE,1615.95,1688.52,72.57,68.6,,72.57,,0,
VEH-0292,36,Final Assembly,TRUE,1688.52,1750.31,61.79,62.3,44.48,61.79,,0,
VEH-0292,37,Final Assembly,TRUE,1750.31,1793.06,42.75,42.2,,42.75,,0,
VEH-0292,38,Final Assembly,TRUE,1793.06,1823.55,30.49,33.9,,30.49,,0,
VEH-0292,39,Final Assembly,FALSE,1823.55,1884.43,,57.4,,60.88,,0,
VEH-0292,40,Final Assembly,TRUE,1884.43,1933.9,49.47,47.6,,49.47,,0,
VEH-0293,1,Body,FALSE,0,46.17,,45,,46.17,,0,
VEH-0293,2,Body,FALSE,46.17,115.54,,68,,69.37,,0,
VEH-0293,3,Body,FALSE,115.54,180.16,,59.3,,64.62,,0,
VEH-0293,4,Body,TRUE,180.16,231.76,51.6,53.9,,51.6,,0,
VEH-0293,5,Body,TRUE,231.76,268.04,36.28,36.2,,36.28,PASS,0,
VEH-0293,6,Body,FALSE,268.04,302.97,,36.2,,34.93,,0,
VEH-0293,7,Body,FALSE,302.97,332.79,,32.3,,29.82,,0,
VEH-0293,8,Body,FALSE,332.79,414.46,,64.6,,81.67,,0,
VEH-0293,10,Body,TRUE,469.71,528.84,59.13,58.3,,59.13,,0,
VEH-0293,12,Body,TRUE,560.3,626.74,66.44,68.8,,66.44,,0,
VEH-0293,13,Body,TRUE,626.74,686.85,60.11,63.3,45.06,60.11,PASS,0,
VEH-0293,14,Body,TRUE,686.85,727.59,40.74,38.5,47.41,40.74,,0,
VEH-0293,15,Body,FALSE,727.59,766.37,,37.3,,38.78,PASS,0,
VEH-0293,16,Paint,FALSE,766.37,803.72,,37.3,,37.35,,0,
VEH-0293,17,Paint,TRUE,803.72,846.49,42.77,42.2,,42.77,,0,
VEH-0293,18,Paint,FALSE,846.49,897.52,,51,,51.03,,0,
VEH-0293,19,Paint,TRUE,897.52,942.4,44.88,47.3,45.04,44.88,,0,
VEH-0293,20,Paint,TRUE,942.4,981.22,38.82,41.6,,38.82,,0,
VEH-0293,21,Paint,TRUE,981.22,1035.38,54.16,54.5,,54.16,,0,
VEH-0293,22,Paint,TRUE,1035.38,1073.89,38.51,35.6,,38.51,PASS,0,
VEH-0293,23,Final Assembly,TRUE,1073.89,1117.31,43.42,41.7,,43.42,,0,
VEH-0293,24,Final Assembly,TRUE,1117.31,1159.94,42.63,44.7,,42.63,,0,
VEH-0293,25,Final Assembly,TRUE,1159.94,1207.97,48.03,48.2,,48.03,,0,
VEH-0293,26,Final Assembly,TRUE,1207.97,1266.81,58.84,61.4,,58.84,PASS,0,
VEH-0293,27,Final Assembly,TRUE,1266.81,1304.69,37.88,38,46.56,37.88,,0,
VEH-0293,28,Final Assembly,FALSE,1304.69,1356.94,,50.6,,52.25,,0,
VEH-0293,29,Final Assembly,TRUE,1356.94,1417.32,60.38,53.7,46.79,60.38,,0,
VEH-0293,30,Final Assembly,TRUE,1417.32,1449.54,32.22,31.9,,32.22,,0,
VEH-0293,31,Final Assembly,TRUE,1449.54,1505.68,56.14,54.3,,56.14,,0,
VEH-0293,32,Final Assembly,TRUE,1505.68,1542.11,36.43,36.8,,36.43,PASS,0,
VEH-0293,33,Final Assembly,TRUE,1542.11,1572.87,30.76,32.6,46.96,30.76,,0,
VEH-0293,34,Final Assembly,TRUE,1572.87,1644.3,71.43,68,,71.43,,0,
VEH-0293,35,Final Assembly,TRUE,1644.3,1712.07,67.77,68.6,,67.77,,0,
VEH-0293,36,Final Assembly,TRUE,1712.07,1775.22,63.15,62.3,46.86,63.15,,0,
VEH-0293,37,Final Assembly,TRUE,1775.22,1819.21,43.99,42.2,,43.99,,0,
VEH-0293,38,Final Assembly,TRUE,1819.21,1850.62,31.41,33.9,,31.41,,0,
VEH-0293,39,Final Assembly,FALSE,1850.62,1908.72,,57.4,,58.1,,0,
VEH-0293,40,Final Assembly,TRUE,1908.72,1955.92,47.2,47.6,,47.2,,0,
VEH-0294,1,Body,FALSE,0,47.5,,45,,47.5,,0,
VEH-0294,2,Body,FALSE,47.5,111.56,,68,,64.06,,0,
VEH-0294,3,Body,FALSE,111.56,170.29,,59.3,,58.73,,0,
VEH-0294,4,Body,TRUE,170.29,223.71,53.42,53.9,,53.42,,0,
VEH-0294,5,Body,TRUE,223.71,262.4,38.69,36.2,,38.69,PASS,0,
VEH-0294,6,Body,FALSE,262.4,298.95,,36.2,,36.55,,0,
VEH-0294,7,Body,FALSE,298.95,330.64,,32.3,,31.69,,0,
VEH-0294,8,Body,FALSE,330.64,408.98,,64.6,,78.34,,0,
VEH-0294,9,Body,FALSE,408.98,462.8,,54,,53.82,PASS,0,
VEH-0294,10,Body,TRUE,462.8,520.99,58.19,58.3,,58.19,,0,
VEH-0294,11,Body,TRUE,520.99,553.22,32.23,30.8,,32.23,PASS,0,
VEH-0294,12,Body,TRUE,553.22,625.39,72.17,68.8,,72.17,,0,
VEH-0294,14,Body,TRUE,685.55,725.5,39.95,38.5,44.92,39.95,,0,
VEH-0294,15,Body,FALSE,725.5,760.06,,37.3,,34.56,PASS,0,
VEH-0294,16,Paint,FALSE,760.06,797.76,,37.3,,37.7,,0,
VEH-0294,17,Paint,TRUE,797.76,839.21,41.45,42.2,,41.45,,0,
VEH-0294,18,Paint,FALSE,839.21,891.62,,51,,52.41,,0,
VEH-0294,19,Paint,TRUE,891.62,940.45,48.83,47.3,46.98,48.83,,0,
VEH-0294,20,Paint,TRUE,940.45,979.84,39.39,41.6,,39.39,,0,
VEH-0294,21,Paint,TRUE,979.84,1040.18,60.34,54.5,,60.34,,0,
VEH-0294,23,Final Assembly,TRUE,1077.37,1120.56,43.19,41.7,,43.19,,0,
VEH-0294,24,Final Assembly,TRUE,1120.56,1169.55,48.99,44.7,,48.99,,0,
VEH-0294,25,Final Assembly,TRUE,1169.55,1218.52,48.97,48.2,,48.97,,0,
VEH-0294,27,Final Assembly,TRUE,1283.09,1321.41,38.32,38,46.26,38.32,,0,
VEH-0294,28,Final Assembly,FALSE,1321.41,1374.95,,50.6,,53.54,,0,
VEH-0294,29,Final Assembly,TRUE,1374.95,1431.5,56.55,53.7,42.73,56.55,,0,
VEH-0294,30,Final Assembly,TRUE,1431.5,1462.74,31.24,31.9,,31.24,,0,
VEH-0294,31,Final Assembly,TRUE,1462.74,1520.22,57.48,54.3,,57.48,,0,
VEH-0294,33,Final Assembly,TRUE,1557.94,1590.46,32.52,32.6,45.76,32.52,,0,
VEH-0294,34,Final Assembly,TRUE,1590.46,1654.71,64.25,68,,64.25,,0,
VEH-0294,35,Final Assembly,TRUE,1654.71,1726.01,71.3,68.6,,71.3,,0,
VEH-0294,36,Final Assembly,TRUE,1726.01,1789.47,63.46,62.3,45.13,63.46,,0,
VEH-0294,37,Final Assembly,TRUE,1789.47,1831.29,41.82,42.2,,41.82,,0,
VEH-0294,38,Final Assembly,TRUE,1831.29,1865.58,34.29,33.9,,34.29,,0,
VEH-0294,39,Final Assembly,FALSE,1865.58,1922.19,,57.4,,56.61,,0,
VEH-0294,40,Final Assembly,TRUE,1922.19,1969.02,46.83,47.6,,46.83,,0,
VEH-0295,1,Body,FALSE,0,47.5,,45,,47.5,,0,
VEH-0295,2,Body,FALSE,47.5,118.41,,68,,70.91,,0,
VEH-0295,3,Body,FALSE,118.41,176.01,,59.3,,57.6,,0,
VEH-0295,4,Body,TRUE,176.01,233.36,57.35,53.9,,57.35,,0,
VEH-0295,5,Body,TRUE,233.36,272.18,38.82,36.2,,38.82,PASS,0,
VEH-0295,6,Body,FALSE,272.18,308.18,,36.2,,36,,0,
VEH-0295,7,Body,FALSE,308.18,339.75,,32.3,,31.57,,0,
VEH-0295,8,Body,FALSE,339.75,425.86,,64.6,,86.11,,0,
VEH-0295,10,Body,TRUE,481.81,540.86,59.05,58.3,,59.05,,0,
VEH-0295,12,Body,TRUE,573.76,643.6,69.84,68.8,,69.84,,0,
VEH-0295,14,Body,TRUE,705.3,745.8,40.5,38.5,42.01,40.5,,0,
VEH-0295,15,Body,FALSE,745.8,782.56,,37.3,,36.76,PASS,0,
VEH-0295,16,Paint,FALSE,782.56,822.43,,37.3,,39.87,,0,
VEH-0295,17,Paint,TRUE,822.43,863.55,41.12,42.2,,41.12,,0,
VEH-0295,18,Paint,FALSE,863.55,918.49,,51,,54.94,,0,
VEH-0295,19,Paint,TRUE,918.49,969.13,50.64,47.3,44.9,50.64,,0,
VEH-0295,20,Paint,TRUE,969.13,1009.55,40.42,41.6,,40.42,,0,
VEH-0295,21,Paint,TRUE,1009.55,1063.27,53.72,54.5,,53.72,,0,
VEH-0295,22,Paint,TRUE,1063.27,1103.61,40.34,35.6,,40.34,PASS,0,
VEH-0295,23,Final Assembly,TRUE,1103.61,1149.23,45.62,41.7,,45.62,,0,
VEH-0295,24,Final Assembly,TRUE,1149.23,1194.21,44.98,44.7,,44.98,,0,
VEH-0295,25,Final Assembly,TRUE,1194.21,1240.94,46.73,48.2,,46.73,,0,
VEH-0295,26,Final Assembly,TRUE,1240.94,1302.7,61.76,61.4,,61.76,PASS,0,
VEH-0295,27,Final Assembly,TRUE,1302.7,1341.16,38.46,38,43.13,38.46,,0,
VEH-0295,28,Final Assembly,FALSE,1341.16,1391.96,,50.6,,50.8,,0,
VEH-0295,29,Final Assembly,TRUE,1391.96,1449.22,57.26,53.7,42.3,57.26,,0,
VEH-0295,30,Final Assembly,TRUE,1449.22,1482.43,33.21,31.9,,33.21,,0,
VEH-0295,31,Final Assembly,TRUE,1482.43,1540.46,58.03,54.3,,58.03,,0,
VEH-0295,33,Final Assembly,TRUE,1576.23,1611.59,35.36,32.6,43.96,35.36,,0,
VEH-0295,34,Final Assembly,TRUE,1611.59,1681.09,69.5,68,,69.5,,0,
VEH-0295,35,Final Assembly,TRUE,1681.09,1748.64,67.55,68.6,,67.55,,0,
VEH-0295,36,Final Assembly,TRUE,1748.64,1809.98,61.34,62.3,44.07,61.34,,0,
VEH-0295,37,Final Assembly,TRUE,1809.98,1853.65,43.67,42.2,,43.67,,0,
VEH-0295,38,Final Assembly,TRUE,1853.65,1888.99,35.34,33.9,,35.34,,0,
VEH-0295,39,Final Assembly,FALSE,1888.99,1946.21,,57.4,,57.22,,0,
VEH-0295,40,Final Assembly,TRUE,1946.21,1990.57,44.36,47.6,,44.36,,0,
VEH-0296,1,Body,FALSE,0,45.91,,45,,45.91,,0,
VEH-0296,2,Body,FALSE,45.91,112.82,,68,,66.91,,0,
VEH-0296,3,Body,FALSE,112.82,173.25,,59.3,,60.43,,0,
VEH-0296,4,Body,TRUE,173.25,224.82,51.57,53.9,,51.57,,0,
VEH-0296,5,Body,TRUE,224.82,257.86,33.04,36.2,,33.04,PASS,0,
VEH-0296,6,Body,FALSE,257.86,296.18,,36.2,,38.32,,0,
VEH-0296,7,Body,FALSE,296.18,328.19,,32.3,,32.01,,0,
VEH-0296,8,Body,FALSE,328.19,409.42,,64.6,,81.23,,0,
VEH-0296,10,Body,TRUE,462.59,522.47,59.88,58.3,,59.88,,0,
VEH-0296,12,Body,TRUE,556.85,621.72,64.87,68.8,,64.87,,0,
VEH-0296,14,Body,TRUE,682.55,725.11,42.56,38.5,44.97,42.56,,0,
VEH-0296,16,Paint,FALSE,764.06,796.44,,37.3,,32.38,,0,
VEH-0296,17,Paint,TRUE,796.44,839.43,42.99,42.2,,42.99,,0,
VEH-0296,18,Paint,FALSE,839.43,889.51,,51,,50.08,,0,
VEH-0296,19,Paint,TRUE,889.51,940.09,50.58,47.3,45.99,50.58,,0,
VEH-0296,20,Paint,TRUE,940.09,980.82,40.73,41.6,,40.73,,0,
VEH-0296,21,Paint,TRUE,980.82,1039.63,58.81,54.5,,58.81,,0,
VEH-0296,23,Final Assembly,TRUE,1078.21,1123.06,44.85,41.7,,44.85,,0,
VEH-0296,24,Final Assembly,TRUE,1123.06,1169.47,46.41,44.7,,46.41,,0,
VEH-0296,25,Final Assembly,TRUE,1169.47,1217,47.53,48.2,,47.53,,0,
VEH-0296,26,Final Assembly,TRUE,1217,1279.11,62.11,61.4,,62.11,PASS,0,
VEH-0296,27,Final Assembly,TRUE,1279.11,1316.32,37.21,38,45.33,37.21,,0,
VEH-0296,28,Final Assembly,FALSE,1316.32,1365.42,,50.6,,49.1,,0,
VEH-0296,29,Final Assembly,TRUE,1365.42,1418.66,53.24,53.7,48.22,53.24,,0,
VEH-0296,30,Final Assembly,TRUE,1418.66,1451.05,32.39,31.9,,32.39,,0,
VEH-0296,31,Final Assembly,TRUE,1451.05,1504.19,53.14,54.3,,53.14,,0,
VEH-0296,33,Final Assembly,TRUE,1538.97,1571.41,32.44,32.6,46.12,32.44,,0,
VEH-0296,34,Final Assembly,TRUE,1571.41,1639.87,68.46,68,,68.46,,0,
VEH-0296,35,Final Assembly,TRUE,1639.87,1708.28,68.41,68.6,,68.41,,0,
VEH-0296,36,Final Assembly,TRUE,1708.28,1771.91,63.63,62.3,45.59,63.63,,0,
VEH-0296,37,Final Assembly,TRUE,1771.91,1815.6,43.69,42.2,,43.69,,0,
VEH-0296,38,Final Assembly,TRUE,1815.6,1850.74,35.14,33.9,,35.14,,0,
VEH-0296,39,Final Assembly,FALSE,1850.74,1907.89,,57.4,,57.15,,0,
VEH-0296,40,Final Assembly,TRUE,1907.89,1955.16,47.27,47.6,,47.27,,0,
VEH-0297,1,Body,FALSE,0,45.72,,45,,45.72,,0,
VEH-0297,2,Body,FALSE,45.72,112.6,,68,,66.88,,0,
VEH-0297,3,Body,FALSE,112.6,171.72,,59.3,,59.12,,0,
VEH-0297,4,Body,TRUE,171.72,226.13,54.41,53.9,,54.41,,0,
VEH-0297,5,Body,TRUE,226.13,263.71,37.58,36.2,,37.58,PASS,0,
VEH-0297,6,Body,FALSE,263.71,297.06,,36.2,,33.35,,0,
VEH-0297,7,Body,FALSE,297.06,328.97,,32.3,,31.91,,0,
VEH-0297,8,Body,FALSE,328.97,412.65,,64.6,,83.68,,0,
VEH-0297,10,Body,TRUE,470.47,531.25,60.78,58.3,,60.78,,0,
VEH-0297,12,Body,TRUE,562.88,637.37,74.49,68.8,,74.49,,0,
VEH-0297,13,Body,TRUE,637.37,706.75,69.38,63.3,44.81,69.38,PASS,0,
VEH-0297,14,Body,TRUE,706.75,743.38,36.63,38.5,44.59,36.63,,0,
VEH-0297,16,Paint,FALSE,786.44,820.82,,37.3,,34.38,,0,
VEH-0297,17,Paint,TRUE,820.82,862.03,41.21,42.2,,41.21,,0,
VEH-0297,18,Paint,FALSE,862.03,909.43,,51,,47.4,,0,
VEH-0297,19,Paint,TRUE,909.43,957.02,47.59,47.3,43.2,47.59,,0,
VEH-0297,20,Paint,TRUE,957.02,998.39,41.37,41.6,,41.37,,0,
VEH-0297,21,Paint,TRUE,998.39,1047.57,49.18,54.5,,49.18,,0,
VEH-0297,22,Paint,TRUE,1047.57,1084.27,36.7,35.6,,36.7,PASS,0,
VEH-0297,23,Final Assembly,TRUE,1084.27,1128.52,44.25,41.7,,44.25,,0,
VEH-0297,24,Final Assembly,TRUE,1128.52,1172.36,43.84,44.7,,43.84,,0,
VEH-0297,25,Final Assembly,TRUE,1172.36,1220.23,47.87,48.2,,47.87,,0,
VEH-0297,27,Final Assembly,TRUE,1281.13,1319.47,38.34,38,44.94,38.34,,0,
VEH-0297,28,Final Assembly,FALSE,1319.47,1372.01,,50.6,,52.54,,0,
VEH-0297,29,Final Assembly,TRUE,1372.01,1429.03,57.02,53.7,43.78,57.02,,0,
VEH-0297,30,Final Assembly,TRUE,1429.03,1460.44,31.41,31.9,,31.41,,0,
VEH-0297,31,Final Assembly,TRUE,1460.44,1517.18,56.74,54.3,,56.74,,0,
VEH-0297,33,Final Assembly,TRUE,1551.36,1580.75,29.39,32.6,45.34,29.39,,0,
VEH-0297,34,Final Assembly,TRUE,1580.75,1650.44,69.69,68,,69.69,,0,
VEH-0297,35,Final Assembly,TRUE,1650.44,1716.56,66.12,68.6,,66.12,,0,
VEH-0297,36,Final Assembly,TRUE,1716.56,1777.05,60.49,62.3,43.86,60.49,,0,
VEH-0297,37,Final Assembly,TRUE,1777.05,1817.42,40.37,42.2,,40.37,,0,
VEH-0297,38,Final Assembly,TRUE,1817.42,1852.5,35.08,33.9,,35.08,,0,
VEH-0297,39,Final Assembly,FALSE,1852.5,1906.51,,57.4,,54.01,,0,
VEH-0297,40,Final Assembly,TRUE,1906.51,1953.48,46.97,47.6,,46.97,,0,
VEH-0298,1,Body,FALSE,0,42.96,,45,,42.96,,0,
VEH-0298,2,Body,FALSE,42.96,112.81,,68,,69.85,,0,
VEH-0298,3,Body,FALSE,112.81,173.14,,59.3,,60.33,,0,
VEH-0298,4,Body,TRUE,173.14,229.43,56.29,53.9,,56.29,,0,
VEH-0298,5,Body,TRUE,229.43,267.33,37.9,36.2,,37.9,PASS,0,
VEH-0298,6,Body,FALSE,267.33,300.92,,36.2,,33.59,,0,
VEH-0298,7,Body,FALSE,300.92,335.26,,32.3,,34.34,,0,
VEH-0298,8,Body,FALSE,335.26,415.72,,64.6,,80.46,,0,
VEH-0298,10,Body,TRUE,470.74,530.27,59.53,58.3,,59.53,,0,
VEH-0298,11,Body,TRUE,530.27,557.63,27.36,30.8,,27.36,PASS,0,
VEH-0298,12,Body,TRUE,557.63,625.71,68.08,68.8,,68.08,,0,
VEH-0298,13,Body,TRUE,625.71,685.95,60.24,63.3,43.33,60.24,PASS,0,
VEH-0298,14,Body,TRUE,685.95,723.51,37.56,38.5,46.24,37.56,,0,
VEH-0298,16,Paint,FALSE,761.34,799.45,,37.3,,38.11,,0,
VEH-0298,17,Paint,TRUE,799.45,840.71,41.26,42.2,,41.26,,0,
VEH-0298,18,Paint,FALSE,840.71,892.67,,51,,51.96,,0,
VEH-0298,19,Paint,TRUE,892.67,939.5,46.83,47.3,46.42,46.83,,0,
VEH-0298,20,Paint,TRUE,939.5,982.55,43.05,41.6,,43.05,,0,
VEH-0298,21,Paint,TRUE,982.55,1037.49,54.94,54.5,,54.94,,0,
VEH-0298,22,Paint,TRUE,1037.49,1071.66,34.17,35.6,,34.17,PASS,0,
VEH-0298,23,Final Assembly,TRUE,1071.66,1113.93,42.27,41.7,,42.27,,0,
VEH-0298,24,Final Assembly,TRUE,1113.93,1159.17,45.24,44.7,,45.24,,0,
VEH-0298,25,Final Assembly,TRUE,1159.17,1207.66,48.49,48.2,,48.49,,0,
VEH-0298,27,Final Assembly,TRUE,1267.6,1304.36,36.76,38,45.48,36.76,,0,
VEH-0298,28,Final Assembly,FALSE,1304.36,1352.79,,50.6,,48.43,,0,
VEH-0298,29,Final Assembly,TRUE,1352.79,1405.81,53.02,53.7,45.88,53.02,,0,
VEH-0298,30,Final Assembly,TRUE,1405.81,1438.41,32.6,31.9,,32.6,,0,
VEH-0298,31,Final Assembly,TRUE,1438.41,1489.57,51.16,54.3,,51.16,,0,
VEH-0298,33,Final Assembly,TRUE,1526.92,1562.83,35.91,32.6,46.01,35.91,,0,
VEH-0298,34,Final Assembly,TRUE,1562.83,1629.9,67.07,68,,67.07,,0,
VEH-0298,35,Final Assembly,TRUE,1629.9,1702.98,73.08,68.6,,73.08,,0,
VEH-0298,36,Final Assembly,TRUE,1702.98,1772.14,69.16,62.3,46.3,69.16,,0,
VEH-0298,37,Final Assembly,TRUE,1772.14,1810.69,38.55,42.2,,38.55,,0,
VEH-0298,38,Final Assembly,TRUE,1810.69,1845.64,34.95,33.9,,34.95,,0,
VEH-0298,39,Final Assembly,FALSE,1845.64,1906.91,,57.4,,61.27,,0,
VEH-0298,40,Final Assembly,TRUE,1906.91,1949.6,42.69,47.6,,42.69,,0,
VEH-0299,1,Body,FALSE,0,46.88,,45,,46.88,,0,
VEH-0299,2,Body,FALSE,46.88,118.26,,68,,71.38,,0,
VEH-0299,3,Body,FALSE,118.26,178.92,,59.3,,60.66,,0,
VEH-0299,4,Body,TRUE,178.92,231.76,52.84,53.9,,52.84,,0,
VEH-0299,5,Body,TRUE,231.76,269.58,37.82,36.2,,37.82,PASS,0,
VEH-0299,6,Body,FALSE,269.58,304.57,,36.2,,34.99,,0,
VEH-0299,7,Body,FALSE,304.57,339.69,,32.3,,35.12,,0,
VEH-0299,8,Body,FALSE,339.69,418.23,,64.6,,78.54,,0,
VEH-0299,9,Body,FALSE,418.23,468.07,,54,,49.84,PASS,0,
VEH-0299,10,Body,TRUE,468.07,522.88,54.81,58.3,,54.81,,0,
VEH-0299,11,Body,TRUE,522.88,553.75,30.87,30.8,,30.87,PASS,0,
VEH-0299,12,Body,TRUE,553.75,623.03,69.28,68.8,,69.28,,0,
VEH-0299,14,Body,TRUE,692.57,731.15,38.58,38.5,43.41,38.58,,0,
VEH-0299,16,Paint,FALSE,767.53,807.96,,37.3,,40.43,,0,
VEH-0299,17,Paint,TRUE,807.96,847.76,39.8,42.2,,39.8,,0,
VEH-0299,18,Paint,FALSE,847.76,900.26,,51,,52.5,,0,
VEH-0299,19,Paint,TRUE,900.26,948.49,48.23,47.3,44.96,48.23,,0,
VEH-0299,20,Paint,TRUE,948.49,991.17,42.68,41.6,,42.68,,0,
VEH-0299,21,Paint,TRUE,991.17,1042.5,51.33,54.5,,51.33,,0,
VEH-0299,22,Paint,TRUE,1042.5,1081.05,38.55,35.6,,38.55,PASS,0,
VEH-0299,23,Final Assembly,TRUE,1081.05,1126.77,45.72,41.7,,45.72,,0,
VEH-0299,24,Final Assembly,TRUE,1126.77,1171.58,44.81,44.7,,44.81,,0,
VEH-0299,25,Final Assembly,TRUE,1171.58,1225.62,54.04,48.2,,54.04,,0,
VEH-0299,27,Final Assembly,TRUE,1285.79,1324.55,38.76,38,47.15,38.76,,0,
VEH-0299,28,Final Assembly,FALSE,1324.55,1373.99,,50.6,,49.44,,0,
VEH-0299,29,Final Assembly,TRUE,1373.99,1423.97,49.98,53.7,42.58,49.98,,0,
VEH-0299,30,Final Assembly,TRUE,1423.97,1459.15,35.18,31.9,,35.18,,0,
VEH-0299,31,Final Assembly,TRUE,1459.15,1512.02,52.87,54.3,,52.87,,0,
VEH-0299,32,Final Assembly,TRUE,1512.02,1548.48,36.46,36.8,,36.46,PASS,0,
VEH-0299,33,Final Assembly,TRUE,1548.48,1579.27,30.79,32.6,46.42,30.79,,0,
VEH-0299,34,Final Assembly,TRUE,1579.27,1644.61,65.34,68,,65.34,,0,
VEH-0299,35,Final Assembly,TRUE,1644.61,1711.52,66.91,68.6,,66.91,,0,
VEH-0299,36,Final Assembly,TRUE,1711.52,1774.75,63.23,62.3,43.4,63.23,,0,
VEH-0299,37,Final Assembly,TRUE,1774.75,1816.57,41.82,42.2,,41.82,,0,
VEH-0299,38,Final Assembly,TRUE,1816.57,1852.85,36.28,33.9,,36.28,,0,
VEH-0299,39,Final Assembly,FALSE,1852.85,1911.48,,57.4,,58.63,,0,
VEH-0299,40,Final Assembly,TRUE,1911.48,1959.39,47.91,47.6,,47.91,,0,
VEH-0300,1,Body,FALSE,0,45.48,,45,,45.48,,0,
VEH-0300,2,Body,FALSE,45.48,113.15,,68,,67.67,,0,
VEH-0300,3,Body,FALSE,113.15,175.21,,59.3,,62.06,,0,
VEH-0300,4,Body,TRUE,175.21,225.69,50.48,53.9,,50.48,,0,
VEH-0300,5,Body,TRUE,225.69,261.47,35.78,36.2,,35.78,PASS,0,
VEH-0300,6,Body,FALSE,261.47,298.67,,36.2,,37.2,,0,
VEH-0300,7,Body,FALSE,298.67,329.25,,32.3,,30.58,,0,
VEH-0300,8,Body,FALSE,329.25,396.62,,64.6,,67.37,,0,
VEH-0300,9,Body,FALSE,396.62,454.53,,54,,57.91,PASS,0,
VEH-0300,10,Body,TRUE,454.53,512.77,58.24,58.3,,58.24,,0,
VEH-0300,12,Body,TRUE,541.63,613.6,71.97,68.8,,71.97,,0,
VEH-0300,13,Body,TRUE,613.6,676.24,62.64,63.3,43.45,62.64,PASS,0,
VEH-0300,14,Body,TRUE,676.24,715.45,39.21,38.5,45.08,39.21,,0,
VEH-0300,15,Body,FALSE,715.45,751.61,,37.3,,36.16,PASS,0,
VEH-0300,16,Paint,FALSE,751.61,787.48,,37.3,,35.87,,0,
VEH-0300,17,Paint,TRUE,787.48,827.51,40.03,42.2,,40.03,,0,
VEH-0300,18,Paint,FALSE,827.51,880.39,,51,,52.88,,0,
VEH-0300,19,Paint,TRUE,880.39,924.74,44.35,47.3,43.8,44.35,,0,
VEH-0300,20,Paint,TRUE,924.74,966.55,41.81,41.6,,41.81,,0,
VEH-0300,21,Paint,TRUE,966.55,1025.03,58.48,54.5,,58.48,,0,
VEH-0300,23,Final Assembly,TRUE,1060.87,1103.8,42.93,41.7,,42.93,,0,
VEH-0300,24,Final Assembly,TRUE,1103.8,1148.73,44.93,44.7,,44.93,,0,
VEH-0300,25,Final Assembly,TRUE,1148.73,1199.11,50.38,48.2,,50.38,,0,
VEH-0300,26,Final Assembly,TRUE,1199.11,1266.46,67.35,61.4,,67.35,PASS,0,
VEH-0300,27,Final Assembly,TRUE,1266.46,1303.63,37.17,38,45.02,37.17,,0,
VEH-0300,28,Final Assembly,FALSE,1303.63,1354.67,,50.6,,51.04,,0,
VEH-0300,29,Final Assembly,TRUE,1354.67,1409.8,55.13,53.7,45.2,55.13,,0,
VEH-0300,30,Final Assembly,TRUE,1409.8,1440.84,31.04,31.9,,31.04,,0,
VEH-0300,31,Final Assembly,TRUE,1440.84,1495.12,54.28,54.3,,54.28,,0,
VEH-0300,32,Final Assembly,TRUE,1495.12,1536.39,41.27,36.8,,41.27,PASS,0,
VEH-0300,33,Final Assembly,TRUE,1536.39,1569.5,33.11,32.6,42.13,33.11,,0,
VEH-0300,34,Final Assembly,TRUE,1569.5,1636.16,66.66,68,,66.66,,0,
VEH-0300,35,Final Assembly,TRUE,1636.16,1704.81,68.65,68.6,,68.65,,0,
VEH-0300,36,Final Assembly,TRUE,1704.81,1766.67,61.86,62.3,44.9,61.86,,0,
VEH-0300,37,Final Assembly,TRUE,1766.67,1809.47,42.8,42.2,,42.8,,0,
VEH-0300,38,Final Assembly,TRUE,1809.47,1844.23,34.76,33.9,,34.76,,0,
VEH-0300,39,Final Assembly,FALSE,1844.23,1902.37,,57.4,,58.14,,0,
VEH-0300,40,Final Assembly,TRUE,1902.37,1952.23,49.86,47.6,,49.86,,0,
VEH-0002,5,Body,TRUE,226.07,263.49,37.42,36.2,,37.42,FAIL,1,baseline
VEH-0010,26,Final Assembly,TRUE,1195.12,1256.77,61.65,61.4,,61.65,FAIL,1,baseline
VEH-0016,26,Final Assembly,TRUE,1185.38,1244.73,59.35,61.4,,59.35,FAIL,1,baseline
VEH-0029,5,Body,TRUE,235.9,272.83,36.93,36.2,,36.93,FAIL,1,baseline
VEH-0030,26,Final Assembly,TRUE,1217.26,1275.24,57.98,61.4,,57.98,FAIL,1,baseline
VEH-0036,11,Body,TRUE,508.1,539.46,31.36,30.8,,31.36,FAIL,1,baseline
VEH-0041,26,Final Assembly,TRUE,1174.09,1232.04,57.95,61.4,,57.95,FAIL,1,baseline
VEH-0046,15,Body,FALSE,714.79,752.7,,37.3,,37.91,FAIL,1,baseline
VEH-0049,13,Body,TRUE,595.35,659.58,64.23,63.3,44.72,64.23,FAIL,1,baseline
VEH-0052,11,Body,TRUE,499.69,527.74,28.05,30.8,,28.05,FAIL,1,baseline
VEH-0055,26,Final Assembly,TRUE,1196.3,1259.05,62.75,61.4,,62.75,FAIL,1,baseline
VEH-0060,5,Body,TRUE,227.21,262.75,35.54,36.2,,35.54,FAIL,1,baseline
VEH-0077,5,Body,TRUE,230.41,264.46,34.05,36.2,,34.05,FAIL,1,baseline
VEH-0080,9,Body,FALSE,397.18,449.05,,54,,51.87,FAIL,1,baseline
VEH-0090,22,Paint,TRUE,1024.95,1058.8,33.85,35.6,,33.85,FAIL,1,baseline
VEH-0097,9,Body,FALSE,386.48,440.66,,54,,54.18,FAIL,1,baseline
VEH-0110,5,Body,TRUE,223.53,259.1,35.57,36.2,,35.57,FAIL,1,baseline
VEH-0112,9,Body,FALSE,385.45,438.09,,54,,52.64,FAIL,1,baseline
VEH-0118,9,Body,FALSE,394.73,447.99,,54,,53.26,FAIL,1,baseline
VEH-0118,22,Paint,TRUE,1019.78,1058.31,38.53,35.6,,38.53,FAIL,1,baseline
VEH-0121,22,Paint,TRUE,1012.4,1050.34,37.94,35.6,,37.94,FAIL,1,anomaly
VEH-0123,11,Body,TRUE,511.88,542.66,30.78,30.8,,30.78,FAIL,1,anomaly
VEH-0123,13,Body,TRUE,607.6,670.72,63.12,63.3,44.92,63.12,FAIL,1,anomaly
VEH-0124,15,Body,FALSE,720.15,759.77,,37.3,,39.62,FAIL,1,baseline
VEH-0125,11,Body,TRUE,525.22,555.96,30.74,30.8,,30.74,FAIL,1,anomaly
VEH-0125,32,Final Assembly,TRUE,1490,1528.75,38.75,36.8,,38.75,FAIL,1,anomaly
VEH-0127,22,Paint,TRUE,1016.64,1052.07,35.43,35.6,,35.43,FAIL,1,anomaly
VEH-0128,9,Body,FALSE,404.04,462.86,,54,,58.82,FAIL,1,anomaly
VEH-0131,32,Final Assembly,TRUE,1490.02,1524.45,34.43,36.8,,34.43,FAIL,1,anomaly
VEH-0132,9,Body,FALSE,404.87,455.09,,54,,50.22,FAIL,1,anomaly
VEH-0134,11,Body,TRUE,496.48,528.25,31.77,30.8,,31.77,FAIL,1,anomaly
VEH-0135,5,Body,TRUE,219.67,256.61,36.94,36.2,,36.94,FAIL,1,baseline
VEH-0135,11,Body,TRUE,511.49,540.11,28.62,30.8,,28.62,FAIL,1,anomaly
VEH-0135,32,Final Assembly,TRUE,1490.39,1525.37,34.98,36.8,,34.98,FAIL,1,anomaly
VEH-0136,9,Body,FALSE,413.13,463.49,,54,,50.36,FAIL,1,anomaly
VEH-0136,13,Body,TRUE,628.36,691.86,63.5,63.3,46.34,63.5,FAIL,1,baseline
VEH-0138,26,Final Assembly,TRUE,1194.29,1252.68,58.39,61.4,,58.39,FAIL,1,anomaly
VEH-0139,13,Body,TRUE,610.5,673.97,63.47,63.3,43.01,63.47,FAIL,1,anomaly
VEH-0139,15,Body,FALSE,713.55,752.12,,37.3,,38.57,FAIL,1,anomaly
VEH-0140,9,Body,FALSE,388.04,446.19,,54,,58.15,FAIL,1,anomaly
VEH-0141,11,Body,TRUE,539.01,572.05,33.04,30.8,,33.04,FAIL,1,anomaly
VEH-0141,26,Final Assembly,TRUE,1221.4,1280.27,58.87,61.4,,58.87,FAIL,1,anomaly
VEH-0142,13,Body,TRUE,609.41,672.33,62.92,63.3,45.92,62.92,FAIL,1,anomaly
VEH-0143,15,Body,FALSE,712.58,748.86,,37.3,,36.28,FAIL,1,anomaly
VEH-0144,9,Body,FALSE,389.85,445.47,,54,,55.62,FAIL,1,anomaly
VEH-0144,11,Body,TRUE,499.13,531.92,32.79,30.8,,32.79,FAIL,1,anomaly
VEH-0144,15,Body,FALSE,702.44,738.95,,37.3,,36.51,FAIL,1,anomaly
VEH-0144,32,Final Assembly,TRUE,1478.76,1515.65,36.89,36.8,,36.89,FAIL,1,anomaly
VEH-0145,32,Final Assembly,TRUE,1488.22,1525.99,37.77,36.8,,37.77,FAIL,1,anomaly
VEH-0146,5,Body,TRUE,224.2,263.36,39.16,36.2,,39.16,FAIL,1,baseline
VEH-0146,9,Body,FALSE,405.33,464.2,,54,,58.87,FAIL,1,anomaly
VEH-0146,26,Final Assembly,TRUE,1204.8,1265.24,60.44,61.4,,60.44,FAIL,1,anomaly
VEH-0146,32,Final Assembly,TRUE,1499.11,1531.32,32.21,36.8,,32.21,FAIL,1,anomaly
VEH-0147,11,Body,TRUE,516.23,548.79,32.56,30.8,,32.56,FAIL,1,anomaly
VEH-0149,13,Body,TRUE,619.34,682.44,63.1,63.3,44.32,63.1,FAIL,1,anomaly
VEH-0151,26,Final Assembly,TRUE,1196.98,1257.7,60.72,61.4,,60.72,FAIL,1,anomaly
VEH-0152,11,Body,TRUE,500.17,528.58,28.41,30.8,,28.41,FAIL,1,anomaly
VEH-0152,15,Body,FALSE,695.99,732.73,,37.3,,36.74,FAIL,1,anomaly
VEH-0153,13,Body,TRUE,607.86,670.54,62.68,63.3,46,62.68,FAIL,1,anomaly
VEH-0153,26,Final Assembly,TRUE,1187.85,1249.16,61.31,61.4,,61.31,FAIL,1,anomaly
VEH-0153,32,Final Assembly,TRUE,1485.04,1522.58,37.54,36.8,,37.54,FAIL,1,anomaly
VEH-0154,13,Body,TRUE,617.81,681.98,64.17,63.3,42.45,64.17,FAIL,1,anomaly
VEH-0154,15,Body,FALSE,718.45,754.74,,37.3,,36.29,FAIL,1,anomaly
VEH-0155,13,Body,TRUE,615.31,682.48,67.17,63.3,48.02,67.17,FAIL,1,anomaly
VEH-0156,5,Body,TRUE,226.14,261.16,35.02,36.2,,35.02,FAIL,1,baseline
VEH-0156,9,Body,FALSE,403.32,454.31,,54,,50.99,FAIL,1,anomaly
VEH-0156,13,Body,TRUE,603.91,666.59,62.68,63.3,46.08,62.68,FAIL,1,anomaly
VEH-0156,22,Paint,TRUE,1023.26,1058.8,35.54,35.6,,35.54,FAIL,1,anomaly
VEH-0156,26,Final Assembly,TRUE,1193.45,1257.69,64.24,61.4,,64.24,FAIL,1,anomaly
VEH-0156,32,Final Assembly,TRUE,1484.72,1521.78,37.06,36.8,,37.06,FAIL,1,anomaly
VEH-0157,5,Body,TRUE,228.14,266.47,38.33,36.2,,38.33,FAIL,1,baseline
VEH-0157,9,Body,FALSE,400.88,452.62,,54,,51.74,FAIL,1,anomaly
VEH-0158,11,Body,TRUE,505.39,535.6,30.21,30.8,,30.21,FAIL,1,anomaly
VEH-0158,22,Paint,TRUE,1029.77,1062.99,33.22,35.6,,33.22,FAIL,1,anomaly
VEH-0158,32,Final Assembly,TRUE,1473.1,1508.73,35.63,36.8,,35.63,FAIL,1,anomaly
VEH-0159,9,Body,FALSE,409.19,460.47,,54,,51.28,FAIL,1,baseline
VEH-0159,11,Body,TRUE,519.26,546.73,27.47,30.8,,27.47,FAIL,1,anomaly
VEH-0159,22,Paint,TRUE,1042.7,1080.04,37.34,35.6,,37.34,FAIL,1,anomaly
VEH-0159,32,Final Assembly,TRUE,1492.28,1529.08,36.8,36.8,,36.8,FAIL,1,anomaly
VEH-0160,5,Body,TRUE,230.42,264.68,34.26,36.2,,34.26,FAIL,1,baseline
VEH-0160,9,Body,FALSE,404.16,455.17,,54,,51.01,FAIL,1,anomaly
VEH-0160,13,Body,TRUE,610.83,673.58,62.75,63.3,43.66,62.75,FAIL,1,anomaly
VEH-0160,22,Paint,TRUE,1022.65,1059.83,37.18,35.6,,37.18,FAIL,1,anomaly
VEH-0160,26,Final Assembly,TRUE,1194.73,1258.73,64,61.4,,64,FAIL,1,anomaly
VEH-0160,32,Final Assembly,TRUE,1488.21,1525.43,37.22,36.8,,37.22,FAIL,1,anomaly
VEH-0161,13,Body,TRUE,620,684.51,64.51,63.3,44.94,64.51,FAIL,1,anomaly
VEH-0161,32,Final Assembly,TRUE,1492.14,1526.19,34.05,36.8,,34.05,FAIL,1,anomaly
VEH-0162,22,Paint,TRUE,1022.27,1059.74,37.47,35.6,,37.47,FAIL,1,anomaly
VEH-0162,26,Final Assembly,TRUE,1193.26,1256.42,63.16,61.4,,63.16,FAIL,1,anomaly
VEH-0162,32,Final Assembly,TRUE,1483.24,1516.87,33.63,36.8,,33.63,FAIL,1,anomaly
VEH-0163,9,Body,FALSE,413.93,466.91,,54,,52.98,FAIL,1,anomaly
VEH-0163,13,Body,TRUE,612.98,677.56,64.58,63.3,43.73,64.58,FAIL,1,anomaly
VEH-0163,15,Body,FALSE,712.95,748.24,,37.3,,35.29,FAIL,1,anomaly
VEH-0163,22,Paint,TRUE,1015.48,1051.81,36.33,35.6,,36.33,FAIL,1,anomaly
VEH-0163,26,Final Assembly,TRUE,1184.93,1249.02,64.09,61.4,,64.09,FAIL,1,anomaly
VEH-0163,32,Final Assembly,TRUE,1478.44,1516.29,37.85,36.8,,37.85,FAIL,1,baseline
VEH-0164,26,Final Assembly,TRUE,1177.3,1238.94,61.64,61.4,,61.64,FAIL,1,anomaly
VEH-0164,32,Final Assembly,TRUE,1477.83,1519.16,41.33,36.8,,41.33,FAIL,1,anomaly
VEH-0165,9,Body,FALSE,400.21,453.59,,54,,53.38,FAIL,1,anomaly
VEH-0165,11,Body,TRUE,509.56,540.55,30.99,30.8,,30.99,FAIL,1,anomaly
VEH-0165,15,Body,FALSE,716.62,755.01,,37.3,,38.39,FAIL,1,anomaly
VEH-0165,32,Final Assembly,TRUE,1482.21,1519.2,36.99,36.8,,36.99,FAIL,1,anomaly
VEH-0166,22,Paint,TRUE,1027.65,1061.91,34.26,35.6,,34.26,FAIL,1,anomaly
VEH-0167,9,Body,FALSE,399.85,454.16,,54,,54.31,FAIL,1,anomaly
VEH-0167,22,Paint,TRUE,1015.2,1049.99,34.79,35.6,,34.79,FAIL,1,anomaly
VEH-0167,26,Final Assembly,TRUE,1191.24,1255.79,64.55,61.4,,64.55,FAIL,1,anomaly
VEH-0168,13,Body,TRUE,618.56,685.01,66.45,63.3,44.66,66.45,FAIL,1,anomaly
VEH-0168,15,Body,FALSE,723.42,760.78,,37.3,,37.36,FAIL,1,anomaly
VEH-0168,26,Final Assembly,TRUE,1209.1,1270.18,61.08,61.4,,61.08,FAIL,1,anomaly
VEH-0168,32,Final Assembly,TRUE,1497.7,1536.6,38.9,36.8,,38.9,FAIL,1,anomaly
VEH-0169,11,Body,TRUE,511.53,542.42,30.89,30.8,,30.89,FAIL,1,anomaly
VEH-0169,15,Body,FALSE,712,748.24,,37.3,,36.24,FAIL,1,anomaly
VEH-0169,22,Paint,TRUE,1027.42,1062.67,35.25,35.6,,35.25,FAIL,1,anomaly
VEH-0169,32,Final Assembly,TRUE,1492.81,1527.64,34.83,36.8,,34.83,FAIL,1,anomaly
VEH-0170,15,Body,FALSE,722.9,759.35,,37.3,,36.45,FAIL,1,anomaly
VEH-0170,22,Paint,TRUE,1029.51,1066.92,37.41,35.6,,37.41,FAIL,1,anomaly
VEH-0170,32,Final Assembly,TRUE,1491.73,1526.8,35.07,36.8,,35.07,FAIL,1,anomaly
VEH-0171,9,Body,FALSE,405.58,460.82,,54,,55.24,FAIL,1,anomaly
VEH-0171,13,Body,TRUE,619.45,680.62,61.17,63.3,43.36,61.17,FAIL,1,anomaly
VEH-0171,26,Final Assembly,TRUE,1197.11,1259.17,62.06,61.4,,62.06,FAIL,1,anomaly
VEH-0172,11,Body,TRUE,518.29,548.75,30.46,30.8,,30.46,FAIL,1,anomaly
VEH-0172,13,Body,TRUE,623.64,680.73,57.09,63.3,45.22,57.09,FAIL,1,anomaly
VEH-0172,26,Final Assembly,TRUE,1193.93,1255.46,61.53,61.4,,61.53,FAIL,1,anomaly
VEH-0173,11,Body,TRUE,511.08,544.22,33.14,30.8,,33.14,FAIL,1,anomaly
VEH-0173,13,Body,TRUE,613.42,673.45,60.03,63.3,44.23,60.03,FAIL,1,anomaly
VEH-0173,22,Paint,TRUE,1032.53,1065.6,33.07,35.6,,33.07,FAIL,1,anomaly
VEH-0173,26,Final Assembly,TRUE,1203.81,1263.28,59.47,61.4,,59.47,FAIL,1,anomaly
VEH-0174,11,Body,TRUE,534.29,567.75,33.46,30.8,,33.46,FAIL,1,anomaly
VEH-0174,13,Body,TRUE,633.11,693.28,60.17,63.3,43.77,60.17,FAIL,1,anomaly
VEH-0174,15,Body,FALSE,733.5,767.2,,37.3,,33.7,FAIL,1,anomaly
VEH-0174,22,Paint,TRUE,1039.36,1071.97,32.61,35.6,,32.61,FAIL,1,baseline
VEH-0174,32,Final Assembly,TRUE,1487.15,1525.02,37.87,36.8,,37.87,FAIL,1,anomaly
VEH-0175,9,Body,FALSE,419,473.93,,54,,54.93,FAIL,1,anomaly
VEH-0175,11,Body,TRUE,532.05,564.45,32.4,30.8,,32.4,FAIL,1,anomaly
VEH-0175,26,Final Assembly,TRUE,1209.3,1276.56,67.26,61.4,,67.26,FAIL,1,anomaly
VEH-0176,9,Body,FALSE,403.44,456.34,,54,,52.9,FAIL,1,anomaly
VEH-0176,11,Body,TRUE,510.47,540.98,30.51,30.8,,30.51,FAIL,1,anomaly
VEH-0176,13,Body,TRUE,606.48,667.76,61.28,63.3,46.11,61.28,FAIL,1,anomaly
VEH-0176,15,Body,FALSE,708.1,748.32,,37.3,,40.22,FAIL,1,anomaly
VEH-0176,26,Final Assembly,TRUE,1182.47,1240.4,57.93,61.4,,57.93,FAIL,1,anomaly
VEH-0176,32,Final Assembly,TRUE,1472.49,1507.11,34.62,36.8,,34.62,FAIL,1,anomaly
VEH-0177,9,Body,FALSE,408.5,464.44,,54,,55.94,FAIL,1,anomaly
VEH-0177,11,Body,TRUE,520.23,550.31,30.08,30.8,,30.08,FAIL,1,anomaly
VEH-0177,13,Body,TRUE,624.26,686.7,62.44,63.3,42.2,62.44,FAIL,1,anomaly
VEH-0177,15,Body,FALSE,725.08,764.61,,37.3,,39.53,FAIL,1,anomaly
VEH-0177,26,Final Assembly,TRUE,1210.44,1271.85,61.41,61.4,,61.41,FAIL,1,baseline
VEH-0177,32,Final Assembly,TRUE,1505.59,1542.41,36.82,36.8,,36.82,FAIL,1,anomaly
VEH-0178,9,Body,FALSE,417.28,470.94,,54,,53.66,FAIL,1,anomaly
VEH-0178,26,Final Assembly,TRUE,1202.69,1266.39,63.7,61.4,,63.7,FAIL,1,anomaly
VEH-0179,11,Body,TRUE,520.2,550.37,30.17,30.8,,30.17,FAIL,1,anomaly
VEH-0179,13,Body,TRUE,619.67,676.97,57.3,63.3,44.91,57.3,FAIL,1,anomaly
VEH-0179,26,Final Assembly,TRUE,1196.15,1251.97,55.82,61.4,,55.82,FAIL,1,anomaly
VEH-0180,11,Body,TRUE,501.49,530.31,28.82,30.8,,28.82,FAIL,1,anomaly
VEH-0180,15,Body,FALSE,701.47,738.36,,37.3,,36.89,FAIL,1,anomaly
VEH-0180,26,Final Assembly,TRUE,1183.69,1248.55,64.86,61.4,,64.86,FAIL,1,anomaly
VEH-0180,32,Final Assembly,TRUE,1466.96,1504.6,37.64,36.8,,37.64,FAIL,1,anomaly
VEH-0181,9,Body,FALSE,413.28,468.12,,54,,54.84,FAIL,1,anomaly
VEH-0181,26,Final Assembly,TRUE,1195.16,1253.95,58.79,61.4,,58.79,FAIL,1,anomaly
VEH-0181,32,Final Assembly,TRUE,1487.67,1526.22,38.55,36.8,,38.55,FAIL,1,anomaly
VEH-0182,5,Body,TRUE,219.05,256.04,36.99,36.2,,36.99,FAIL,1,baseline
VEH-0182,9,Body,FALSE,397.68,452.57,,54,,54.89,FAIL,1,anomaly
VEH-0182,11,Body,TRUE,513.24,546.74,33.5,30.8,,33.5,FAIL,1,anomaly
VEH-0182,13,Body,TRUE,619.39,683.21,63.82,63.3,44.57,63.82,FAIL,1,anomaly
VEH-0182,22,Paint,TRUE,1026,1061.64,35.64,35.6,,35.64,FAIL,1,anomaly
VEH-0182,26,Final Assembly,TRUE,1189.85,1255.07,65.22,61.4,,65.22,FAIL,1,anomaly
VEH-0183,9,Body,FALSE,389.51,446.13,,54,,56.62,FAIL,1,anomaly
VEH-0183,15,Body,FALSE,708.6,742.38,,37.3,,33.78,FAIL,1,anomaly
VEH-0183,22,Paint,TRUE,1012.94,1048.28,35.34,35.6,,35.34,FAIL,1,anomaly
VEH-0183,32,Final Assembly,TRUE,1482.67,1520.93,38.26,36.8,,38.26,FAIL,1,anomaly
VEH-0184,13,Body,TRUE,625.16,684.46,59.3,63.3,44.93,59.3,FAIL,1,anomaly
VEH-0184,22,Paint,TRUE,1036.44,1070.33,33.89,35.6,,33.89,FAIL,1,anomaly
VEH-0184,32,Final Assembly,TRUE,1494.4,1529.64,35.24,36.8,,35.24,FAIL,1,anomaly
VEH-0185,9,Body,FALSE,400.78,454.38,,54,,53.6,FAIL,1,anomaly
VEH-0185,13,Body,TRUE,607.23,670.37,63.14,63.3,47.21,63.14,FAIL,1,anomaly
VEH-0185,22,Paint,TRUE,1022.92,1059.71,36.79,35.6,,36.79,FAIL,1,anomaly
VEH-0186,9,Body,FALSE,396.3,450.59,,54,,54.29,FAIL,1,anomaly
VEH-0186,11,Body,TRUE,508.48,541.23,32.75,30.8,,32.75,FAIL,1,anomaly
VEH-0186,15,Body,FALSE,711.18,746.28,,37.3,,35.1,FAIL,1,anomaly
VEH-0187,22,Paint,TRUE,1044.07,1080.25,36.18,35.6,,36.18,FAIL,1,anomaly
VEH-0188,9,Body,FALSE,407.34,460.37,,54,,53.03,FAIL,1,anomaly
VEH-0188,11,Body,TRUE,514.99,546.37,31.38,30.8,,31.38,FAIL,1,anomaly
VEH-0188,13,Body,TRUE,618.41,680.57,62.16,63.3,46.21,62.16,FAIL,1,anomaly
VEH-0188,15,Body,FALSE,718.79,755.99,,37.3,,37.2,FAIL,1,anomaly
VEH-0188,22,Paint,TRUE,1028.13,1065.06,36.93,35.6,,36.93,FAIL,1,anomaly
VEH-0188,26,Final Assembly,TRUE,1204.94,1267.42,62.48,61.4,,62.48,FAIL,1,anomaly
VEH-0188,32,Final Assembly,TRUE,1493.42,1527.67,34.25,36.8,,34.25,FAIL,1,anomaly
VEH-0189,15,Body,FALSE,731.56,766.43,,37.3,,34.87,FAIL,1,anomaly
VEH-0189,22,Paint,TRUE,1040.87,1077.68,36.81,35.6,,36.81,FAIL,1,anomaly
VEH-0189,26,Final Assembly,TRUE,1208.22,1269.03,60.81,61.4,,60.81,FAIL,1,anomaly
VEH-0190,15,Body,FALSE,716.6,751.77,,37.3,,35.17,FAIL,1,anomaly
VEH-0190,22,Paint,TRUE,1029.24,1059.33,30.09,35.6,,30.09,FAIL,1,anomaly
VEH-0190,26,Final Assembly,TRUE,1197.82,1257.89,60.07,61.4,,60.07,FAIL,1,anomaly
VEH-0190,32,Final Assembly,TRUE,1490.96,1528.32,37.36,36.8,,37.36,FAIL,1,anomaly
VEH-0191,9,Body,FALSE,410.05,465.27,,54,,55.22,FAIL,1,anomaly
VEH-0191,11,Body,TRUE,521.85,553.4,31.55,30.8,,31.55,FAIL,1,anomaly
VEH-0191,13,Body,TRUE,627.97,694.43,66.46,63.3,44.88,66.46,FAIL,1,anomaly
VEH-0191,15,Body,FALSE,734.23,772.47,,37.3,,38.24,FAIL,1,anomaly
VEH-0192,11,Body,TRUE,510.34,541.06,30.72,30.8,,30.72,FAIL,1,anomaly
VEH-0192,13,Body,TRUE,613.08,676.9,63.82,63.3,47.12,63.82,FAIL,1,anomaly
VEH-0192,15,Body,FALSE,717.37,758.32,,37.3,,40.95,FAIL,1,anomaly
VEH-0192,22,Paint,TRUE,1034.27,1070.9,36.63,35.6,,36.63,FAIL,1,anomaly
VEH-0193,26,Final Assembly,TRUE,1179.92,1242.39,62.47,61.4,,62.47,FAIL,1,anomaly
VEH-0194,9,Body,FALSE,409.05,459.94,,54,,50.89,FAIL,1,anomaly
VEH-0194,11,Body,TRUE,515,545.44,30.44,30.8,,30.44,FAIL,1,anomaly
VEH-0194,13,Body,TRUE,612.63,679.18,66.55,63.3,46.32,66.55,FAIL,1,anomaly
VEH-0194,15,Body,FALSE,717.25,754.11,,37.3,,36.86,FAIL,1,anomaly
VEH-0194,26,Final Assembly,TRUE,1191.86,1249.92,58.06,61.4,,58.06,FAIL,1,anomaly
VEH-0194,32,Final Assembly,TRUE,1482.87,1519.76,36.89,36.8,,36.89,FAIL,1,anomaly
VEH-0195,11,Body,TRUE,511.61,542.28,30.67,30.8,,30.67,FAIL,1,anomaly
VEH-0195,13,Body,TRUE,613.02,675.47,62.45,63.3,45.52,62.45,FAIL,1,anomaly
VEH-0195,26,Final Assembly,TRUE,1185.79,1246,60.21,61.4,,60.21,FAIL,1,anomaly
VEH-0195,32,Final Assembly,TRUE,1464.6,1505.89,41.29,36.8,,41.29,FAIL,1,anomaly
VEH-0196,9,Body,FALSE,405,457.43,,54,,52.43,FAIL,1,anomaly
VEH-0196,11,Body,TRUE,519.86,550.03,30.17,30.8,,30.17,FAIL,1,anomaly
VEH-0196,26,Final Assembly,TRUE,1211.91,1276.1,64.19,61.4,,64.19,FAIL,1,anomaly
VEH-0197,9,Body,FALSE,413.83,471.01,,54,,57.18,FAIL,1,anomaly
VEH-0197,13,Body,TRUE,634.63,699.27,64.64,63.3,41.98,64.64,FAIL,1,anomaly
VEH-0197,15,Body,FALSE,738,775.62,,37.3,,37.62,FAIL,1,anomaly
VEH-0197,22,Paint,TRUE,1051.2,1087.81,36.61,35.6,,36.61,FAIL,1,anomaly
VEH-0197,32,Final Assembly,TRUE,1510.63,1547.19,36.56,36.8,,36.56,FAIL,1,anomaly
VEH-0198,9,Body,FALSE,405.34,462.34,,54,,57,FAIL,1,anomaly
VEH-0198,13,Body,TRUE,624.12,693.63,69.51,63.3,46.21,69.51,FAIL,1,anomaly
VEH-0198,26,Final Assembly,TRUE,1199.01,1265.19,66.18,61.4,,66.18,FAIL,1,anomaly
VEH-0199,9,Body,FALSE,402.62,453.04,,54,,50.42,FAIL,1,anomaly
VEH-0199,11,Body,TRUE,517.49,545.12,27.63,30.8,,27.63,FAIL,1,anomaly
VEH-0199,22,Paint,TRUE,1021.51,1056.57,35.06,35.6,,35.06,FAIL,1,anomaly
VEH-0199,26,Final Assembly,TRUE,1196.87,1262.83,65.96,61.4,,65.96,FAIL,1,anomaly
VEH-0199,32,Final Assembly,TRUE,1482.92,1520.83,37.91,36.8,,37.91,FAIL,1,anomaly
VEH-0200,9,Body,FALSE,416.48,466.87,,54,,50.39,FAIL,1,anomaly
VEH-0200,22,Paint,TRUE,1025.3,1063.31,38.01,35.6,,38.01,FAIL,1,anomaly
VEH-0200,26,Final Assembly,TRUE,1196.59,1257.41,60.82,61.4,,60.82,FAIL,1,anomaly
VEH-0201,9,Body,FALSE,401.72,460.05,,54,,58.33,FAIL,1,anomaly
VEH-0201,11,Body,TRUE,520.33,548.74,28.41,30.8,,28.41,FAIL,1,anomaly
VEH-0201,13,Body,TRUE,622.72,691.02,68.3,63.3,45.03,68.3,FAIL,1,anomaly
VEH-0201,15,Body,FALSE,732.07,765.9,,37.3,,33.83,FAIL,1,anomaly
VEH-0201,32,Final Assembly,TRUE,1496.31,1534.75,38.44,36.8,,38.44,FAIL,1,anomaly
VEH-0202,9,Body,FALSE,405.7,461.59,,54,,55.89,FAIL,1,anomaly
VEH-0202,11,Body,TRUE,519.38,553.5,34.12,30.8,,34.12,FAIL,1,anomaly
VEH-0202,13,Body,TRUE,627.18,686.35,59.17,63.3,45.29,59.17,FAIL,1,anomaly
VEH-0202,15,Body,FALSE,726.27,765.83,,37.3,,39.56,FAIL,1,anomaly
VEH-0202,22,Paint,TRUE,1037.27,1073.32,36.05,35.6,,36.05,FAIL,1,anomaly
VEH-0202,26,Final Assembly,TRUE,1204.62,1265.98,61.36,61.4,,61.36,FAIL,1,anomaly
VEH-0203,9,Body,FALSE,403.96,458.64,,54,,54.68,FAIL,1,anomaly
VEH-0203,11,Body,TRUE,513.1,543.69,30.59,30.8,,30.59,FAIL,1,anomaly
VEH-0203,13,Body,TRUE,610.02,669.82,59.8,63.3,45.39,59.8,FAIL,1,anomaly
VEH-0203,22,Paint,TRUE,1022.94,1062.88,39.94,35.6,,39.94,FAIL,1,anomaly
VEH-0204,11,Body,TRUE,513.51,547.09,33.58,30.8,,33.58,FAIL,1,anomaly
VEH-0204,13,Body,TRUE,610.75,674.23,63.48,63.3,45.57,63.48,FAIL,1,anomaly
VEH-0204,22,Paint,TRUE,1016.11,1053.28,37.17,35.6,,37.17,FAIL,1,anomaly
VEH-0204,26,Final Assembly,TRUE,1187.8,1247.86,60.06,61.4,,60.06,FAIL,1,anomaly
VEH-0204,32,Final Assembly,TRUE,1480.51,1517.54,37.03,36.8,,37.03,FAIL,1,anomaly
VEH-0205,15,Body,FALSE,725.61,763.71,,37.3,,38.1,FAIL,1,anomaly
VEH-0205,22,Paint,TRUE,1031.13,1069.82,38.69,35.6,,38.69,FAIL,1,anomaly
VEH-0205,26,Final Assembly,TRUE,1202.67,1263.77,61.1,61.4,,61.1,FAIL,1,anomaly
VEH-0206,9,Body,FALSE,415.32,469.27,,54,,53.95,FAIL,1,baseline
VEH-0206,13,Body,TRUE,629.39,698.7,69.31,63.3,44.66,69.31,FAIL,1,anomaly
VEH-0206,32,Final Assembly,TRUE,1512.34,1548.42,36.08,36.8,,36.08,FAIL,1,anomaly
VEH-0207,13,Body,TRUE,630.79,690.43,59.64,63.3,43.34,59.64,FAIL,1,anomaly
VEH-0207,22,Paint,TRUE,1039.78,1077.48,37.7,35.6,,37.7,FAIL,1,baseline
VEH-0207,26,Final Assembly,TRUE,1209.01,1270.74,61.73,61.4,,61.73,FAIL,1,anomaly
VEH-0207,32,Final Assembly,TRUE,1500.41,1540.08,39.67,36.8,,39.67,FAIL,1,anomaly
VEH-0208,9,Body,FALSE,418.32,475.91,,54,,57.59,FAIL,1,anomaly
VEH-0208,13,Body,TRUE,633.35,695.52,62.17,63.3,45.91,62.17,FAIL,1,baseline
VEH-0208,22,Paint,TRUE,1046.09,1080.62,34.53,35.6,,34.53,FAIL,1,anomaly
VEH-0208,32,Final Assembly,TRUE,1507.89,1545.58,37.69,36.8,,37.69,FAIL,1,anomaly
VEH-0209,9,Body,FALSE,414.55,464,,54,,49.45,FAIL,1,anomaly
VEH-0209,11,Body,TRUE,520.23,552.29,32.06,30.8,,32.06,FAIL,1,anomaly
VEH-0209,15,Body,FALSE,719.15,758.52,,37.3,,39.37,FAIL,1,anomaly
VEH-0209,26,Final Assembly,TRUE,1186.94,1248.93,61.99,61.4,,61.99,FAIL,1,anomaly
VEH-0210,9,Body,FALSE,431.97,485.03,,54,,53.06,FAIL,1,anomaly
VEH-0210,11,Body,TRUE,544.66,572.57,27.91,30.8,,27.91,FAIL,1,anomaly
VEH-0210,32,Final Assembly,TRUE,1506.26,1541.73,35.47,36.8,,35.47,FAIL,1,anomaly
VEH-0211,9,Body,FALSE,412.09,466.56,,54,,54.47,FAIL,1,anomaly
VEH-0211,11,Body,TRUE,519.53,551.03,31.5,30.8,,31.5,FAIL,1,anomaly
VEH-0211,13,Body,TRUE,622.49,685.55,63.06,63.3,48.56,63.06,FAIL,1,anomaly
VEH-0211,26,Final Assembly,TRUE,1205.08,1271.96,66.88,61.4,,66.88,FAIL,1,anomaly
VEH-0211,32,Final Assembly,TRUE,1502.45,1535.07,32.62,36.8,,32.62,FAIL,1,anomaly
VEH-0212,11,Body,TRUE,515.85,546.24,30.39,30.8,,30.39,FAIL,1,anomaly
VEH-0212,13,Body,TRUE,617.31,681.35,64.04,63.3,44.56,64.04,FAIL,1,anomaly
VEH-0212,15,Body,FALSE,720.02,758.86,,37.3,,38.84,FAIL,1,anomaly
VEH-0212,26,Final Assembly,TRUE,1190.26,1247.92,57.66,61.4,,57.66,FAIL,1,anomaly
VEH-0213,9,Body,FALSE,407.72,461.22,,54,,53.5,FAIL,1,anomaly
VEH-0213,11,Body,TRUE,516.14,547.73,31.59,30.8,,31.59,FAIL,1,anomaly
VEH-0213,13,Body,TRUE,613.03,673.93,60.9,63.3,43.53,60.9,FAIL,1,anomaly
VEH-0213,22,Paint,TRUE,1020.43,1055.75,35.32,35.6,,35.32,FAIL,1,anomaly
VEH-0214,11,Body,TRUE,518.54,550.66,32.12,30.8,,32.12,FAIL,1,anomaly
VEH-0214,13,Body,TRUE,618.1,681.04,62.94,63.3,46.1,62.94,FAIL,1,anomaly
VEH-0214,26,Final Assembly,TRUE,1190.66,1252.91,62.25,61.4,,62.25,FAIL,1,anomaly
VEH-0215,13,Body,TRUE,631.87,696.44,64.57,63.3,45.36,64.57,FAIL,1,anomaly
VEH-0215,15,Body,FALSE,734.01,769.98,,37.3,,35.97,FAIL,1,anomaly
VEH-0215,22,Paint,TRUE,1036.22,1075.25,39.03,35.6,,39.03,FAIL,1,anomaly
VEH-0215,26,Final Assembly,TRUE,1206.98,1268.45,61.47,61.4,,61.47,FAIL,1,anomaly
VEH-0215,32,Final Assembly,TRUE,1500.37,1536.74,36.37,36.8,,36.37,FAIL,1,anomaly
VEH-0216,9,Body,FALSE,408.19,460.13,,54,,51.94,FAIL,1,anomaly
VEH-0216,13,Body,TRUE,614.35,675.1,60.75,63.3,45.38,60.75,FAIL,1,anomaly
VEH-0216,15,Body,FALSE,715.9,754.85,,37.3,,38.95,FAIL,1,anomaly
VEH-0216,26,Final Assembly,TRUE,1199.86,1264.21,64.35,61.4,,64.35,FAIL,1,anomaly
VEH-0216,32,Final Assembly,TRUE,1482.84,1517.5,34.66,36.8,,34.66,FAIL,1,anomaly
VEH-0217,11,Body,TRUE,523.64,552.2,28.56,30.8,,28.56,FAIL,1,anomaly
VEH-0217,32,Final Assembly,TRUE,1503.54,1541.42,37.88,36.8,,37.88,FAIL,1,anomaly
VEH-0218,13,Body,TRUE,602.37,666.65,64.28,63.3,46.46,64.28,FAIL,1,anomaly
VEH-0218,26,Final Assembly,TRUE,1186.28,1251.04,64.76,61.4,,64.76,FAIL,1,anomaly
VEH-0218,32,Final Assembly,TRUE,1476,1513.52,37.52,36.8,,37.52,FAIL,1,anomaly
VEH-0219,5,Body,TRUE,222.66,259.37,36.71,36.2,,36.71,FAIL,1,baseline
VEH-0219,9,Body,FALSE,409.94,468.84,,54,,58.9,FAIL,1,anomaly
VEH-0219,11,Body,TRUE,523.72,552.1,28.38,30.8,,28.38,FAIL,1,anomaly
VEH-0219,13,Body,TRUE,617.05,684.12,67.07,63.3,47.63,67.07,FAIL,1,anomaly
VEH-0219,15,Body,FALSE,721.11,756.24,,37.3,,35.13,FAIL,1,anomaly
VEH-0219,26,Final Assembly,TRUE,1199.3,1261.7,62.4,61.4,,62.4,FAIL,1,anomaly
VEH-0220,26,Final Assembly,TRUE,1190.16,1255.78,65.62,61.4,,65.62,FAIL,1,anomaly
VEH-0221,9,Body,FALSE,411.49,466.2,,54,,54.71,FAIL,1,anomaly
VEH-0221,13,Body,TRUE,627.37,689.95,62.58,63.3,45.35,62.58,FAIL,1,anomaly
VEH-0221,22,Paint,TRUE,1037.31,1074.36,37.05,35.6,,37.05,FAIL,1,anomaly
VEH-0222,11,Body,TRUE,536.99,570.54,33.55,30.8,,33.55,FAIL,1,anomaly
VEH-0222,13,Body,TRUE,636.14,705.84,69.7,63.3,43.95,69.7,FAIL,1,anomaly
VEH-0222,26,Final Assembly,TRUE,1238.61,1300.04,61.43,61.4,,61.43,FAIL,1,anomaly
VEH-0222,32,Final Assembly,TRUE,1526.24,1563.3,37.06,36.8,,37.06,FAIL,1,anomaly
VEH-0223,9,Body,FALSE,410.19,467.53,,54,,57.34,FAIL,1,anomaly
VEH-0223,11,Body,TRUE,527.69,560.89,33.2,30.8,,33.2,FAIL,1,anomaly
VEH-0223,13,Body,TRUE,627.35,690.96,63.61,63.3,45.06,63.61,FAIL,1,anomaly
VEH-0223,26,Final Assembly,TRUE,1200.54,1270.17,69.63,61.4,,69.63,FAIL,1,anomaly
VEH-0223,32,Final Assembly,TRUE,1490.56,1525.66,35.1,36.8,,35.1,FAIL,1,baseline
VEH-0224,9,Body,FALSE,411.28,460.49,,54,,49.21,FAIL,1,anomaly
VEH-0224,15,Body,FALSE,726.76,763.75,,37.3,,36.99,FAIL,1,anomaly
VEH-0224,22,Paint,TRUE,1038.71,1078.36,39.65,35.6,,39.65,FAIL,1,anomaly
VEH-0224,26,Final Assembly,TRUE,1219.15,1278.44,59.29,61.4,,59.29,FAIL,1,anomaly
VEH-0225,9,Body,FALSE,417.67,470.17,,54,,52.5,FAIL,1,anomaly
VEH-0225,11,Body,TRUE,529.98,561.46,31.48,30.8,,31.48,FAIL,1,anomaly
VEH-0225,22,Paint,TRUE,1062.19,1094.93,32.74,35.6,,32.74,FAIL,1,anomaly
VEH-0226,11,Body,TRUE,518.5,549.51,31.01,30.8,,31.01,FAIL,1,baseline
VEH-0226,15,Body,FALSE,715.41,754.95,,37.3,,39.54,FAIL,1,anomaly
VEH-0226,22,Paint,TRUE,1028.49,1064.23,35.74,35.6,,35.74,FAIL,1,anomaly
VEH-0227,9,Body,FALSE,415.7,472.41,,54,,56.71,FAIL,1,anomaly
VEH-0227,26,Final Assembly,TRUE,1206.09,1269.81,63.72,61.4,,63.72,FAIL,1,anomaly
VEH-0228,9,Body,FALSE,408.83,464.47,,54,,55.64,FAIL,1,anomaly
VEH-0228,11,Body,TRUE,523.98,554.58,30.6,30.8,,30.6,FAIL,1,anomaly
VEH-0228,22,Paint,TRUE,1030.99,1066.04,35.05,35.6,,35.05,FAIL,1,anomaly
VEH-0228,32,Final Assembly,TRUE,1497.04,1536.18,39.14,36.8,,39.14,FAIL,1,anomaly
VEH-0229,11,Body,TRUE,517.06,546.54,29.48,30.8,,29.48,FAIL,1,anomaly
VEH-0229,26,Final Assembly,TRUE,1203.38,1260.16,56.78,61.4,,56.78,FAIL,1,anomaly
VEH-0230,13,Body,TRUE,607.51,671.55,64.04,63.3,43.68,64.04,FAIL,1,anomaly
VEH-0230,15,Body,FALSE,706.74,745.29,,37.3,,38.55,FAIL,1,anomaly
VEH-0230,22,Paint,TRUE,1023,1060.5,37.5,35.6,,37.5,FAIL,1,anomaly
VEH-0230,26,Final Assembly,TRUE,1198.85,1261.45,62.6,61.4,,62.6,FAIL,1,baseline
VEH-0230,32,Final Assembly,TRUE,1485.47,1522.26,36.79,36.8,,36.79,FAIL,1,anomaly
VEH-0231,9,Body,FALSE,406.17,461.79,,54,,55.62,FAIL,1,anomaly
VEH-0231,13,Body,TRUE,609.07,671.44,62.37,63.3,43.37,62.37,FAIL,1,anomaly
VEH-0231,15,Body,FALSE,710.09,747.58,,37.3,,37.49,FAIL,1,anomaly
VEH-0231,22,Paint,TRUE,1019.24,1049.56,30.32,35.6,,30.32,FAIL,1,anomaly
VEH-0231,26,Final Assembly,TRUE,1189.85,1249.39,59.54,61.4,,59.54,FAIL,1,anomaly
VEH-0232,9,Body,FALSE,418.04,470.36,,54,,52.32,FAIL,1,anomaly
VEH-0232,11,Body,TRUE,531.09,561.53,30.44,30.8,,30.44,FAIL,1,anomaly
VEH-0232,15,Body,FALSE,728.52,760.74,,37.3,,32.22,FAIL,1,anomaly
VEH-0232,26,Final Assembly,TRUE,1189.16,1245.61,56.45,61.4,,56.45,FAIL,1,anomaly
VEH-0233,22,Paint,TRUE,1051.91,1088.78,36.87,35.6,,36.87,FAIL,1,anomaly
VEH-0233,26,Final Assembly,TRUE,1224.19,1283.49,59.3,61.4,,59.3,FAIL,1,anomaly
VEH-0233,32,Final Assembly,TRUE,1507.27,1541.9,34.63,36.8,,34.63,FAIL,1,anomaly
VEH-0234,9,Body,FALSE,402.44,455.96,,54,,53.52,FAIL,1,anomaly
VEH-0234,13,Body,TRUE,610.45,676.37,65.92,63.3,46.19,65.92,FAIL,1,anomaly
VEH-0234,15,Body,FALSE,710.36,748.04,,37.3,,37.68,FAIL,1,anomaly
VEH-0234,22,Paint,TRUE,1012.12,1046.84,34.72,35.6,,34.72,FAIL,1,anomaly
VEH-0234,26,Final Assembly,TRUE,1183.71,1247.39,63.68,61.4,,63.68,FAIL,1,anomaly
VEH-0234,32,Final Assembly,TRUE,1475.63,1512.34,36.71,36.8,,36.71,FAIL,1,anomaly
VEH-0235,11,Body,TRUE,524.91,557.99,33.08,30.8,,33.08,FAIL,1,anomaly
VEH-0235,15,Body,FALSE,724.69,763.38,,37.3,,38.69,FAIL,1,anomaly
VEH-0235,26,Final Assembly,TRUE,1208.1,1269.76,61.66,61.4,,61.66,FAIL,1,anomaly
VEH-0236,9,Body,FALSE,412.58,467.08,,54,,54.5,FAIL,1,anomaly
VEH-0236,11,Body,TRUE,523.19,552.01,28.82,30.8,,28.82,FAIL,1,anomaly
VEH-0236,13,Body,TRUE,622.42,683.03,60.61,63.3,45.17,60.61,FAIL,1,anomaly
VEH-0236,15,Body,FALSE,722.25,763.49,,37.3,,41.24,FAIL,1,anomaly
VEH-0236,22,Paint,TRUE,1044.19,1080.08,35.89,35.6,,35.89,FAIL,1,anomaly
VEH-0236,26,Final Assembly,TRUE,1212.31,1279.1,66.79,61.4,,66.79,FAIL,1,anomaly
VEH-0236,32,Final Assembly,TRUE,1499.4,1537.79,38.39,36.8,,38.39,FAIL,1,anomaly
VEH-0237,11,Body,TRUE,521.5,552.27,30.77,30.8,,30.77,FAIL,1,anomaly
VEH-0237,15,Body,FALSE,731.61,771.37,,37.3,,39.76,FAIL,1,anomaly
VEH-0237,26,Final Assembly,TRUE,1208.57,1271.85,63.28,61.4,,63.28,FAIL,1,anomaly
VEH-0237,32,Final Assembly,TRUE,1502.09,1543.92,41.83,36.8,,41.83,FAIL,1,anomaly
VEH-0238,11,Body,TRUE,531.39,562.82,31.43,30.8,,31.43,FAIL,1,anomaly
VEH-0238,22,Paint,TRUE,1035.56,1069.12,33.56,35.6,,33.56,FAIL,1,anomaly
VEH-0238,26,Final Assembly,TRUE,1205.27,1267.82,62.55,61.4,,62.55,FAIL,1,baseline
VEH-0239,9,Body,FALSE,407.91,461.06,,54,,53.15,FAIL,1,anomaly
VEH-0239,11,Body,TRUE,519.23,548.82,29.59,30.8,,29.59,FAIL,1,anomaly
VEH-0239,13,Body,TRUE,614.32,678.53,64.21,63.3,43.73,64.21,FAIL,1,anomaly
VEH-0239,15,Body,FALSE,715.47,752.63,,37.3,,37.16,FAIL,1,anomaly
VEH-0239,32,Final Assembly,TRUE,1490.11,1531.07,40.96,36.8,,40.96,FAIL,1,baseline
VEH-0240,9,Body,FALSE,396.09,449.88,,54,,53.79,FAIL,1,anomaly
VEH-0240,11,Body,TRUE,508.2,539.12,30.92,30.8,,30.92,FAIL,1,anomaly
VEH-0240,13,Body,TRUE,605.3,673.79,68.49,63.3,46.02,68.49,FAIL,1,anomaly
VEH-0240,22,Paint,TRUE,1020.09,1054.05,33.96,35.6,,33.96,FAIL,1,anomaly
VEH-0240,26,Final Assembly,TRUE,1186.39,1242.5,56.11,61.4,,56.11,FAIL,1,anomaly
VEH-0240,32,Final Assembly,TRUE,1466.9,1504.36,37.46,36.8,,37.46,FAIL,1,anomaly
VEH-0241,9,Body,FALSE,411.8,471.04,,54,,59.24,FAIL,1,anomaly
VEH-0241,11,Body,TRUE,531.51,564.23,32.72,30.8,,32.72,FAIL,1,anomaly
VEH-0241,13,Body,TRUE,631.02,697.67,66.65,63.3,44.53,66.65,FAIL,1,anomaly
VEH-0241,15,Body,FALSE,736.38,771.74,,37.3,,35.36,FAIL,1,anomaly
VEH-0241,22,Paint,TRUE,1048.5,1086.26,37.76,35.6,,37.76,FAIL,1,anomaly
VEH-0242,13,Body,TRUE,626.52,693.23,66.71,63.3,43.95,66.71,FAIL,1,anomaly
VEH-0242,22,Paint,TRUE,1032.39,1069.18,36.79,35.6,,36.79,FAIL,1,anomaly
VEH-0243,15,Body,FALSE,720.91,758.51,,37.3,,37.6,FAIL,1,anomaly
VEH-0243,26,Final Assembly,TRUE,1194.14,1255.75,61.61,61.4,,61.61,FAIL,1,anomaly
VEH-0243,32,Final Assembly,TRUE,1485.57,1525.08,39.51,36.8,,39.51,FAIL,1,anomaly
VEH-0244,15,Body,FALSE,708.46,744.25,,37.3,,35.79,FAIL,1,anomaly
VEH-0244,32,Final Assembly,TRUE,1490.99,1528.38,37.39,36.8,,37.39,FAIL,1,anomaly
VEH-0245,9,Body,FALSE,419.34,471.05,,54,,51.71,FAIL,1,anomaly
VEH-0245,13,Body,TRUE,625.25,685.04,59.79,63.3,46.8,59.79,FAIL,1,anomaly
VEH-0245,15,Body,FALSE,722.49,760.34,,37.3,,37.85,FAIL,1,anomaly
VEH-0245,22,Paint,TRUE,1030.33,1067.48,37.15,35.6,,37.15,FAIL,1,anomaly
VEH-0245,32,Final Assembly,TRUE,1493.4,1529.38,35.98,36.8,,35.98,FAIL,1,anomaly
VEH-0246,9,Body,FALSE,414.8,469.98,,54,,55.18,FAIL,1,anomaly
VEH-0246,13,Body,TRUE,625.29,687.88,62.59,63.3,46.73,62.59,FAIL,1,anomaly
VEH-0246,15,Body,FALSE,726.23,763.66,,37.3,,37.43,FAIL,1,anomaly
VEH-0246,22,Paint,TRUE,1037.1,1075.07,37.97,35.6,,37.97,FAIL,1,anomaly
VEH-0247,13,Body,TRUE,615.93,678.71,62.78,63.3,45.6,62.78,FAIL,1,anomaly
VEH-0247,22,Paint,TRUE,1042.86,1078.53,35.67,35.6,,35.67,FAIL,1,anomaly
VEH-0247,32,Final Assembly,TRUE,1504.35,1538.41,34.06,36.8,,34.06,FAIL,1,anomaly
VEH-0248,9,Body,FALSE,419.37,470.78,,54,,51.41,FAIL,1,anomaly
VEH-0248,11,Body,TRUE,527.86,557.32,29.46,30.8,,29.46,FAIL,1,anomaly
VEH-0248,22,Paint,TRUE,1037.41,1075.17,37.76,35.6,,37.76,FAIL,1,anomaly
VEH-0248,26,Final Assembly,TRUE,1207.61,1273.05,65.44,61.4,,65.44,FAIL,1,anomaly
VEH-0248,32,Final Assembly,TRUE,1501.18,1537.72,36.54,36.8,,36.54,FAIL,1,anomaly
VEH-0249,13,Body,TRUE,640.13,701.08,60.95,63.3,47.31,60.95,FAIL,1,anomaly
VEH-0249,15,Body,FALSE,738.23,775.14,,37.3,,36.91,FAIL,1,anomaly
VEH-0249,22,Paint,TRUE,1047.69,1086.93,39.24,35.6,,39.24,FAIL,1,anomaly
VEH-0249,32,Final Assembly,TRUE,1513.05,1545.44,32.39,36.8,,32.39,FAIL,1,anomaly
VEH-0250,11,Body,TRUE,516.63,548.67,32.04,30.8,,32.04,FAIL,1,anomaly
VEH-0250,22,Paint,TRUE,1025.72,1062.08,36.36,35.6,,36.36,FAIL,1,anomaly
VEH-0250,26,Final Assembly,TRUE,1199.62,1257.03,57.41,61.4,,57.41,FAIL,1,anomaly
VEH-0250,32,Final Assembly,TRUE,1497.1,1531.45,34.35,36.8,,34.35,FAIL,1,anomaly
VEH-0251,11,Body,TRUE,522.06,553.93,31.87,30.8,,31.87,FAIL,1,anomaly
VEH-0251,13,Body,TRUE,614.41,678.06,63.65,63.3,43.43,63.65,FAIL,1,anomaly
VEH-0251,15,Body,FALSE,718.8,756.16,,37.3,,37.36,FAIL,1,anomaly
VEH-0251,32,Final Assembly,TRUE,1491.87,1530.28,38.41,36.8,,38.41,FAIL,1,anomaly
VEH-0252,15,Body,FALSE,728.35,763.32,,37.3,,34.97,FAIL,1,anomaly
VEH-0253,11,Body,TRUE,523.05,553.59,30.54,30.8,,30.54,FAIL,1,anomaly
VEH-0253,13,Body,TRUE,622.06,682.62,60.56,63.3,44.98,60.56,FAIL,1,anomaly
VEH-0253,15,Body,FALSE,719.99,756.69,,37.3,,36.7,FAIL,1,anomaly
VEH-0253,32,Final Assembly,TRUE,1506.62,1545.06,38.44,36.8,,38.44,FAIL,1,anomaly
VEH-0254,15,Body,FALSE,712.85,752.69,,37.3,,39.84,FAIL,1,anomaly
VEH-0254,22,Paint,TRUE,1017.85,1053.43,35.58,35.6,,35.58,FAIL,1,anomaly
VEH-0255,9,Body,FALSE,418.17,475.66,,54,,57.49,FAIL,1,anomaly
VEH-0255,13,Body,TRUE,633.18,693.44,60.26,63.3,45.55,60.26,FAIL,1,anomaly
VEH-0255,15,Body,FALSE,729.81,764.89,,37.3,,35.08,FAIL,1,anomaly
VEH-0255,22,Paint,TRUE,1043.69,1080.81,37.12,35.6,,37.12,FAIL,1,anomaly
VEH-0255,26,Final Assembly,TRUE,1219.98,1282.03,62.05,61.4,,62.05,FAIL,1,anomaly
VEH-0255,32,Final Assembly,TRUE,1510.19,1546.73,36.54,36.8,,36.54,FAIL,1,anomaly
VEH-0256,13,Body,TRUE,623.87,683.39,59.52,63.3,47.39,59.52,FAIL,1,anomaly
VEH-0256,15,Body,FALSE,720.41,757.93,,37.3,,37.52,FAIL,1,anomaly
VEH-0256,32,Final Assembly,TRUE,1483.89,1519.46,35.57,36.8,,35.57,FAIL,1,anomaly
VEH-0257,5,Body,TRUE,219.68,255.47,35.79,36.2,,35.79,FAIL,1,baseline
VEH-0257,9,Body,FALSE,403.16,450.64,,54,,47.48,FAIL,1,anomaly
VEH-0257,13,Body,TRUE,607.67,669.21,61.54,63.3,41.76,61.54,FAIL,1,anomaly
VEH-0257,15,Body,FALSE,706.14,745.65,,37.3,,39.51,FAIL,1,anomaly
VEH-0257,22,Paint,TRUE,1021.34,1059.56,38.22,35.6,,38.22,FAIL,1,anomaly
VEH-0258,9,Body,FALSE,416.65,473.31,,54,,56.66,FAIL,1,anomaly
VEH-0258,11,Body,TRUE,531.69,562.99,31.3,30.8,,31.3,FAIL,1,anomaly
VEH-0258,13,Body,TRUE,634.94,694.63,59.69,63.3,45.71,59.69,FAIL,1,anomaly
VEH-0258,15,Body,FALSE,729.33,765.91,,37.3,,36.58,FAIL,1,anomaly
VEH-0258,26,Final Assembly,TRUE,1207.46,1267.35,59.89,61.4,,59.89,FAIL,1,anomaly
VEH-0259,13,Body,TRUE,622.89,691.53,68.64,63.3,46.85,68.64,FAIL,1,anomaly
VEH-0259,32,Final Assembly,TRUE,1523.04,1558.62,35.58,36.8,,35.58,FAIL,1,anomaly
VEH-0260,9,Body,FALSE,415.97,471.86,,54,,55.89,FAIL,1,anomaly
VEH-0260,11,Body,TRUE,529.27,561.12,31.85,30.8,,31.85,FAIL,1,anomaly
VEH-0260,13,Body,TRUE,631.48,696.98,65.5,63.3,43.45,65.5,FAIL,1,anomaly
VEH-0260,15,Body,FALSE,737.94,775.02,,37.3,,37.08,FAIL,1,anomaly
VEH-0260,22,Paint,TRUE,1055.64,1091.58,35.94,35.6,,35.94,FAIL,1,anomaly
VEH-0260,26,Final Assembly,TRUE,1225.56,1291.73,66.17,61.4,,66.17,FAIL,1,anomaly
VEH-0261,9,Body,FALSE,402.93,460.86,,54,,57.93,FAIL,1,anomaly
VEH-0261,11,Body,TRUE,515.88,545.72,29.84,30.8,,29.84,FAIL,1,anomaly
VEH-0261,13,Body,TRUE,607.93,676.02,68.09,63.3,44.63,68.09,FAIL,1,anomaly
VEH-0261,22,Paint,TRUE,1027.43,1063.1,35.67,35.6,,35.67,FAIL,1,anomaly
VEH-0261,32,Final Assembly,TRUE,1479.63,1518.55,38.92,36.8,,38.92,FAIL,1,anomaly
VEH-0262,9,Body,FALSE,398.3,453.56,,54,,55.26,FAIL,1,anomaly
VEH-0262,11,Body,TRUE,517.66,546.95,29.29,30.8,,29.29,FAIL,1,anomaly
VEH-0262,13,Body,TRUE,610.37,669.68,59.31,63.3,45.58,59.31,FAIL,1,anomaly
VEH-0262,15,Body,FALSE,711.55,750.42,,37.3,,38.87,FAIL,1,anomaly
VEH-0263,11,Body,TRUE,519.51,550.18,30.67,30.8,,30.67,FAIL,1,anomaly
VEH-0263,13,Body,TRUE,625.22,688.84,63.62,63.3,47.48,63.62,FAIL,1,anomaly
VEH-0263,15,Body,FALSE,727.77,767.93,,37.3,,40.16,FAIL,1,anomaly
VEH-0263,22,Paint,TRUE,1046.73,1085.6,38.87,35.6,,38.87,FAIL,1,anomaly
VEH-0263,26,Final Assembly,TRUE,1222.53,1286.54,64.01,61.4,,64.01,FAIL,1,anomaly
VEH-0264,9,Body,FALSE,418.53,468.2,,54,,49.67,FAIL,1,anomaly
VEH-0264,13,Body,TRUE,629.07,692.28,63.21,63.3,47.09,63.21,FAIL,1,anomaly
VEH-0264,15,Body,FALSE,727.6,769.13,,37.3,,41.53,FAIL,1,anomaly
VEH-0264,22,Paint,TRUE,1054.46,1088.92,34.46,35.6,,34.46,FAIL,1,anomaly
VEH-0264,26,Final Assembly,TRUE,1224.47,1281.49,57.02,61.4,,57.02,FAIL,1,baseline
VEH-0264,32,Final Assembly,TRUE,1510.25,1545.83,35.58,36.8,,35.58,FAIL,1,anomaly
VEH-0265,9,Body,FALSE,402.22,447.29,,54,,45.07,FAIL,1,anomaly
VEH-0265,11,Body,TRUE,505.15,531.52,26.37,30.8,,26.37,FAIL,1,anomaly
VEH-0265,13,Body,TRUE,599.91,663.19,63.28,63.3,41.28,63.28,FAIL,1,baseline
VEH-0265,15,Body,FALSE,705.4,741.12,,37.3,,35.72,FAIL,1,anomaly
VEH-0265,26,Final Assembly,TRUE,1180.65,1242.38,61.73,61.4,,61.73,FAIL,1,anomaly
VEH-0265,32,Final Assembly,TRUE,1471.5,1507.74,36.24,36.8,,36.24,FAIL,1,anomaly
VEH-0266,9,Body,FALSE,407.58,461.16,,54,,53.58,FAIL,1,anomaly
VEH-0266,11,Body,TRUE,519.39,548.98,29.59,30.8,,29.59,FAIL,1,anomaly
VEH-0266,13,Body,TRUE,612.75,677.84,65.09,63.3,45.91,65.09,FAIL,1,anomaly
VEH-0266,15,Body,FALSE,718.84,755.74,,37.3,,36.9,FAIL,1,anomaly
VEH-0266,26,Final Assembly,TRUE,1197.45,1258.39,60.94,61.4,,60.94,FAIL,1,baseline
VEH-0267,9,Body,FALSE,419.55,472.25,,54,,52.7,FAIL,1,anomaly
VEH-0267,15,Body,FALSE,721.55,757.49,,37.3,,35.94,FAIL,1,anomaly
VEH-0267,22,Paint,TRUE,1035.74,1070.24,34.5,35.6,,34.5,FAIL,1,anomaly
VEH-0268,9,Body,FALSE,405.16,459.95,,54,,54.79,FAIL,1,anomaly
VEH-0268,13,Body,TRUE,621.29,676.06,54.77,63.3,45.18,54.77,FAIL,1,anomaly
VEH-0268,15,Body,FALSE,715.58,753.4,,37.3,,37.82,FAIL,1,anomaly
VEH-0268,22,Paint,TRUE,1037.28,1072.22,34.94,35.6,,34.94,FAIL,1,anomaly
VEH-0269,9,Body,FALSE,406.6,456.72,,54,,50.12,FAIL,1,anomaly
VEH-0269,13,Body,TRUE,610.4,677.48,67.08,63.3,43.21,67.08,FAIL,1,anomaly
VEH-0269,26,Final Assembly,TRUE,1187.94,1246.3,58.36,61.4,,58.36,FAIL,1,anomaly
VEH-0269,32,Final Assembly,TRUE,1466.98,1504.25,37.27,36.8,,37.27,FAIL,1,anomaly
VEH-0270,9,Body,FALSE,406.42,462.93,,54,,56.51,FAIL,1,anomaly
VEH-0270,15,Body,FALSE,725.57,762.29,,37.3,,36.72,FAIL,1,anomaly
VEH-0270,26,Final Assembly,TRUE,1211.67,1275.85,64.18,61.4,,64.18,FAIL,1,anomaly
VEH-0271,11,Body,TRUE,525.49,554.16,28.67,30.8,,28.67,FAIL,1,anomaly
VEH-0271,22,Paint,TRUE,1031.07,1065.63,34.56,35.6,,34.56,FAIL,1,anomaly
VEH-0271,26,Final Assembly,TRUE,1197.84,1263.48,65.64,61.4,,65.64,FAIL,1,anomaly
VEH-0272,11,Body,TRUE,528.08,556.39,28.31,30.8,,28.31,FAIL,1,anomaly
VEH-0272,13,Body,TRUE,627.55,688.97,61.42,63.3,46.68,61.42,FAIL,1,anomaly
VEH-0272,15,Body,FALSE,726.74,763.26,,37.3,,36.52,FAIL,1,anomaly
VEH-0272,22,Paint,TRUE,1035.24,1070.89,35.65,35.6,,35.65,FAIL,1,anomaly
VEH-0272,26,Final Assembly,TRUE,1208.68,1267.25,58.57,61.4,,58.57,FAIL,1,anomaly
VEH-0273,9,Body,FALSE,409.85,463.9,,54,,54.05,FAIL,1,anomaly
VEH-0273,13,Body,TRUE,629.46,690.17,60.71,63.3,43.54,60.71,FAIL,1,anomaly
VEH-0273,22,Paint,TRUE,1044.99,1081.43,36.44,35.6,,36.44,FAIL,1,anomaly
VEH-0274,9,Body,FALSE,411.33,464.56,,54,,53.23,FAIL,1,anomaly
VEH-0274,26,Final Assembly,TRUE,1222.3,1278.52,56.22,61.4,,56.22,FAIL,1,anomaly
VEH-0274,32,Final Assembly,TRUE,1512.39,1544.73,32.34,36.8,,32.34,FAIL,1,anomaly
VEH-0275,9,Body,FALSE,403.71,455.28,,54,,51.57,FAIL,1,anomaly
VEH-0275,22,Paint,TRUE,1037.75,1073.62,35.87,35.6,,35.87,FAIL,1,anomaly
VEH-0275,26,Final Assembly,TRUE,1205.83,1262.43,56.6,61.4,,56.6,FAIL,1,anomaly
VEH-0275,32,Final Assembly,TRUE,1486.38,1521.16,34.78,36.8,,34.78,FAIL,1,anomaly
VEH-0276,11,Body,TRUE,530.16,562.21,32.05,30.8,,32.05,FAIL,1,anomaly
VEH-0276,13,Body,TRUE,628.91,692.13,63.22,63.3,41.95,63.22,FAIL,1,anomaly
VEH-0276,22,Paint,TRUE,1052.8,1089.72,36.92,35.6,,36.92,FAIL,1,anomaly
VEH-0277,13,Body,TRUE,610.51,678.87,68.36,63.3,46.29,68.36,FAIL,1,anomaly
VEH-0277,15,Body,FALSE,716.69,755.04,,37.3,,38.35,FAIL,1,anomaly
VEH-0277,22,Paint,TRUE,1033.97,1067.43,33.46,35.6,,33.46,FAIL,1,anomaly
VEH-0277,26,Final Assembly,TRUE,1199.26,1260.15,60.89,61.4,,60.89,FAIL,1,anomaly
VEH-0277,32,Final Assembly,TRUE,1490.81,1527.53,36.72,36.8,,36.72,FAIL,1,anomaly
VEH-0278,9,Body,FALSE,420.99,472.81,,54,,51.82,FAIL,1,anomaly
VEH-0278,11,Body,TRUE,533.7,564.95,31.25,30.8,,31.25,FAIL,1,anomaly
VEH-0278,22,Paint,TRUE,1030.21,1066.35,36.14,35.6,,36.14,FAIL,1,anomaly
VEH-0279,22,Paint,TRUE,1027.54,1064.76,37.22,35.6,,37.22,FAIL,1,anomaly
VEH-0279,26,Final Assembly,TRUE,1201.88,1266.02,64.14,61.4,,64.14,FAIL,1,anomaly
VEH-0280,9,Body,FALSE,406.59,458.31,,54,,51.72,FAIL,1,anomaly
VEH-0280,22,Paint,TRUE,1021.43,1057.09,35.66,35.6,,35.66,FAIL,1,anomaly
VEH-0280,32,Final Assembly,TRUE,1486.67,1523.14,36.47,36.8,,36.47,FAIL,1,anomaly
VEH-0281,9,Body,FALSE,419.99,471.95,,54,,51.96,FAIL,1,anomaly
VEH-0281,11,Body,TRUE,526.99,557.06,30.07,30.8,,30.07,FAIL,1,anomaly
VEH-0281,15,Body,FALSE,733.78,769.21,,37.3,,35.43,FAIL,1,anomaly
VEH-0282,9,Body,FALSE,413.04,461.91,,54,,48.87,FAIL,1,anomaly
VEH-0282,11,Body,TRUE,524.49,554.7,30.21,30.8,,30.21,FAIL,1,anomaly
VEH-0282,13,Body,TRUE,628.57,691.56,62.99,63.3,45.97,62.99,FAIL,1,anomaly
VEH-0282,26,Final Assembly,TRUE,1217.01,1277.08,60.07,61.4,,60.07,FAIL,1,anomaly
VEH-0282,32,Final Assembly,TRUE,1503.05,1540.82,37.77,36.8,,37.77,FAIL,1,anomaly
VEH-0283,11,Body,TRUE,518.07,550.02,31.95,30.8,,31.95,FAIL,1,anomaly
VEH-0283,22,Paint,TRUE,1023.41,1062.98,39.57,35.6,,39.57,FAIL,1,anomaly
VEH-0283,26,Final Assembly,TRUE,1196.38,1263.09,66.71,61.4,,66.71,FAIL,1,baseline
VEH-0283,32,Final Assembly,TRUE,1493.61,1532.86,39.25,36.8,,39.25,FAIL,1,anomaly
VEH-0284,11,Body,TRUE,530.37,562.26,31.89,30.8,,31.89,FAIL,1,anomaly
VEH-0284,22,Paint,TRUE,1047.17,1083.13,35.96,35.6,,35.96,FAIL,1,anomaly
VEH-0285,11,Body,TRUE,518.17,550.2,32.03,30.8,,32.03,FAIL,1,anomaly
VEH-0285,15,Body,FALSE,718.67,755.29,,37.3,,36.62,FAIL,1,anomaly
VEH-0285,26,Final Assembly,TRUE,1193.07,1255.73,62.66,61.4,,62.66,FAIL,1,anomaly
VEH-0286,9,Body,FALSE,391.49,446.74,,54,,55.25,FAIL,1,anomaly
VEH-0286,11,Body,TRUE,504.75,535.66,30.91,30.8,,30.91,FAIL,1,anomaly
VEH-0286,13,Body,TRUE,603.48,667.49,64.01,63.3,45.32,64.01,FAIL,1,anomaly
VEH-0286,22,Paint,TRUE,1018.69,1051.82,33.13,35.6,,33.13,FAIL,1,anomaly
VEH-0286,26,Final Assembly,TRUE,1187.6,1251.84,64.24,61.4,,64.24,FAIL,1,anomaly
VEH-0286,32,Final Assembly,TRUE,1482.95,1521.77,38.82,36.8,,38.82,FAIL,1,anomaly
VEH-0287,11,Body,TRUE,533.36,565.13,31.77,30.8,,31.77,FAIL,1,anomaly
VEH-0287,13,Body,TRUE,634.68,699.63,64.95,63.3,43.97,64.95,FAIL,1,anomaly
VEH-0287,15,Body,FALSE,738.38,771.69,,37.3,,33.31,FAIL,1,anomaly
VEH-0287,22,Paint,TRUE,1045.49,1081.93,36.44,35.6,,36.44,FAIL,1,anomaly
VEH-0287,26,Final Assembly,TRUE,1222.51,1284.11,61.6,61.4,,61.6,FAIL,1,anomaly
VEH-0288,9,Body,FALSE,416.86,471.67,,54,,54.81,FAIL,1,anomaly
VEH-0288,13,Body,TRUE,637.39,704.45,67.06,63.3,46.28,67.06,FAIL,1,anomaly
VEH-0288,15,Body,FALSE,744.8,783.42,,37.3,,38.62,FAIL,1,anomaly
VEH-0288,22,Paint,TRUE,1057.43,1092.04,34.61,35.6,,34.61,FAIL,1,anomaly
VEH-0289,9,Body,FALSE,406.47,458.98,,54,,52.51,FAIL,1,anomaly
VEH-0289,11,Body,TRUE,517.43,550.28,32.85,30.8,,32.85,FAIL,1,baseline
VEH-0290,13,Body,TRUE,629.89,688.85,58.96,63.3,43.63,58.96,FAIL,1,anomaly
VEH-0290,15,Body,FALSE,727.25,763.86,,37.3,,36.61,FAIL,1,anomaly
VEH-0290,26,Final Assembly,TRUE,1215.03,1278.05,63.02,61.4,,63.02,FAIL,1,anomaly
VEH-0290,32,Final Assembly,TRUE,1507.25,1542.64,35.39,36.8,,35.39,FAIL,1,anomaly
VEH-0291,9,Body,FALSE,408.58,465.03,,54,,56.45,FAIL,1,anomaly
VEH-0291,13,Body,TRUE,623.89,689.51,65.62,63.3,46.2,65.62,FAIL,1,anomaly
VEH-0291,15,Body,FALSE,727.44,766.8,,37.3,,39.36,FAIL,1,baseline
VEH-0291,22,Paint,TRUE,1036.16,1073.77,37.61,35.6,,37.61,FAIL,1,anomaly
VEH-0291,32,Final Assembly,TRUE,1485.24,1522.95,37.71,36.8,,37.71,FAIL,1,anomaly
VEH-0292,9,Body,FALSE,400.69,454.61,,54,,53.92,FAIL,1,anomaly
VEH-0292,15,Body,FALSE,710.95,750.74,,37.3,,39.79,FAIL,1,anomaly
VEH-0292,22,Paint,TRUE,1028.74,1064.41,35.67,35.6,,35.67,FAIL,1,anomaly
VEH-0292,32,Final Assembly,TRUE,1482.65,1518.74,36.09,36.8,,36.09,FAIL,1,anomaly
VEH-0293,9,Body,FALSE,414.46,469.71,,54,,55.25,FAIL,1,anomaly
VEH-0293,11,Body,TRUE,528.84,560.3,31.46,30.8,,31.46,FAIL,1,anomaly
VEH-0294,13,Body,TRUE,625.39,685.55,60.16,63.3,46.6,60.16,FAIL,1,anomaly
VEH-0294,22,Paint,TRUE,1040.18,1077.37,37.19,35.6,,37.19,FAIL,1,anomaly
VEH-0294,26,Final Assembly,TRUE,1218.52,1283.09,64.57,61.4,,64.57,FAIL,1,anomaly
VEH-0294,32,Final Assembly,TRUE,1520.22,1557.94,37.72,36.8,,37.72,FAIL,1,anomaly
VEH-0295,9,Body,FALSE,425.86,481.81,,54,,55.95,FAIL,1,anomaly
VEH-0295,11,Body,TRUE,540.86,573.76,32.9,30.8,,32.9,FAIL,1,anomaly
VEH-0295,13,Body,TRUE,643.6,705.3,61.7,63.3,45.12,61.7,FAIL,1,anomaly
VEH-0295,32,Final Assembly,TRUE,1540.46,1576.23,35.77,36.8,,35.77,FAIL,1,anomaly
VEH-0296,9,Body,FALSE,409.42,462.59,,54,,53.17,FAIL,1,anomaly
VEH-0296,11,Body,TRUE,522.47,556.85,34.38,30.8,,34.38,FAIL,1,anomaly
VEH-0296,13,Body,TRUE,621.72,682.55,60.83,63.3,43.65,60.83,FAIL,1,anomaly
VEH-0296,15,Body,FALSE,725.11,764.06,,37.3,,38.95,FAIL,1,anomaly
VEH-0296,22,Paint,TRUE,1039.63,1078.21,38.58,35.6,,38.58,FAIL,1,anomaly
VEH-0296,32,Final Assembly,TRUE,1504.19,1538.97,34.78,36.8,,34.78,FAIL,1,anomaly
VEH-0297,9,Body,FALSE,412.65,470.47,,54,,57.82,FAIL,1,anomaly
VEH-0297,11,Body,TRUE,531.25,562.88,31.63,30.8,,31.63,FAIL,1,anomaly
VEH-0297,15,Body,FALSE,743.38,786.44,,37.3,,43.06,FAIL,1,anomaly
VEH-0297,26,Final Assembly,TRUE,1220.23,1281.13,60.9,61.4,,60.9,FAIL,1,anomaly
VEH-0297,32,Final Assembly,TRUE,1517.18,1551.36,34.18,36.8,,34.18,FAIL,1,anomaly
VEH-0298,9,Body,FALSE,415.72,470.74,,54,,55.02,FAIL,1,anomaly
VEH-0298,15,Body,FALSE,723.51,761.34,,37.3,,37.83,FAIL,1,anomaly
VEH-0298,26,Final Assembly,TRUE,1207.66,1267.6,59.94,61.4,,59.94,FAIL,1,anomaly
VEH-0298,32,Final Assembly,TRUE,1489.57,1526.92,37.35,36.8,,37.35,FAIL,1,anomaly
VEH-0299,13,Body,TRUE,623.03,692.57,69.54,63.3,43.44,69.54,FAIL,1,anomaly
VEH-0299,15,Body,FALSE,731.15,767.53,,37.3,,36.38,FAIL,1,anomaly
VEH-0299,26,Final Assembly,TRUE,1225.62,1285.79,60.17,61.4,,60.17,FAIL,1,anomaly
VEH-0300,11,Body,TRUE,512.77,541.63,28.86,30.8,,28.86,FAIL,1,anomaly
VEH-0300,22,Paint,TRUE,1025.03,1060.87,35.84,35.6,,35.84,FAIL,1,anomaly
